Area,Item,Year,average_rain_fall_mm_per_year,pesticides_tonnes,avg_temp,hg/ha_yield
China,Sweet potatoes,2018,713.62,80.64,27.52,121650.2
France,Yams,2013,2022.49,7.9,30.77,40395.3
United States,Cassava,2010,1928.95,52.29,12.18,86015.3
Germany,Plantains and others,2005,851.76,9.75,28.08,71594.0
China,Sweet potatoes,1992,2607.83,62.02,23.71,43743.8
France,Plantains and others,1991,2115.85,34.0,15.17,51384.4
Argentina,Yams,2003,1294.97,15.06,31.64,48458.7
Indonesia,Wheat,2018,2914.84,79.61,36.43,7462.1
South Africa,Wheat,2020,2781.25,9.63,17.1,15100.6
Argentina,Potatoes,2013,1198.91,21.49,26.11,181228.2
Japan,Sorghum,2004,662.75,5.79,23.01,15202.1
India,Rice,1997,2241.22,78.76,13.93,21245.9
Australia,Sweet potatoes,2017,2616.69,53.82,20.6,76378.2
France,Yams,2011,2684.2,36.95,15.11,42480.7
India,Rice,1994,1771.58,78.69,24.84,33616.0
Germany,Plantains and others,2002,764.81,118.05,24.36,99357.2
South Africa,Wheat,2012,1892.37,43.81,17.28,26773.0
Indonesia,Rice,2017,2803.15,87.54,28.47,24735.7
Germany,Cassava,2017,811.63,31.94,34.97,53371.9
Nigeria,Sorghum,2022,961.97,57.16,12.01,22124.2
Brazil,Sorghum,1995,1630.09,32.01,17.77,14724.5
Mexico,Cassava,2001,904.99,39.38,19.82,116054.5
Mexico,Maize,2006,946.99,192.78,22.69,54153.3
Brazil,Maize,1991,1686.62,34.69,26.38,34508.6
China,Sweet potatoes,2000,1235.03,18.86,32.88,60508.3
Canada,Cassava,2005,2538.85,24.34,16.85,56123.2
China,Rice,2008,2191.22,87.91,21.07,33856.9
India,Yams,2000,1154.99,11.02,36.04,33523.4
Brazil,Plantains and others,1996,2047.96,89.97,26.44,38849.4
France,Soybeans,2021,1972.68,25.7,21.08,19923.2
China,Rice,2013,1332.62,114.36,34.12,36528.9
Brazil,Sorghum,2014,214.17,13.77,26.27,16788.5
Brazil,Cassava,2005,2984.48,14.67,12.47,36425.2
Mexico,Yams,1996,2218.63,23.41,26.11,41335.5
Indonesia,Rice,2011,883.17,185.62,22.22,60270.7
France,Potatoes,2019,2006.29,60.27,34.47,62807.3
China,Rice,2006,2984.74,36.74,19.27,17602.9
Mexico,Soybeans,2018,1398.92,175.04,37.05,14895.4
China,Maize,2010,734.55,20.63,24.62,44155.4
Australia,Cassava,1992,1796.17,10.11,27.99,61527.2
Nigeria,Cassava,1991,911.66,22.5,20.39,131864.1
Nigeria,Plantains and others,2015,2468.32,105.9,35.74,22372.4
Nigeria,Plantains and others,2009,2019.9,65.53,32.69,30902.6
United States,Potatoes,2021,1819.18,6.83,24.11,178722.6
Australia,Cassava,2011,900.7,6.98,19.88,117509.3
France,Yams,1994,1480.34,97.27,17.05,95686.3
Nigeria,Rice,2005,2932.39,41.31,20.4,20076.3
Nigeria,Plantains and others,2015,270.98,169.37,33.74,46630.4
Germany,Sorghum,1990,685.22,13.51,18.51,21121.3
Japan,Yams,1990,2873.62,71.95,26.41,32329.9
Japan,Cassava,1992,893.65,27.0,31.7,57482.4
Australia,Plantains and others,2010,1525.72,14.51,23.28,96927.3
Australia,Sweet potatoes,1999,2857.61,113.88,18.78,87997.5
Mexico,Wheat,2005,1998.77,6.34,27.23,18208.4
Mexico,Wheat,2001,1286.88,56.54,23.91,34091.5
India,Rice,2022,2024.16,16.58,19.12,41135.3
Japan,Potatoes,2012,399.33,24.21,33.97,71454.5
United States,Soybeans,2000,2656.92,71.41,32.89,8873.8
China,Sorghum,1999,1385.72,47.03,26.97,13469.8
Nigeria,Maize,2021,1154.25,138.51,34.32,46663.9
Nigeria,Maize,2002,2271.74,18.61,21.82,23697.5
Indonesia,Sorghum,2002,2707.47,29.65,12.28,10280.0
Brazil,Sorghum,2001,1193.73,162.1,29.6,11369.6
France,Soybeans,2001,1120.26,60.82,31.56,16354.2
Egypt,Sweet potatoes,2003,1738.68,34.13,35.08,56159.9
Australia,Sorghum,2006,483.14,9.39,30.23,12808.0
Egypt,Plantains and others,2016,2177.48,9.24,14.21,63626.4
Egypt,Sweet potatoes,1993,1180.61,66.58,24.52,153307.5
Nigeria,Cassava,2016,896.43,25.04,23.3,138646.6
China,Plantains and others,2017,2348.15,91.52,31.35,19606.5
Japan,Rice,2017,2894.08,28.49,19.43,17956.1
Australia,Cassava,2021,1756.81,24.48,13.13,111857.6
Canada,Soybeans,2008,2914.05,42.02,28.36,11724.3
Indonesia,Soybeans,1992,2723.24,7.33,19.31,12089.4
Indonesia,Yams,2001,498.92,25.45,16.41,103698.6
Germany,Potatoes,2017,1208.97,20.05,23.78,235147.7
Egypt,Maize,2022,1351.38,51.16,19.04,60611.8
Argentina,Soybeans,2014,1371.08,139.95,34.52,20752.6
Nigeria,Soybeans,2022,2377.29,37.73,37.62,6944.4
Indonesia,Sorghum,2016,1793.43,8.28,12.96,16137.2
France,Maize,1995,2136.8,43.22,31.5,22202.1
France,Soybeans,1999,2579.01,19.21,23.71,11171.6
Brazil,Maize,2002,780.24,110.28,31.68,40298.7
Indonesia,Cassava,1992,1656.46,100.59,26.35,92347.0
South Africa,Soybeans,2019,2417.09,49.57,24.48,13284.0
Canada,Potatoes,2023,1181.65,49.57,22.2,245622.6
Argentina,Rice,2023,1175.12,41.08,32.37,50808.6
India,Rice,1994,2430.12,35.75,33.89,15895.2
Germany,Maize,2009,1485.58,200.68,24.81,56432.1
Argentina,Rice,2012,558.53,13.24,15.61,31508.6
China,Yams,1993,1167.87,118.55,24.32,80151.9
Brazil,Plantains and others,2008,2501.01,26.16,21.04,38449.0
France,Cassava,1995,537.78,35.88,17.36,113450.4
Australia,Sorghum,2011,428.93,108.41,35.94,7486.3
Australia,Maize,1990,436.65,50.48,37.64,22647.8
Germany,Plantains and others,2012,1687.54,68.74,13.62,81167.5
Brazil,Yams,1996,2124.06,98.04,31.49,26280.6
Nigeria,Sorghum,2017,256.2,24.44,17.5,19102.4
South Africa,Plantains and others,2014,2693.48,50.02,29.66,27002.7
Argentina,Wheat,2011,1843.16,73.41,23.22,31565.7
Australia,Rice,1995,2719.01,51.77,18.35,15089.6
India,Sorghum,2011,830.93,27.73,24.68,20103.2
Nigeria,Yams,1998,424.65,42.17,22.67,109363.3
Argentina,Wheat,1995,2930.19,38.74,30.8,8250.2
United States,Sorghum,2004,1698.1,37.37,33.8,6823.4
India,Wheat,2001,521.54,52.16,19.5,37760.6
South Africa,Soybeans,2000,2809.64,24.33,27.44,9337.3
Nigeria,Soybeans,1999,2971.89,24.46,33.06,7441.3
Argentina,Maize,1998,2328.64,50.27,24.26,17718.7
France,Maize,2003,2812.23,240.14,17.33,17153.3
Brazil,Rice,1990,2275.14,47.72,33.89,19449.1
France,Rice,1994,859.94,55.22,35.6,25251.9
Japan,Sorghum,2014,2112.35,35.07,30.56,7106.1
Nigeria,Maize,2004,1816.96,26.95,22.18,45736.6
South Africa,Potatoes,1995,2831.53,54.4,20.71,77251.3
China,Maize,2019,2702.9,82.7,15.94,17095.3
Japan,Maize,2016,2283.05,6.71,26.82,21856.3
Indonesia,Maize,2002,509.77,98.69,15.31,46056.9
Argentina,Yams,2018,1711.61,38.31,22.63,106157.5
Canada,Plantains and others,2016,1167.95,15.02,35.62,53288.7
Indonesia,Cassava,1997,1386.07,21.98,27.99,94940.2
Germany,Yams,2001,486.2,130.51,32.54,46973.3
Mexico,Soybeans,2017,1248.42,8.57,14.01,18714.3
Indonesia,Wheat,2012,2778.36,106.97,25.49,15589.3
Argentina,Yams,2010,1262.06,73.18,17.35,118596.5
Argentina,Rice,2014,2617.85,133.17,24.11,24449.1
Canada,Potatoes,2006,1843.79,6.67,35.73,69236.8
Indonesia,Wheat,2013,1072.12,80.82,19.22,40391.0
Germany,Plantains and others,2010,1642.49,190.54,23.93,92522.6
India,Yams,1996,1867.08,8.47,31.5,39815.4
Brazil,Yams,2021,1511.05,54.04,21.82,103127.9
South Africa,Maize,1991,1696.48,37.8,24.92,40219.1
Argentina,Rice,1993,709.4,103.95,36.6,20358.9
Germany,Potatoes,2022,271.08,13.49,30.62,116047.5
India,Yams,1992,847.01,60.72,12.51,91985.7
Brazil,Rice,2022,1758.82,68.79,32.94,35456.7
South Africa,Yams,2021,2595.95,93.66,22.33,43020.0
United States,Sweet potatoes,1996,1973.07,71.57,34.05,46547.8
China,Rice,2018,1379.99,116.59,33.25,34027.7
Brazil,Potatoes,2012,295.84,93.79,20.97,172960.6
United States,Sorghum,2011,2383.32,11.07,26.71,7606.3
United States,Maize,2006,952.3,44.0,28.47,55847.3
Egypt,Sweet potatoes,2011,2537.8,213.03,25.67,69963.8
United States,Cassava,2010,2482.15,39.47,13.75,49948.8
Egypt,Soybeans,2001,777.98,5.55,15.56,27234.2
France,Sorghum,1996,1805.22,96.04,22.51,16371.4
South Africa,Plantains and others,1991,665.59,71.98,14.15,70755.9
Canada,Soybeans,2000,1195.88,68.48,19.73,29636.5
Indonesia,Rice,2023,1310.62,159.05,15.51,44419.3
Brazil,Wheat,2006,1589.83,50.42,20.69,29707.6
United States,Plantains and others,1998,410.39,70.13,24.88,82468.7
Brazil,Sweet potatoes,1992,417.74,5.12,37.16,56060.1
United States,Cassava,2001,1210.73,9.8,35.85,45709.0
Brazil,Yams,1997,1989.06,76.16,30.83,36392.8
Mexico,Cassava,2014,2729.42,57.02,30.02,35334.9
Nigeria,Plantains and others,2006,705.61,46.96,35.8,43227.7
Nigeria,Soybeans,1998,739.28,11.12,22.97,30167.9
Nigeria,Wheat,2007,1662.82,56.72,28.9,26605.6
Brazil,Yams,2023,2678.0,42.78,23.47,49067.5
India,Yams,1993,2414.02,24.19,28.27,25906.7
Germany,Plantains and others,1991,268.32,107.05,12.55,72997.3
Canada,Rice,2018,2348.13,30.7,24.48,39219.3
Mexico,Sorghum,1999,456.76,25.5,25.59,13808.7
China,Potatoes,2007,854.1,7.15,12.46,162108.6
Argentina,Sorghum,2013,548.43,161.65,32.75,10304.8
Mexico,Sweet potatoes,2013,1508.72,52.52,16.34,132329.6
China,Wheat,1997,2839.65,57.44,27.8,8902.5
Egypt,Potatoes,2015,302.85,162.64,33.48,99461.0
France,Soybeans,2012,2674.6,136.38,37.87,4962.0
United States,Potatoes,2006,630.91,89.6,17.84,208158.6
Japan,Yams,2014,1860.23,48.39,14.38,72736.8
Brazil,Sorghum,2014,2586.14,6.8,20.56,8303.9
France,Sorghum,2000,443.56,31.25,21.69,19708.0
United States,Plantains and others,1995,2893.94,10.8,35.26,14399.9
United States,Maize,2021,1645.02,123.5,26.85,55781.3
Indonesia,Maize,2013,2432.79,58.71,34.12,20860.1
Japan,Sorghum,2014,2804.25,10.59,30.17,5129.8
Egypt,Plantains and others,2020,2512.29,11.9,20.71,49551.5
Argentina,Sweet potatoes,2007,2490.31,94.23,25.19,62584.2
Mexico,Maize,2020,1254.75,5.46,33.29,39536.2
Brazil,Cassava,2019,251.6,33.3,33.84,41506.1
Japan,Soybeans,2011,2824.24,63.22,13.76,7320.8
Germany,Maize,2011,2184.0,37.08,13.51,22106.4
Japan,Wheat,2001,268.84,6.12,20.41,26628.1
Canada,Rice,2012,1448.53,20.98,37.93,20663.9
Argentina,Sweet potatoes,2018,2142.31,17.47,14.14,73988.2
Indonesia,Wheat,2000,965.13,155.66,15.93,43956.2
Canada,Soybeans,2009,1313.26,21.03,37.58,13392.9
Australia,Maize,2004,2288.34,16.18,34.57,16239.8
Germany,Yams,2014,2632.14,79.94,32.04,27512.4
China,Potatoes,1996,1953.42,12.03,12.85,106940.4
South Africa,Sorghum,2003,1875.32,51.74,18.44,15173.1
Indonesia,Sorghum,2011,1829.52,20.67,32.74,7721.4
France,Yams,2007,2105.28,30.17,37.34,21323.5
Canada,Cassava,2014,2608.34,80.67,13.03,51514.4
Germany,Maize,2021,251.43,37.92,17.47,45634.0
Australia,Maize,2021,2835.47,8.76,25.89,23446.5
United States,Sweet potatoes,2015,2130.5,85.62,17.2,114385.3
Germany,Sweet potatoes,2000,547.82,118.27,27.46,140708.5
United States,Sorghum,2001,2638.71,67.6,32.84,4306.8
Canada,Sweet potatoes,2009,1748.4,50.5,32.38,65774.4
South Africa,Plantains and others,2000,2229.51,49.98,28.91,30703.0
Japan,Sorghum,2008,2932.42,25.54,16.74,8184.7
Germany,Rice,2007,258.41,57.96,20.64,39912.3
Egypt,Yams,1992,428.27,30.81,17.73,98368.8
Germany,Sweet potatoes,2019,2890.19,31.88,34.0,28542.5
China,Soybeans,2017,1238.91,224.7,13.04,18626.1
Australia,Wheat,2023,1562.67,108.35,35.42,17763.4
Nigeria,Cassava,2001,1274.77,36.35,33.74,56795.4
South Africa,Wheat,2012,1971.11,28.33,25.33,20406.5
France,Soybeans,2003,1641.49,27.25,27.42,21329.5
Germany,Sorghum,1991,2602.36,5.45,27.3,5353.3
China,Yams,2012,1470.61,18.46,13.91,89232.6
Germany,Plantains and others,2019,608.12,34.84,27.28,77672.1
Egypt,Maize,2009,1262.2,51.51,21.28,67894.2
Germany,Yams,2017,2619.81,45.84,26.04,42915.9
United States,Wheat,2003,359.84,42.88,36.35,15563.2
India,Soybeans,2003,2126.98,30.32,24.48,15355.9
Egypt,Potatoes,2018,2630.17,35.32,25.41,111278.6
Nigeria,Wheat,2005,2831.5,71.01,16.22,16454.1
India,Soybeans,1997,637.26,18.37,37.05,13590.2
Australia,Sweet potatoes,1999,249.04,19.0,33.6,52836.2
India,Yams,2001,516.71,84.36,35.89,45291.8
France,Soybeans,2015,1176.01,13.68,27.73,27583.6
India,Sorghum,2014,2638.11,81.25,26.74,8026.2
South Africa,Cassava,1993,2069.26,87.47,31.82,35521.8
Nigeria,Sorghum,2008,2632.92,28.55,19.72,8528.0
Germany,Maize,1996,1777.63,28.94,26.26,41501.9
India,Maize,2021,1245.11,17.89,13.9,44682.1
United States,Plantains and others,1998,1263.4,104.51,25.5,95577.0
Germany,Cassava,2018,1155.49,28.92,22.37,146661.4
Indonesia,Sweet potatoes,2010,748.18,5.38,28.83,156960.3
China,Sorghum,2000,1264.21,15.98,24.46,15552.8
France,Wheat,2016,2802.9,42.99,27.1,12478.2
China,Plantains and others,2019,2205.22,20.92,22.75,46416.6
Nigeria,Plantains and others,2002,716.84,22.5,32.63,46549.1
Mexico,Plantains and others,2009,1553.93,86.99,26.31,76682.9
Indonesia,Sweet potatoes,2010,2675.78,17.94,17.51,73571.4
Mexico,Plantains and others,1997,2355.85,45.67,18.65,40605.7
Germany,Wheat,1999,2466.68,77.76,15.89,13460.0
United States,Sweet potatoes,1994,670.44,71.76,34.43,64714.8
Argentina,Soybeans,2017,777.32,55.8,18.68,28434.9
South Africa,Sorghum,2014,2965.8,12.33,30.07,4690.0
Egypt,Sweet potatoes,2000,2975.52,11.87,14.71,58114.9
Indonesia,Plantains and others,2021,967.65,9.14,14.23,104530.8
Nigeria,Sorghum,1993,1438.75,94.15,29.41,12816.1
Mexico,Soybeans,1997,2022.46,43.07,20.43,17328.9
Germany,Sweet potatoes,1991,1216.24,274.97,23.61,130151.7
Mexico,Wheat,2011,1774.43,163.06,16.56,28014.2
South Africa,Plantains and others,2019,1461.04,75.56,21.04,100497.0
China,Yams,1992,2796.1,18.37,22.38,35767.0
South Africa,Sorghum,2010,460.2,19.86,32.49,9383.5
France,Maize,2005,1619.15,13.68,13.64,28522.5
Egypt,Potatoes,2010,1169.7,18.66,25.25,211790.0
China,Rice,2012,2838.68,108.31,16.21,16575.8
China,Soybeans,2001,2805.67,11.19,33.25,8133.5
South Africa,Rice,2013,1690.95,68.9,15.67,38964.6
Brazil,Soybeans,1991,630.62,17.66,36.89,10836.0
Australia,Potatoes,2014,1810.46,37.63,20.16,167525.6
South Africa,Cassava,1992,2867.83,92.21,29.32,31975.9
Mexico,Potatoes,2010,272.27,12.26,37.04,77307.0
United States,Wheat,2018,495.86,56.2,17.62,42695.7
Germany,Potatoes,2012,625.67,8.17,32.3,94582.6
Japan,Potatoes,2020,2146.1,210.76,18.22,119986.9
France,Rice,1998,2391.55,20.42,16.62,23569.1
Nigeria,Wheat,2006,851.41,17.47,16.52,45567.5
Germany,Wheat,1996,1671.41,37.85,16.6,29948.3
United States,Sweet potatoes,2016,1372.03,83.11,27.14,145408.2
Australia,Sweet potatoes,1994,802.57,5.61,18.27,155876.8
India,Rice,2000,1472.26,98.01,14.55,37238.4
South Africa,Plantains and others,1993,2621.05,18.95,28.94,25025.8
Australia,Cassava,2010,2877.42,12.14,14.66,58341.6
Egypt,Yams,1990,2464.87,8.97,19.26,45001.6
France,Yams,2017,1984.16,58.85,35.27,31756.7
India,Yams,2004,2690.29,34.95,34.94,17183.5
Egypt,Yams,2012,2205.71,8.74,13.85,59530.0
India,Yams,1994,1624.02,29.52,24.01,74271.8
South Africa,Soybeans,2021,392.4,32.61,14.15,16809.9
Argentina,Maize,1997,2353.82,54.0,21.93,19740.7
South Africa,Wheat,2014,1684.85,7.14,37.18,11749.4
China,Soybeans,2001,1528.14,11.05,24.64,21729.5
Canada,Potatoes,1999,1147.15,136.61,17.84,242951.4
Mexico,Sorghum,2003,1430.33,52.46,36.52,7316.8
South Africa,Rice,2010,1000.54,89.63,34.4,32492.4
Germany,Maize,2007,1981.0,17.49,37.44,16450.2
Germany,Sweet potatoes,2021,696.8,44.38,37.6,83665.3
Germany,Cassava,2018,2238.25,10.71,29.82,37931.8
Canada,Cassava,2022,1623.41,22.66,26.69,110287.4
Germany,Sweet potatoes,2014,2331.14,13.72,24.0,63370.3
United States,Plantains and others,2014,1754.24,71.04,28.02,64392.4
Egypt,Potatoes,2002,1708.35,42.13,34.05,80587.1
United States,Sorghum,2009,1115.41,13.06,19.95,23151.4
Brazil,Yams,1993,1279.05,56.55,32.29,41349.6
France,Cassava,2010,281.4,14.13,16.71,109320.1
India,Wheat,1996,1546.72,56.41,13.69,32601.5
Mexico,Wheat,2013,2094.11,86.73,19.02,26643.5
India,Rice,2008,363.94,25.34,32.41,34112.3
Japan,Rice,2019,1118.94,33.46,14.3,37851.8
India,Wheat,2017,2259.86,325.27,36.26,7181.6
China,Wheat,2016,2120.55,241.23,31.43,13394.7
Egypt,Sweet potatoes,2015,1845.75,15.2,21.42,147553.0
France,Rice,2008,926.03,33.08,34.69,27391.6
China,Soybeans,2010,1482.92,37.98,15.47,19294.1
Brazil,Potatoes,1990,2384.6,5.35,13.49,58764.4
Argentina,Sorghum,2009,2039.47,161.88,13.79,12801.9
Brazil,Sweet potatoes,2017,2403.95,189.11,21.65,66269.7
Egypt,Plantains and others,2002,950.79,13.5,34.18,45321.1
France,Sorghum,1993,1082.53,78.89,14.25,17268.7
Mexico,Potatoes,2000,2897.5,46.07,36.36,32138.8
France,Sorghum,2010,918.28,58.09,17.15,20618.0
India,Yams,2008,1064.36,151.91,37.15,45455.2
Nigeria,Sorghum,2011,1771.42,42.05,14.98,20480.2
Germany,Potatoes,2011,1736.75,52.45,17.88,175172.5
United States,Soybeans,2011,2579.93,60.29,24.02,14080.1
Japan,Rice,2011,1013.65,82.32,14.91,36359.4
Argentina,Rice,2021,924.14,14.0,20.59,51527.3
Indonesia,Wheat,2004,773.67,110.12,34.87,16992.9
Mexico,Sorghum,2017,2361.63,6.38,13.7,8286.7
Mexico,Rice,2022,1294.04,85.06,21.67,45121.3
France,Rice,2000,770.55,42.05,19.47,38346.0
China,Sorghum,2010,1074.58,56.46,17.09,20149.0
Indonesia,Wheat,2001,664.9,52.53,21.44,43901.2
Canada,Potatoes,2022,1874.72,6.7,21.46,189082.0
China,Soybeans,2019,1922.83,9.36,34.94,12750.1
India,Sweet potatoes,2010,2230.52,24.51,37.92,33259.7
India,Rice,1993,2214.19,115.48,14.06,21611.5
Brazil,Soybeans,2017,2602.9,90.48,26.06,10516.4
Argentina,Potatoes,1998,1201.84,39.08,33.53,87103.5
France,Plantains and others,2017,2512.74,10.3,18.24,40157.2
Australia,Potatoes,2000,2023.21,53.5,21.16,126500.6
Germany,Soybeans,2000,2562.46,19.65,12.81,6549.4
Mexico,Rice,2017,2108.67,14.14,29.04,36785.9
Mexico,Maize,2012,415.82,25.8,34.53,32139.5
Brazil,Soybeans,2003,2730.1,18.25,32.99,6912.5
Brazil,Potatoes,2022,2647.83,5.01,16.4,71686.9
France,Wheat,1997,560.78,31.62,32.86,12641.0
India,Wheat,2014,1380.04,6.38,37.12,15007.5
Brazil,Rice,2008,2453.74,5.91,37.03,10912.9
Canada,Sorghum,2008,2643.71,10.97,30.3,5347.1
India,Sorghum,2014,2508.7,8.86,17.89,8895.6
China,Sorghum,1993,2656.27,109.89,20.59,7622.7
South Africa,Maize,2001,1831.86,274.49,34.25,30866.1
France,Soybeans,2009,816.63,38.51,31.18,23213.7
India,Rice,2023,2661.14,47.41,25.45,22763.9
Germany,Yams,2001,1500.41,12.4,20.86,92330.2
Brazil,Soybeans,2009,2408.65,56.03,29.59,9550.3
Indonesia,Wheat,2001,1565.47,57.81,36.71,16417.0
Mexico,Maize,2012,1339.52,116.04,12.08,31983.8
Australia,Cassava,2016,592.07,21.2,37.26,56834.2
South Africa,Yams,2009,779.58,41.34,12.14,78612.3
South Africa,Maize,1997,302.82,10.72,20.81,41066.5
Canada,Plantains and others,1998,2486.71,21.74,33.27,18484.3
Brazil,Soybeans,2002,2091.18,7.29,23.72,15754.9
Mexico,Yams,2001,2088.9,22.6,30.68,33972.1
France,Plantains and others,1997,2616.07,5.11,30.66,20380.9
South Africa,Wheat,2022,1477.46,28.03,15.15,36032.4
China,Yams,2022,1331.87,24.36,31.5,65707.0
United States,Plantains and others,2000,1876.34,39.87,15.61,65890.9
Egypt,Sorghum,2017,681.18,55.79,31.27,16287.0
United States,Yams,2006,2145.67,43.02,23.67,61606.7
Japan,Sweet potatoes,2004,322.47,11.56,26.52,120778.7
Indonesia,Sorghum,2017,1284.7,100.47,22.5,23109.1
Egypt,Sweet potatoes,2019,1449.97,85.07,33.38,67598.3
Canada,Plantains and others,2022,1672.28,40.84,16.31,94921.5
China,Sweet potatoes,1990,1168.46,13.39,12.66,125954.2
India,Maize,1994,1687.04,97.17,27.09,44744.3
India,Cassava,2020,2127.17,12.57,24.63,70521.4
Australia,Wheat,2016,784.82,134.94,22.77,41597.7
United States,Rice,1995,2317.4,35.67,19.52,28920.6
Indonesia,Sweet potatoes,1993,2985.6,44.41,14.29,65832.8
India,Wheat,2021,1153.08,43.98,16.01,46629.6
France,Cassava,2012,1433.24,23.0,18.74,142834.4
Australia,Rice,2010,1158.85,20.75,37.13,22168.2
Japan,Yams,2002,1953.46,38.56,22.45,68967.9
Brazil,Maize,2007,1945.54,47.13,28.14,30682.6
India,Soybeans,2008,570.64,49.95,27.58,24721.2
Japan,Cassava,2001,306.35,73.49,26.28,90002.3
South Africa,Sorghum,2001,2914.9,153.91,25.34,6938.2
Indonesia,Wheat,2000,769.02,76.73,22.05,33925.6
India,Potatoes,2003,1476.74,34.3,27.66,185261.1
Nigeria,Wheat,1998,366.52,5.16,28.65,22972.4
Brazil,Cassava,1994,1629.21,54.25,36.09,35019.0
Indonesia,Potatoes,2018,285.54,107.81,25.71,232435.0
Egypt,Potatoes,2013,2252.54,42.6,32.63,58305.2
Brazil,Rice,1997,2985.02,9.71,12.06,9439.9
India,Soybeans,2004,599.98,75.01,31.99,22204.2
Argentina,Sorghum,1990,2568.58,52.54,14.3,6780.0
South Africa,Wheat,2020,384.83,26.45,14.89,34435.4
Japan,Potatoes,2008,1663.21,22.8,14.0,168266.0
Germany,Cassava,1991,404.13,30.78,19.68,109241.9
Nigeria,Potatoes,1992,2449.75,137.41,22.53,83152.1
Nigeria,Soybeans,1990,1737.15,17.38,12.88,14364.9
France,Rice,2008,2013.89,11.56,35.11,18530.4
China,Plantains and others,1997,1753.04,55.68,25.68,60454.1
Germany,Potatoes,2013,1011.92,46.42,15.12,222055.2
Argentina,Sweet potatoes,2003,2669.58,91.8,30.76,40914.9
Germany,Sorghum,2004,487.7,15.48,32.36,9752.9
Nigeria,Maize,2013,2550.15,5.19,18.42,24284.3
Japan,Sorghum,2017,485.3,27.33,19.03,19233.7
United States,Wheat,2004,2840.35,32.44,21.81,16834.8
Germany,Yams,2006,2123.65,39.04,22.08,68422.4
Argentina,Plantains and others,2012,911.85,109.18,16.75,116204.4
Germany,Yams,2000,2862.16,65.62,19.75,45184.9
Australia,Soybeans,2006,1208.14,162.1,25.01,30194.6
Brazil,Sorghum,2007,1976.39,78.65,12.07,11036.4
Japan,Soybeans,2020,2215.03,28.19,34.61,9378.8
Mexico,Cassava,2011,804.07,61.63,27.8,97136.1
China,Sweet potatoes,2007,2263.87,188.63,13.36,62097.2
Indonesia,Yams,1990,2692.6,21.94,21.56,38035.6
Australia,Soybeans,2002,1261.46,25.58,12.5,17328.5
South Africa,Wheat,1999,287.98,71.63,20.59,30204.1
China,Sorghum,2015,2097.12,23.69,32.12,5914.7
Mexico,Maize,2017,2932.84,11.71,12.44,13924.9
France,Potatoes,1995,1419.42,25.18,20.89,183048.1
Australia,Sweet potatoes,1996,1174.67,28.24,12.04,149191.8
China,Sweet potatoes,1998,1731.5,93.53,27.76,80509.3
Mexico,Yams,2011,626.52,119.86,30.46,70983.4
Germany,Sweet potatoes,2015,1830.18,236.31,18.22,146143.1
China,Yams,2000,2895.75,8.93,21.51,35735.8
Egypt,Plantains and others,2015,2572.14,23.93,19.18,47463.7
Mexico,Soybeans,1993,1286.86,61.06,18.76,23763.7
Indonesia,Yams,2020,2181.62,8.21,15.83,65861.8
China,Soybeans,2000,324.78,31.86,19.85,20211.3
France,Plantains and others,1994,1938.54,137.02,31.78,35646.1
South Africa,Plantains and others,2002,1484.07,46.15,34.46,36332.8
India,Maize,2000,2420.8,101.13,18.29,19170.6
Egypt,Cassava,2005,1982.31,39.48,22.57,95310.4
Egypt,Soybeans,2007,1861.97,8.79,28.18,23360.6
Indonesia,Plantains and others,1993,2522.3,70.86,21.23,39098.1
United States,Potatoes,1997,652.68,37.4,30.68,141167.6
Canada,Maize,2006,655.56,46.63,32.06,46003.5
China,Plantains and others,2017,2793.34,17.98,28.49,28754.1
Australia,Yams,1991,1641.11,87.58,18.6,88647.3
China,Plantains and others,1998,630.66,235.69,36.83,31766.6
Egypt,Maize,2018,1548.34,55.45,14.36,37405.4
United States,Maize,2018,1779.41,27.2,29.07,42517.2
India,Potatoes,2015,2771.07,10.37,25.15,76805.4
France,Wheat,2000,1777.31,32.89,20.48,28791.8
Brazil,Rice,1996,2703.46,151.36,35.21,12274.1
China,Plantains and others,2004,1724.62,16.44,18.64,69214.6
Nigeria,Rice,2017,1980.92,27.66,19.68,45315.2
Canada,Yams,2023,2366.94,26.74,33.44,24122.5
Egypt,Potatoes,2012,327.13,22.13,36.21,100188.9
Egypt,Sorghum,1995,352.98,185.74,17.88,17970.3
France,Cassava,2009,845.17,5.07,30.96,78331.1
Japan,Soybeans,2012,1906.97,118.19,33.27,15518.3
South Africa,Rice,2005,2311.9,29.98,27.36,27179.6
Australia,Plantains and others,2021,668.5,80.85,27.18,98409.2
Indonesia,Plantains and others,2006,1884.35,22.59,30.58,46813.8
Argentina,Maize,2014,681.85,184.53,23.67,60023.5
Mexico,Potatoes,2004,2200.11,35.97,35.95,44441.2
India,Sorghum,2023,2459.8,15.86,20.98,10117.7
China,Cassava,1992,532.85,77.35,29.45,80620.0
Brazil,Maize,2015,656.5,82.14,31.1,36935.3
India,Potatoes,2008,2390.08,11.64,32.74,40355.8
China,Sweet potatoes,2013,2173.64,89.95,26.21,73348.0
Mexico,Maize,2008,1402.87,23.47,24.54,50361.1
China,Sorghum,2020,1067.41,22.13,34.66,8277.1
Egypt,Rice,1997,901.31,54.02,26.87,52792.1
Canada,Soybeans,1994,1188.28,53.55,20.69,26145.5
Germany,Sorghum,2003,1895.41,19.19,21.25,14189.1
France,Cassava,1991,775.12,29.02,37.53,43253.2
Indonesia,Wheat,1996,1970.39,16.09,22.88,23929.0
United States,Yams,1999,2761.25,5.58,23.7,42120.2
India,Plantains and others,1991,2917.89,11.01,22.49,36719.6
India,Sorghum,2016,1655.17,8.85,27.74,15534.1
Egypt,Potatoes,2005,1965.96,44.88,29.93,108190.7
China,Cassava,2016,1405.05,64.5,23.91,102470.5
Argentina,Rice,1991,948.73,5.76,37.09,21974.7
Indonesia,Maize,1991,2625.07,151.62,14.75,15252.6
France,Plantains and others,2004,796.64,144.89,12.17,91076.8
Japan,Sorghum,2017,1956.96,29.36,36.34,6201.0
China,Sorghum,2008,2881.23,30.46,33.83,3325.9
India,Cassava,1999,223.3,33.42,14.41,93384.4
Argentina,Soybeans,2014,1415.26,19.97,23.29,31572.9
Egypt,Sorghum,2009,771.27,58.06,33.28,11449.3
Argentina,Wheat,2022,800.34,20.79,18.44,41990.8
South Africa,Rice,2022,2084.04,9.23,36.74,18948.2
United States,Plantains and others,2008,1581.8,21.66,32.46,43979.1
Mexico,Sweet potatoes,2016,1660.06,8.55,21.65,109617.3
Japan,Sorghum,1995,2439.21,25.29,34.5,3109.7
Australia,Cassava,2004,379.22,92.08,19.6,127963.2
Egypt,Plantains and others,2002,1042.93,39.92,13.46,110639.5
Nigeria,Maize,1992,1347.08,58.24,18.77,46578.6
France,Cassava,2018,397.38,15.27,29.27,87205.2
Brazil,Wheat,1993,1009.72,23.54,18.5,31721.8
Australia,Yams,2012,913.67,72.84,13.99,120413.9
France,Sweet potatoes,2005,2653.69,10.41,22.21,61681.5
Japan,Rice,2011,1660.48,84.11,34.99,27821.7
Argentina,Sorghum,2011,1028.64,35.73,22.69,17889.0
Argentina,Wheat,2012,1402.9,72.47,34.44,16903.0
Indonesia,Cassava,2022,1166.64,31.74,31.04,92652.4
South Africa,Rice,1999,1976.99,48.63,15.08,26842.3
Nigeria,Sweet potatoes,2008,1139.89,74.19,26.87,139994.9
Argentina,Sorghum,2022,1401.04,43.92,30.11,13165.0
United States,Potatoes,2002,2637.48,54.9,25.85,81131.7
France,Maize,2018,1429.47,201.7,25.32,55526.9
Nigeria,Rice,1990,250.75,83.69,13.8,24286.0
Argentina,Rice,2018,1959.59,63.34,18.59,46221.6
Indonesia,Sorghum,2005,769.62,11.81,19.42,23674.3
South Africa,Sweet potatoes,2018,713.64,101.54,34.95,65340.9
Mexico,Sorghum,2007,2724.97,16.37,13.74,7581.2
Indonesia,Cassava,2001,708.83,72.95,34.05,59560.4
United States,Potatoes,2002,2450.68,33.41,37.93,35863.2
Japan,Plantains and others,1992,816.31,26.58,21.69,79944.4
Canada,Wheat,2020,2184.54,5.42,17.66,21137.9
Egypt,Maize,2017,1969.57,10.01,14.7,32085.5
Australia,Sorghum,2021,1650.42,12.56,29.45,13239.6
Germany,Sweet potatoes,1998,1171.5,29.78,16.13,158879.4
Australia,Soybeans,2011,2323.15,23.33,22.79,11065.9
Mexico,Cassava,1991,1389.58,124.21,25.18,90266.9
Nigeria,Plantains and others,2007,2883.79,33.2,26.28,42468.6
Argentina,Sorghum,1992,2829.39,55.58,20.44,7342.9
South Africa,Plantains and others,2002,2033.19,91.8,13.64,51110.9
Argentina,Soybeans,2004,2378.47,76.53,16.88,10066.4
Germany,Maize,1997,287.22,20.03,12.88,26728.1
Brazil,Soybeans,2004,1760.54,6.99,29.34,18649.2
Mexico,Yams,2018,1421.97,59.95,14.45,102546.9
Canada,Yams,2022,1814.77,8.48,14.47,100270.1
Brazil,Plantains and others,2016,876.19,7.06,22.69,96261.5
Brazil,Maize,2000,1209.2,81.56,26.72,49643.6
Indonesia,Rice,2020,2340.19,53.87,31.82,28173.5
Argentina,Sweet potatoes,1992,1948.92,104.91,27.26,84170.3
Canada,Rice,1991,2180.71,29.65,17.95,31233.8
Nigeria,Rice,2013,1261.56,28.22,28.08,52548.7
Germany,Soybeans,1993,2610.93,35.92,36.44,6631.5
Canada,Potatoes,2007,508.18,134.54,28.42,174930.2
Egypt,Sorghum,1999,1753.13,73.88,33.07,7403.2
Argentina,Maize,2001,318.56,48.34,23.78,46694.3
Indonesia,Yams,2009,2890.58,43.39,24.7,42846.3
France,Potatoes,1991,2779.66,48.76,27.41,57447.1
Japan,Yams,2015,436.78,51.68,34.91,41250.8
Japan,Sweet potatoes,2016,2264.79,21.88,32.87,30845.2
Egypt,Sweet potatoes,1997,2834.17,79.79,15.33,76133.7
France,Sweet potatoes,2001,2487.53,100.71,36.39,25477.3
Nigeria,Potatoes,2023,1529.86,7.84,36.5,84836.8
Argentina,Wheat,2009,2924.62,76.21,37.16,5549.8
Canada,Yams,1997,815.18,6.04,33.49,43128.0
China,Maize,2002,375.18,16.82,33.03,31440.6
Argentina,Yams,2012,476.03,93.4,30.37,65557.7
Indonesia,Soybeans,1999,1615.42,12.78,28.22,23949.5
India,Maize,2020,1058.1,91.41,13.48,34731.2
United States,Yams,1998,734.03,26.31,26.23,96538.4
Mexico,Sorghum,2009,244.3,41.99,24.24,15802.3
Argentina,Sorghum,2001,1552.91,96.08,21.4,17987.0
Nigeria,Sweet potatoes,1993,1365.21,41.06,35.49,68150.9
India,Maize,1995,1789.64,48.29,24.73,34586.4
Mexico,Sweet potatoes,2014,2276.49,21.38,15.42,74570.2
Germany,Yams,2019,2591.93,38.74,22.57,49047.2
Mexico,Cassava,1997,1239.27,82.01,18.57,126389.0
Brazil,Plantains and others,2001,1759.0,98.26,32.69,32625.4
Argentina,Sorghum,2010,2647.4,19.36,18.84,8103.6
United States,Plantains and others,2009,1254.28,18.2,18.9,93541.4
Australia,Yams,1997,2778.07,7.04,19.58,44599.5
Canada,Yams,2015,2400.28,49.57,12.17,48920.6
United States,Sweet potatoes,2007,1636.18,65.88,36.31,66299.5
Japan,Potatoes,2019,1531.93,61.1,31.84,98041.8
China,Rice,2004,2749.7,40.65,25.03,17525.2
China,Sweet potatoes,2019,1743.25,33.83,33.82,46027.6
Japan,Maize,2003,2761.9,15.48,35.98,10486.0
Canada,Maize,2000,1791.7,57.71,17.48,41610.9
Nigeria,Yams,1995,1224.48,24.14,31.49,59758.8
Indonesia,Rice,1997,2370.68,18.36,20.97,31217.5
Indonesia,Maize,2008,738.47,22.52,28.11,58475.6
Brazil,Soybeans,1993,1181.16,127.05,20.83,26909.4
Egypt,Maize,2008,1073.26,25.77,14.05,42211.3
Australia,Maize,2007,2976.75,43.94,37.61,10309.9
Germany,Cassava,2016,458.61,13.88,27.48,108227.3
Nigeria,Yams,2003,1456.58,127.23,16.92,115596.1
Australia,Yams,2008,2732.21,90.03,31.68,27639.0
Argentina,Maize,2001,2621.9,19.35,30.65,17335.4
China,Sweet potatoes,2012,1036.8,10.66,23.44,156024.0
South Africa,Potatoes,1992,1157.9,33.1,33.6,73776.1
China,Maize,2004,2859.72,12.37,31.08,15329.3
France,Sorghum,2013,526.43,44.56,35.46,9367.2
Canada,Wheat,2007,496.39,108.19,25.6,33643.6
Mexico,Rice,1999,1115.03,5.54,33.49,32139.0
Nigeria,Soybeans,2018,833.57,118.02,32.37,28088.3
Germany,Yams,2019,2617.7,17.62,34.7,20733.2
Germany,Cassava,2019,927.08,179.87,23.21,151749.4
Nigeria,Potatoes,2020,347.74,63.88,23.91,232886.2
Egypt,Maize,2010,2286.5,8.98,35.29,14534.3
South Africa,Yams,2006,1118.9,16.73,14.2,84991.8
Brazil,Cassava,2003,1266.78,87.62,33.41,35751.5
Argentina,Maize,1995,2101.76,8.98,22.94,28708.4
China,Plantains and others,1995,651.41,58.42,37.25,34474.2
Egypt,Maize,2003,2565.61,17.68,18.22,24371.2
India,Rice,2008,848.14,62.18,36.44,26992.8
Mexico,Yams,2006,2717.93,168.85,23.55,44002.1
Argentina,Soybeans,1993,1757.72,6.48,35.59,13264.7
Japan,Wheat,2015,670.97,110.73,26.48,31400.0
Nigeria,Sorghum,1991,2681.31,141.14,35.83,3066.2
Japan,Plantains and others,2005,1328.99,74.8,25.81,71982.4
Canada,Potatoes,2012,2532.2,43.86,33.96,45546.5
Japan,Wheat,2012,1601.34,33.44,18.49,26756.1
China,Plantains and others,1995,1110.59,7.0,19.07,83626.8
China,Maize,1993,854.91,16.84,34.29,29343.5
China,Maize,2011,2393.23,20.46,37.75,9600.1
Egypt,Rice,2001,2046.62,63.24,15.13,30756.9
Nigeria,Wheat,2019,2373.61,11.99,26.7,15413.4
Australia,Sorghum,2003,2227.85,63.62,20.85,10274.4
Brazil,Plantains and others,2000,266.38,95.07,37.34,29646.0
India,Sweet potatoes,1991,2794.1,32.2,13.32,54709.7
Brazil,Potatoes,2015,2850.92,81.07,20.16,81624.8
Germany,Plantains and others,2002,1785.4,5.31,13.61,79274.2
Nigeria,Yams,2001,1349.39,13.92,17.77,121757.6
Mexico,Maize,2010,445.26,9.71,17.02,42417.6
South Africa,Soybeans,2012,791.15,74.81,13.33,18158.4
Japan,Soybeans,1992,1556.3,64.18,26.37,19470.3
Canada,Soybeans,2018,617.9,20.61,21.39,30719.7
United States,Cassava,1994,2516.6,48.95,20.78,48886.3
Japan,Cassava,2011,1144.47,23.69,15.17,122689.6
Brazil,Rice,1995,2650.33,83.16,15.67,12654.5
China,Soybeans,2012,2266.26,27.35,29.45,10991.1
Japan,Potatoes,1998,637.36,227.93,37.41,79853.7
France,Sorghum,2020,1010.43,36.53,28.1,18861.7
Australia,Wheat,1991,1932.56,59.74,25.02,22263.1
India,Yams,2000,1757.33,80.6,12.42,76132.0
Germany,Potatoes,2020,1518.66,38.89,17.07,228968.0
United States,Sweet potatoes,2013,1632.59,8.15,19.48,159860.6
Canada,Potatoes,2000,2571.28,24.6,29.59,67683.6
Germany,Potatoes,2019,1258.68,12.74,12.48,217400.4
Germany,Plantains and others,2022,1950.92,73.73,17.69,83926.3
United States,Sorghum,2021,1539.88,137.15,20.63,23537.6
Egypt,Plantains and others,1999,428.48,19.96,12.72,83406.6
Mexico,Wheat,2016,1973.55,86.87,22.34,29841.6
Germany,Soybeans,2009,1778.97,39.69,13.8,15909.5
Australia,Potatoes,2001,621.92,100.39,37.78,83423.5
South Africa,Cassava,2005,2984.36,51.5,20.01,51204.3
Brazil,Cassava,2012,203.11,20.87,17.67,114443.9
France,Wheat,2003,1438.63,7.17,29.8,20740.2
Japan,Soybeans,2016,1325.68,70.27,32.28,16004.1
France,Maize,2020,1103.63,45.41,15.85,46442.8
Argentina,Sorghum,2011,2065.55,229.75,17.87,14914.9
Nigeria,Yams,1990,1081.77,10.08,16.6,104379.9
Australia,Cassava,2005,2987.59,48.7,33.12,23129.0
France,Plantains and others,1990,1327.57,60.81,29.74,51666.2
Germany,Rice,1994,1819.78,64.11,30.22,35597.4
Nigeria,Sorghum,1993,1392.63,266.85,14.41,20719.3
Indonesia,Sorghum,2017,1440.49,53.0,34.1,10539.2
Mexico,Rice,1997,2897.74,10.72,24.44,19426.7
Mexico,Wheat,2008,2530.77,190.4,24.33,17148.2
South Africa,Sweet potatoes,2000,1985.77,90.76,13.08,103907.7
Indonesia,Wheat,2017,2714.22,88.02,27.16,15275.2
Argentina,Cassava,1996,1994.7,36.38,16.94,81084.6
France,Rice,2013,2787.5,189.81,33.66,17680.5
Egypt,Cassava,1993,1308.62,75.58,23.81,132009.3
Japan,Sweet potatoes,2012,1090.35,48.34,20.99,155505.2
Indonesia,Sorghum,2018,1150.05,40.25,16.21,21233.6
Egypt,Yams,2012,1361.89,70.56,15.52,119551.4
Egypt,Maize,1999,1536.77,51.04,27.13,44321.2
Germany,Maize,2023,306.64,53.38,30.15,44696.4
India,Wheat,1996,1866.64,107.75,27.0,23318.4
China,Potatoes,2016,1859.76,13.03,16.47,139380.9
Argentina,Rice,2020,1867.9,9.2,36.43,26033.4
South Africa,Wheat,2019,1082.03,83.37,35.81,17894.9
United States,Wheat,2015,975.79,146.41,15.23,45073.1
Mexico,Yams,2011,1514.65,32.47,37.89,38018.8
Australia,Sorghum,2022,617.59,82.07,28.07,20560.9
Japan,Sweet potatoes,2022,1787.3,26.66,27.87,95964.0
France,Sweet potatoes,2007,1878.49,121.35,21.96,115088.5
Canada,Plantains and others,1993,758.35,20.36,25.09,78284.7
Indonesia,Yams,1991,2512.61,54.91,32.39,18859.3
Germany,Sweet potatoes,2021,817.37,54.13,26.86,174830.1
France,Cassava,2012,2405.68,21.66,33.77,17486.2
Japan,Sweet potatoes,1992,716.49,16.3,22.05,137871.8
Germany,Cassava,2002,2866.76,112.52,19.04,52543.9
France,Rice,1992,399.24,47.65,26.72,31242.6
Germany,Sorghum,2003,2887.41,7.5,14.55,8985.1
Australia,Maize,2005,2558.06,22.59,14.01,16600.2
India,Sorghum,2015,2318.92,62.06,16.32,9277.5
Canada,Soybeans,2014,599.16,29.07,26.42,30838.1
Canada,Potatoes,2017,1997.09,31.45,24.73,142540.7
China,Maize,2023,316.0,176.79,26.3,50441.6
Nigeria,Yams,2019,1573.14,14.29,13.33,93784.9
Nigeria,Plantains and others,2001,403.66,21.47,21.1,101426.0
Brazil,Rice,2015,2648.06,93.78,17.84,15577.7
Indonesia,Sweet potatoes,2012,246.69,15.83,33.07,59250.5
Brazil,Maize,2017,2451.66,105.65,13.55,13728.7
Mexico,Rice,2005,2092.13,53.2,26.78,37833.2
Germany,Cassava,1997,644.46,154.06,34.87,48141.0
Canada,Sweet potatoes,2012,1849.26,144.57,21.1,129902.0
France,Maize,2012,1082.03,17.72,13.8,35104.0
United States,Sweet potatoes,2009,2158.15,25.07,31.36,54543.6
Argentina,Sorghum,2010,2258.07,52.09,24.69,8795.8
Germany,Soybeans,2006,2143.25,15.09,20.3,13851.4
Indonesia,Sorghum,2000,999.75,71.33,12.62,21860.3
France,Sweet potatoes,2022,455.98,54.13,26.31,146795.4
Japan,Yams,1990,749.62,6.14,34.4,37685.8
Japan,Potatoes,2008,2463.51,52.29,19.69,81710.3
India,Sorghum,2008,660.94,14.99,32.56,8644.6
France,Cassava,1995,1923.18,9.25,14.28,61520.6
Australia,Plantains and others,2019,2201.72,48.25,12.38,56174.2
Argentina,Wheat,1998,1064.65,22.37,18.92,30995.1
Egypt,Rice,1994,1483.85,46.57,29.24,50071.0
Japan,Plantains and others,1999,783.52,12.13,28.6,62971.0
South Africa,Sorghum,2000,817.82,12.43,34.34,8823.8
Germany,Plantains and others,1998,2328.02,23.74,22.68,36724.1
Nigeria,Sweet potatoes,2010,2816.72,23.08,32.33,37181.3
China,Potatoes,2006,710.88,172.92,23.13,208379.9
Nigeria,Plantains and others,1995,1227.49,12.96,17.37,104679.7
Canada,Cassava,2008,1665.54,132.24,33.11,44637.0
China,Sorghum,2004,2303.58,118.65,34.0,2876.8
Argentina,Sorghum,1997,430.74,50.81,24.63,15720.7
Argentina,Maize,2002,2639.68,81.88,19.12,19300.0
India,Sweet potatoes,2013,847.58,18.96,19.96,186054.9
Canada,Rice,2003,1447.15,9.4,29.75,44889.1
Canada,Cassava,1996,568.72,66.05,31.29,76301.6
Indonesia,Yams,1993,1949.94,55.85,19.99,78459.4
Egypt,Sweet potatoes,2000,2094.6,55.54,22.45,103699.5
Egypt,Soybeans,2006,1490.52,93.22,33.57,21169.0
South Africa,Wheat,2020,597.58,23.14,15.62,37899.6
United States,Potatoes,2003,1113.1,8.68,21.09,205509.0
South Africa,Rice,2002,1035.16,79.7,22.22,48195.2
India,Wheat,2002,2932.18,28.03,21.29,15000.4
Nigeria,Cassava,2018,293.15,11.5,22.81,107894.7
Canada,Yams,1991,405.42,59.41,27.48,71536.8
Indonesia,Soybeans,2005,2589.08,60.97,15.57,8826.6
Nigeria,Plantains and others,1991,2806.31,59.06,31.41,23320.2
China,Soybeans,2005,1253.96,47.29,24.45,24301.4
Egypt,Plantains and others,1991,200.64,128.26,33.94,35126.1
Canada,Cassava,2022,2227.28,137.12,23.19,77631.7
China,Yams,1993,878.09,8.79,31.34,45600.3
China,Sweet potatoes,1995,502.48,18.24,31.51,74550.9
Mexico,Yams,2002,427.26,35.09,31.22,59813.2
Argentina,Maize,2007,2624.9,5.5,32.23,17398.7
China,Plantains and others,1992,2462.59,24.34,26.62,29387.2
South Africa,Wheat,2018,2177.84,26.2,12.18,16136.5
Brazil,Plantains and others,1995,1144.53,92.87,12.02,67331.1
Argentina,Yams,1996,723.95,45.55,19.58,99267.0
South Africa,Rice,2019,1428.21,194.7,33.0,41162.8
Argentina,Maize,2019,368.64,22.67,19.75,57584.3
Egypt,Sweet potatoes,2004,2392.85,11.53,28.51,55255.3
India,Soybeans,1990,891.49,103.18,16.39,24030.5
Mexico,Cassava,2015,1632.99,78.36,36.3,46167.8
Germany,Sweet potatoes,2004,2659.56,157.37,31.62,36684.8
Brazil,Sweet potatoes,1991,669.19,23.58,25.09,124660.8
India,Wheat,1995,2420.76,17.46,16.83,14674.7
Australia,Sweet potatoes,2002,2875.82,158.56,21.16,74452.5
Nigeria,Potatoes,2022,1622.8,53.41,24.42,202895.5
Brazil,Plantains and others,2004,1959.99,55.16,23.71,64968.4
Argentina,Plantains and others,2007,2787.4,90.83,26.61,35504.8
Indonesia,Wheat,1999,615.82,50.37,33.17,14964.1
Brazil,Plantains and others,2001,1882.65,64.55,21.43,61929.7
South Africa,Maize,1991,1259.03,41.42,22.74,42341.0
India,Plantains and others,2000,356.07,52.06,18.26,80641.4
Egypt,Cassava,2013,612.06,22.69,14.33,132552.5
China,Sorghum,2006,512.17,47.25,27.12,15131.2
Canada,Plantains and others,2010,1730.7,112.92,26.4,69791.8
France,Wheat,2007,763.54,115.47,14.99,37153.6
United States,Wheat,2009,1832.76,48.25,13.42,28220.1
Nigeria,Soybeans,2008,443.91,38.41,29.98,22615.0
United States,Maize,2021,1569.34,26.67,35.65,36409.5
Mexico,Maize,1992,1414.34,99.35,21.44,45243.5
China,Wheat,1996,1149.82,44.33,13.07,27873.7
Australia,Sorghum,2005,1284.91,48.78,24.07,22976.0
China,Cassava,2005,2052.77,17.37,14.93,64911.4
Japan,Sorghum,2009,804.89,175.97,30.59,14964.8
South Africa,Potatoes,2019,1039.07,168.64,25.93,220818.3
France,Plantains and others,2017,1400.54,7.76,12.57,90268.7
Argentina,Sweet potatoes,2002,2057.27,96.35,26.32,87613.7
Nigeria,Rice,2001,2162.42,101.74,22.88,37138.7
United States,Rice,1995,1592.31,14.83,14.81,35548.1
Brazil,Soybeans,1996,1755.39,48.84,17.38,18109.9
Canada,Soybeans,1996,2573.13,15.03,23.19,11951.9
Egypt,Soybeans,2004,593.53,21.88,25.47,29318.4
France,Yams,2000,2172.14,136.97,31.21,28543.3
Germany,Plantains and others,2023,347.91,69.75,15.15,94117.4
India,Rice,2001,360.47,14.59,30.39,34546.8
France,Potatoes,2008,2783.29,76.82,27.38,70273.4
Japan,Yams,2000,1945.46,51.12,24.73,50800.7
China,Soybeans,1999,2476.81,19.89,32.13,8106.8
Germany,Plantains and others,2003,2596.8,74.31,32.93,16728.4
India,Sorghum,2015,2263.97,6.87,24.34,9576.5
Nigeria,Plantains and others,1995,1747.88,72.48,24.61,88919.8
Mexico,Sweet potatoes,2022,1401.62,8.89,14.76,158586.9
Canada,Plantains and others,1999,1613.75,78.21,13.61,77318.7
Egypt,Potatoes,2012,530.32,7.31,23.39,230684.5
United States,Soybeans,2007,481.58,29.98,28.03,26907.0
South Africa,Potatoes,2013,1928.21,113.06,18.02,160592.5
China,Sweet potatoes,2000,2631.96,46.58,25.43,52312.3
Brazil,Plantains and others,2007,1475.82,37.89,31.7,37205.0
India,Cassava,2001,2789.0,7.89,24.63,45354.3
Japan,Cassava,2008,1161.17,100.54,26.54,107965.8
Argentina,Plantains and others,2001,2737.45,73.02,25.85,35751.0
Nigeria,Soybeans,2015,2582.67,26.22,12.92,8959.5
Argentina,Sorghum,2002,2016.31,119.76,28.21,9821.9
Mexico,Plantains and others,1996,2329.12,61.41,19.83,35041.5
France,Wheat,1995,1527.64,17.8,28.03,22395.6
Canada,Maize,2002,564.99,16.38,32.0,43259.4
Mexico,Wheat,2005,2464.0,24.13,12.23,11147.5
Germany,Maize,1998,1707.42,127.22,22.09,38999.5
Brazil,Yams,1994,2935.5,15.35,23.58,38711.8
Indonesia,Plantains and others,1993,1959.81,17.11,28.31,50137.1
Brazil,Soybeans,1999,290.86,18.43,20.07,18414.4
Germany,Plantains and others,1993,2771.86,7.41,20.81,33863.7
Germany,Sweet potatoes,2023,2445.15,33.5,34.61,28580.3
South Africa,Sorghum,1993,1569.84,12.16,18.31,14189.4
Germany,Plantains and others,1994,1009.88,28.05,29.26,64683.4
Nigeria,Cassava,2015,1873.86,59.64,22.9,115637.0
Canada,Maize,1998,1838.83,19.81,36.28,22704.7
Brazil,Yams,2023,2599.14,36.45,21.35,44503.4
Argentina,Sorghum,2002,2620.23,35.52,24.35,7948.0
India,Cassava,2011,2618.19,292.37,23.1,54528.6
France,Sweet potatoes,1993,2657.7,16.41,33.49,22092.1
France,Soybeans,2004,1607.7,96.46,28.92,22479.1
South Africa,Potatoes,2009,2384.13,36.9,17.91,79732.0
United States,Potatoes,1994,220.0,35.51,20.56,166301.4
France,Sweet potatoes,1999,913.3,26.68,30.35,86642.3
Nigeria,Maize,2003,716.04,7.01,12.57,33718.0
Australia,Soybeans,2020,1360.34,142.31,23.88,34082.4
India,Yams,2018,2417.58,220.95,18.52,44722.6
Egypt,Cassava,1990,2398.53,38.41,36.58,21876.3
Germany,Sorghum,1994,599.88,48.35,19.35,18474.3
India,Rice,1990,1845.36,90.9,22.2,45200.2
Japan,Cassava,2009,1086.08,9.55,19.88,113812.9
Nigeria,Sweet potatoes,1995,1137.66,47.3,35.65,65617.5
Argentina,Potatoes,2008,2252.85,274.32,19.48,104520.0
India,Sweet potatoes,1993,2936.88,100.97,24.96,50029.0
Mexico,Rice,2003,1027.18,9.75,29.37,43863.0
India,Potatoes,2019,2362.03,14.34,22.0,84049.0
Germany,Yams,2011,2430.61,25.62,30.34,24474.4
India,Soybeans,1990,860.79,12.75,16.82,21221.2
Canada,Potatoes,2018,883.61,34.9,36.07,91812.8
Nigeria,Potatoes,2007,567.95,20.22,27.11,173259.0
Brazil,Rice,2007,893.37,26.39,35.28,28407.4
Egypt,Wheat,2017,1098.79,42.34,29.88,33035.3
Nigeria,Cassava,1993,2500.91,12.48,31.43,25527.7
France,Plantains and others,2001,1639.43,80.56,25.58,77925.0
South Africa,Sweet potatoes,2020,2579.85,28.97,24.9,64979.7
Indonesia,Potatoes,2023,2556.54,6.54,33.94,36966.8
Indonesia,Cassava,1999,533.26,8.57,24.57,117018.1
Nigeria,Maize,2002,1725.44,11.71,19.53,39416.0
Australia,Soybeans,1998,808.87,27.84,22.16,26894.1
Mexico,Wheat,1992,1444.31,23.07,30.63,16107.4
Mexico,Sorghum,2002,2603.3,98.17,21.35,7707.8
China,Maize,2006,2164.38,5.49,22.64,26715.8
Indonesia,Plantains and others,1992,1022.97,34.56,30.9,54212.6
Nigeria,Wheat,2002,830.45,59.28,27.85,32758.7
Brazil,Rice,1994,1651.18,69.05,16.53,37558.1
Australia,Plantains and others,2023,1444.96,6.37,23.68,102728.6
Egypt,Wheat,2023,922.7,36.18,15.47,47316.8
Japan,Maize,2000,657.95,23.13,28.15,45535.7
Egypt,Wheat,2004,2002.94,94.89,27.01,22520.7
India,Wheat,2011,2458.97,19.5,33.42,5341.1
Canada,Plantains and others,2007,816.92,10.45,27.21,87048.1
Germany,Potatoes,1991,1678.93,36.49,14.77,160897.3
Mexico,Wheat,2016,1084.08,53.58,17.72,40989.4
Australia,Sweet potatoes,1994,2840.35,52.13,33.71,25165.0
Japan,Sorghum,1993,1499.2,82.82,27.68,12950.3
Indonesia,Maize,2000,2230.91,95.51,37.34,13586.7
Argentina,Maize,2020,914.26,78.02,31.55,54745.8
Brazil,Wheat,1991,2513.89,65.45,23.94,11672.5
Japan,Cassava,2020,1995.04,23.67,25.66,68982.5
Argentina,Maize,1995,2758.85,203.28,29.21,20071.7
Indonesia,Plantains and others,2015,1083.87,11.69,29.04,87058.9
France,Maize,1992,2635.15,115.74,23.67,18246.9
Canada,Cassava,2015,885.03,32.35,33.81,61135.5
Mexico,Yams,2022,1741.6,15.69,14.65,88415.1
Japan,Sorghum,1998,455.79,75.66,27.14,15605.6
China,Wheat,2011,2853.83,30.26,15.25,12734.3
India,Soybeans,1998,995.36,267.71,37.13,13883.4
India,Rice,2017,1826.12,72.68,29.56,42424.9
South Africa,Plantains and others,1991,2093.35,102.81,37.03,18339.5
Australia,Plantains and others,2014,495.82,88.79,27.05,99472.0
United States,Plantains and others,2012,2465.75,60.86,24.93,42931.4
China,Yams,1990,253.67,33.28,12.86,75074.7
Indonesia,Yams,2015,1554.01,5.74,35.95,48185.5
Germany,Yams,2005,782.7,75.06,18.59,116901.2
Canada,Potatoes,1990,2313.52,23.51,23.65,83676.8
Japan,Rice,1999,206.51,211.54,35.56,16678.3
Australia,Maize,2022,489.73,58.44,35.58,35990.0
China,Sweet potatoes,2009,1468.07,150.68,29.6,89866.0
China,Cassava,2014,1641.4,41.0,14.79,96107.4
Indonesia,Rice,2013,2001.6,15.98,14.54,33217.3
United States,Sorghum,2011,842.3,17.31,13.42,23051.3
Japan,Sweet potatoes,2015,1475.59,115.81,26.81,128397.3
Brazil,Maize,2009,970.07,17.66,34.28,31305.1
China,Potatoes,2001,1569.87,17.28,14.04,138876.9
Canada,Plantains and others,2006,2867.94,18.68,28.23,33245.9
China,Wheat,2007,950.39,126.64,28.46,24545.7
Australia,Yams,2018,2105.57,22.8,23.9,73067.9
Germany,Maize,2005,2819.19,200.11,34.58,15911.7
Australia,Wheat,2014,2455.39,9.0,22.76,16232.6
Germany,Maize,1997,1608.05,84.26,15.53,33194.3
Germany,Potatoes,2018,2484.68,28.77,14.3,81532.0
United States,Plantains and others,1992,1963.11,31.91,16.33,61505.8
Germany,Sorghum,2020,1826.15,137.09,24.92,16171.3
Australia,Soybeans,1999,2249.24,14.56,21.39,12073.1
Indonesia,Cassava,1992,2989.43,37.17,33.22,21836.3
Indonesia,Soybeans,2001,1350.64,51.36,28.38,25562.2
China,Yams,2011,976.0,34.86,20.98,103933.4
United States,Yams,1998,738.57,68.18,29.27,81137.2
Canada,Plantains and others,2008,1650.44,5.37,22.99,86806.2
India,Sorghum,2008,2658.34,20.68,37.54,3152.9
France,Yams,2017,394.06,48.16,27.54,84032.0
Canada,Maize,2012,348.14,65.39,13.45,38762.4
Australia,Maize,1990,565.88,22.19,34.59,33725.6
Indonesia,Potatoes,2013,1863.58,68.52,28.09,148982.0
Indonesia,Cassava,2015,1692.55,54.92,26.12,105721.3
Nigeria,Sweet potatoes,2014,1944.27,34.61,32.23,59443.2
Egypt,Potatoes,2002,2814.03,139.86,15.26,92873.9
Argentina,Rice,1995,1204.52,54.86,30.59,35230.9
Brazil,Soybeans,2000,1010.42,37.66,37.29,11175.7
Germany,Potatoes,2002,1625.64,6.25,22.58,165971.7
Australia,Sweet potatoes,2018,869.19,21.51,22.69,161962.7
Egypt,Plantains and others,2005,2662.3,173.5,20.88,52038.0
Japan,Plantains and others,1992,2020.32,72.74,12.82,49037.9
Brazil,Soybeans,2015,2717.27,53.87,15.48,8876.0
Germany,Wheat,2006,2741.73,9.57,36.35,5431.6
Germany,Sweet potatoes,1991,762.55,86.77,34.1,61733.7
Canada,Rice,1991,1705.23,47.88,28.77,42723.5
Brazil,Soybeans,2017,1702.12,39.92,18.7,21177.5
France,Plantains and others,2010,1486.78,39.55,13.88,80836.4
Egypt,Potatoes,1991,2343.52,16.8,20.41,88437.3
Japan,Soybeans,2008,1916.73,13.55,37.02,9742.1
United States,Soybeans,2011,945.45,6.59,15.11,24415.9
Mexico,Soybeans,2022,570.92,44.58,26.2,30349.9
China,Potatoes,2001,1031.31,5.03,37.04,72725.1
Mexico,Sorghum,2012,483.26,53.79,21.26,20975.0
Argentina,Potatoes,1994,859.91,67.53,34.72,74237.2
Australia,Rice,2007,1469.15,100.93,27.11,53835.2
Egypt,Maize,2010,2821.26,41.03,36.71,10857.2
France,Rice,2002,2455.31,25.67,13.44,17633.2
United States,Yams,1998,1133.24,38.86,26.89,97334.6
United States,Soybeans,2009,1760.83,196.59,32.1,19379.9
Japan,Plantains and others,2019,1059.85,6.79,20.4,112727.1
India,Rice,2010,2903.45,28.69,18.71,21763.6
Indonesia,Sorghum,2013,972.66,70.65,13.99,21780.8
Indonesia,Wheat,2022,2223.75,150.3,35.84,10049.0
Egypt,Plantains and others,2003,2113.31,15.14,33.34,22673.1
India,Plantains and others,2003,1580.48,9.27,17.1,80660.0
Canada,Cassava,2014,1100.29,6.76,15.31,139182.8
Mexico,Rice,2009,2240.18,42.55,17.25,31386.2
Canada,Rice,2000,2446.37,82.26,25.25,26885.2
France,Soybeans,2004,2664.43,15.85,20.15,9969.6
Argentina,Wheat,1993,2158.28,10.94,34.09,5969.3
Canada,Potatoes,1997,2652.61,81.43,16.37,105482.6
South Africa,Potatoes,1999,1950.26,151.11,27.07,102445.6
Germany,Yams,2000,290.92,73.0,30.81,57986.3
Indonesia,Rice,2010,633.4,22.92,18.47,42318.9
Egypt,Yams,2010,598.11,7.71,28.27,89169.3
Canada,Maize,2020,1633.43,42.43,26.6,51830.0
Argentina,Potatoes,2012,1621.71,39.57,14.86,174400.1
South Africa,Maize,1995,1032.2,12.29,15.79,39145.7
Mexico,Potatoes,2004,2137.4,13.47,18.33,121274.9
Canada,Sorghum,2017,1910.59,5.06,35.24,5837.3
Japan,Wheat,2017,1554.33,23.96,32.51,14909.4
Australia,Yams,1997,881.88,139.16,14.73,112658.9
Egypt,Plantains and others,2023,1212.5,31.08,33.04,45078.5
Germany,Sweet potatoes,2003,694.03,161.07,13.83,156349.3
Germany,Cassava,1994,1751.48,14.59,21.85,74480.9
Brazil,Wheat,2000,1374.55,29.77,29.31,20053.1
Australia,Rice,1998,2319.4,51.66,16.34,24884.9
Egypt,Plantains and others,2003,441.18,36.16,16.52,115880.3
Canada,Soybeans,2003,803.3,11.42,34.14,17110.9
France,Rice,2007,2559.11,39.75,37.52,9751.1
Egypt,Potatoes,1991,1467.71,95.25,37.0,78969.8
France,Yams,2022,2562.31,15.84,33.5,21749.4
India,Wheat,2021,2629.62,33.29,37.13,7017.0
Egypt,Potatoes,2012,1290.42,156.52,20.31,243784.0
United States,Yams,2011,2392.19,34.23,24.62,44699.1
South Africa,Maize,1997,1440.76,28.6,21.55,47133.2
India,Maize,2005,1086.07,25.94,17.06,45656.0
Australia,Soybeans,2010,436.24,62.76,30.4,24939.7
Australia,Yams,1998,2862.09,31.27,24.13,41404.2
India,Sorghum,2014,2208.11,43.62,25.23,10552.8
India,Yams,1993,2720.87,59.65,14.74,37126.9
Argentina,Wheat,2012,1369.58,8.79,19.12,36452.7
Germany,Sweet potatoes,1996,305.08,47.11,35.94,57744.0
Mexico,Plantains and others,1998,1482.97,150.04,29.51,57999.5
United States,Maize,2002,1962.39,19.85,32.82,26323.9
Argentina,Yams,2022,2524.57,59.53,20.8,54160.6
Canada,Plantains and others,1994,686.28,63.59,28.79,76217.2
Nigeria,Sweet potatoes,2021,1760.31,72.86,19.27,150693.5
China,Maize,2016,1974.51,12.57,23.52,33906.7
Nigeria,Yams,2018,1832.59,166.22,29.17,69438.8
France,Cassava,2018,2833.93,7.45,21.16,53017.8
India,Sweet potatoes,2004,757.64,32.65,22.02,162325.1
Australia,Cassava,2023,934.37,33.64,16.08,156268.2
Mexico,Potatoes,2014,951.2,49.68,30.76,147227.5
France,Wheat,2012,521.28,11.74,25.77,31515.9
Mexico,Cassava,2009,290.96,50.23,26.02,100123.0
Germany,Cassava,2023,338.86,9.97,12.85,120299.0
South Africa,Sweet potatoes,1996,374.94,68.87,17.99,144473.3
Brazil,Plantains and others,2009,2166.51,100.52,21.27,51161.8
China,Maize,2012,815.11,34.81,32.71,46023.7
France,Wheat,2006,527.78,42.56,15.3,36291.0
Brazil,Rice,2007,1207.41,31.03,37.23,21315.3
Canada,Wheat,2001,384.24,66.21,18.19,36262.8
China,Maize,2010,565.78,28.25,12.67,31560.9
India,Sweet potatoes,1996,1528.47,5.5,14.2,116255.6
China,Wheat,2017,2762.39,101.38,29.76,10424.9
Nigeria,Potatoes,2004,1703.83,71.82,28.31,147064.2
Japan,Potatoes,2005,2093.24,124.16,30.97,64041.7
Japan,Yams,1991,851.29,11.14,20.48,90924.2
Nigeria,Plantains and others,2008,2074.08,114.58,23.96,57302.6
Egypt,Maize,2017,1653.26,198.79,30.11,53678.4
Brazil,Maize,1995,604.42,34.18,20.69,51402.0
Brazil,Wheat,2007,272.51,21.79,26.4,26991.5
France,Wheat,2015,872.42,24.54,16.78,35245.2
Indonesia,Wheat,2010,1768.32,29.43,22.93,33416.0
Nigeria,Sweet potatoes,2009,1466.59,14.28,28.56,119238.5
Mexico,Yams,1992,2668.79,147.28,31.23,21785.8
United States,Plantains and others,2011,1348.85,36.81,13.28,99792.0
Brazil,Yams,2019,1292.91,124.88,12.76,93939.7
Mexico,Maize,2010,1869.9,27.79,32.98,26828.6
China,Cassava,2013,2389.41,15.87,14.26,46395.0
Japan,Sorghum,1995,2083.91,42.8,29.23,6343.0
Brazil,Yams,2013,517.05,31.07,24.61,107796.1
India,Plantains and others,2001,399.11,26.21,31.33,54475.5
Japan,Maize,2007,2854.02,8.59,23.87,18757.9
Japan,Sweet potatoes,1999,1459.45,75.6,32.65,63892.4
Germany,Wheat,1999,730.76,116.39,23.2,35412.4
United States,Potatoes,2013,1400.97,49.04,25.55,203268.5
India,Yams,2008,1170.81,73.61,35.23,52459.4
China,Yams,2001,2284.44,13.24,15.39,43423.4
Canada,Soybeans,2013,2525.78,47.35,27.79,12231.9
Indonesia,Yams,2015,321.61,20.12,34.77,59613.2
Nigeria,Cassava,2017,2108.83,16.65,32.77,41950.8
South Africa,Plantains and others,2001,2095.71,86.28,26.61,47677.8
Japan,Yams,1991,1052.66,6.26,12.1,83175.8
Indonesia,Sorghum,2023,2583.53,85.09,18.95,10466.0
Egypt,Wheat,2011,811.16,11.99,12.33,36516.2
Brazil,Cassava,1996,1512.09,49.74,35.06,41005.8
Australia,Maize,2011,1144.61,9.7,37.0,29059.3
Germany,Wheat,2007,230.84,31.95,16.03,35917.4
Japan,Potatoes,2013,2827.65,14.38,14.94,82875.9
Egypt,Rice,1999,2984.78,61.84,13.93,16268.9
Nigeria,Sorghum,1996,687.79,169.7,16.57,19090.2
Nigeria,Cassava,2023,2997.78,21.9,19.29,62633.1
Egypt,Potatoes,2018,1767.43,41.71,27.88,157476.8
Australia,Yams,2010,2636.07,55.54,16.28,42729.2
France,Plantains and others,2018,1075.6,49.35,15.6,99225.0
Nigeria,Maize,2010,1608.77,23.99,30.96,45249.3
Nigeria,Potatoes,1999,1049.81,30.41,20.24,228244.8
Germany,Maize,2020,2994.95,15.41,15.85,18968.9
Brazil,Plantains and others,2020,2490.69,163.4,33.43,15788.8
France,Potatoes,1995,345.8,5.65,32.68,67291.1
China,Wheat,2014,1873.32,87.89,32.8,11535.3
Canada,Potatoes,1999,2904.16,17.12,33.09,34128.2
France,Maize,1997,2808.32,9.66,25.3,18026.5
Australia,Yams,1994,638.28,27.84,28.1,72751.9
South Africa,Cassava,1993,834.92,139.04,35.62,38540.5
India,Rice,1995,1115.62,54.44,19.15,44604.1
Mexico,Plantains and others,2011,2643.92,89.25,18.08,44438.6
Nigeria,Wheat,2002,1081.87,23.29,15.96,37476.2
Indonesia,Soybeans,2023,2596.59,33.52,17.01,10825.0
Mexico,Cassava,2017,283.41,5.49,13.95,118365.8
Germany,Cassava,2006,618.32,40.67,23.98,121363.5
Japan,Rice,2007,2537.72,75.51,24.57,22050.3
Argentina,Sorghum,2008,2604.76,54.56,31.83,5008.3
India,Cassava,2006,2443.26,28.67,35.49,21455.8
Mexico,Wheat,1993,2750.34,52.77,22.71,13773.6
China,Soybeans,2009,2657.97,44.86,29.06,8782.5
Indonesia,Plantains and others,2002,1632.45,13.65,13.39,77732.5
Japan,Maize,2002,1088.33,77.69,24.95,51796.4
South Africa,Maize,2009,402.69,22.15,34.94,29065.0
India,Potatoes,2021,2743.42,9.89,24.17,87637.2
India,Soybeans,2022,2913.11,140.21,34.64,9387.9
South Africa,Sweet potatoes,2019,1214.11,59.01,24.24,161319.6
South Africa,Cassava,2000,668.92,28.82,21.19,103182.5
Egypt,Yams,2008,743.56,43.46,36.31,54783.8
France,Sweet potatoes,2014,2453.53,28.02,34.22,28125.3
Indonesia,Maize,1992,433.46,136.91,27.07,54198.2
Nigeria,Maize,1990,308.64,15.34,33.61,33988.3
Brazil,Sweet potatoes,2018,1169.1,95.36,14.63,142660.9
Australia,Sorghum,2015,736.26,40.09,34.51,10381.1
Japan,Sorghum,2017,405.26,117.3,17.93,18782.6
Egypt,Rice,2002,1890.65,39.0,13.04,33951.7
India,Wheat,2013,626.24,59.94,19.39,45499.3
South Africa,Potatoes,2009,944.86,49.68,25.15,210562.2
South Africa,Sorghum,2014,2127.01,81.86,32.68,5218.0
France,Soybeans,2008,1554.63,38.71,15.11,17289.8
United States,Maize,2003,1756.55,30.87,23.96,50803.1
Argentina,Sweet potatoes,2008,1286.68,18.87,36.04,59506.7
India,Sweet potatoes,1997,1410.82,53.8,13.94,121173.5
India,Maize,2015,2267.23,25.44,31.89,20464.6
Germany,Potatoes,2008,251.4,58.06,28.08,140002.9
China,Sorghum,2017,1466.48,7.21,20.05,18009.1
South Africa,Soybeans,2018,322.25,18.5,35.13,16528.1
Argentina,Wheat,2020,1560.92,59.55,25.73,33441.1
Germany,Sweet potatoes,2019,793.73,10.55,29.9,118729.6
Argentina,Wheat,1998,230.24,65.37,14.95,29145.6
Germany,Yams,2011,2662.5,31.38,24.53,42367.5
Canada,Potatoes,2007,991.47,35.89,29.45,155974.2
Nigeria,Sweet potatoes,2021,214.22,129.9,17.13,188733.9
Argentina,Soybeans,2023,2814.06,68.64,31.6,11927.0
South Africa,Cassava,2010,1929.88,78.48,14.7,89325.1
China,Cassava,1998,1826.71,70.45,22.68,78522.6
Brazil,Sweet potatoes,1998,1910.87,53.93,15.43,90979.7
Brazil,Rice,2010,2299.23,10.09,24.38,31359.2
United States,Yams,2018,854.15,31.34,32.28,58285.0
Argentina,Rice,1991,1263.79,39.85,27.73,45946.7
Canada,Rice,2014,2320.79,75.85,33.05,27267.2
Brazil,Soybeans,2004,2810.84,152.16,21.59,10994.4
Nigeria,Plantains and others,1999,431.67,128.3,19.63,79096.0
Argentina,Rice,2013,2727.09,107.85,13.85,14580.1
Indonesia,Cassava,2016,1784.09,67.71,36.38,47497.7
Indonesia,Plantains and others,2017,2921.75,103.07,14.86,46907.6
United States,Yams,2005,404.8,77.33,19.4,111367.9
Brazil,Sorghum,2003,2053.32,33.46,33.31,4937.4
China,Sweet potatoes,2013,996.63,7.41,29.38,103236.0
China,Yams,2018,1432.62,94.55,36.16,42762.5
Canada,Plantains and others,2006,341.42,7.24,30.73,49877.8
India,Cassava,1995,201.12,86.97,14.06,95964.2
China,Potatoes,2003,1447.79,118.0,15.28,161941.0
India,Maize,2022,1796.88,7.75,15.65,40198.0
France,Maize,2019,2598.51,136.33,36.7,10328.4
Indonesia,Yams,2014,379.91,56.47,27.28,105880.3
India,Rice,2008,1564.91,27.64,28.62,45129.7
Japan,Wheat,2006,2075.92,8.74,18.67,18128.5
United States,Sorghum,1993,1326.7,13.21,23.49,17032.7
Indonesia,Wheat,2013,2970.18,7.0,29.03,13062.2
Mexico,Maize,2013,2629.4,18.24,27.8,18573.4
Canada,Rice,2011,800.78,72.0,16.92,45506.1
Canada,Sorghum,2010,855.36,7.55,18.98,24320.7
China,Wheat,2006,1635.21,20.58,23.83,31418.3
France,Cassava,2016,1122.1,7.16,24.9,104997.5
Brazil,Wheat,2006,2848.17,15.98,34.76,5563.4
Germany,Yams,1990,2033.36,29.72,17.06,57928.8
Japan,Sorghum,2000,729.42,120.59,29.53,13345.0
Canada,Yams,2002,538.69,9.1,25.71,109900.8
Brazil,Sorghum,2011,2963.88,46.18,29.87,4573.5
South Africa,Maize,2005,267.78,26.43,30.77,42293.2
Canada,Soybeans,2005,655.0,117.71,29.84,33208.0
Egypt,Maize,2006,2133.72,47.48,22.52,30711.9
Brazil,Wheat,2013,692.0,50.46,23.03,33149.7
Japan,Sweet potatoes,2001,1645.18,23.18,29.89,75878.6
Germany,Maize,2021,2199.53,15.92,29.94,27512.1
Germany,Plantains and others,1993,1676.02,71.26,13.43,72242.3
Brazil,Maize,2020,2489.18,97.56,25.53,23174.5
Japan,Rice,2014,982.88,11.81,28.62,38841.9
Nigeria,Rice,2010,2329.7,14.21,33.67,27114.8
Australia,Soybeans,2013,1592.27,9.94,19.56,25869.7
Japan,Maize,2001,2022.21,52.62,20.69,31331.9
Indonesia,Soybeans,2020,2638.23,40.95,22.35,16611.2
Egypt,Plantains and others,2020,222.42,10.0,13.41,98221.6
Germany,Maize,2008,1589.7,30.85,29.65,44226.4
Japan,Rice,1996,506.2,30.32,20.76,34977.9
Mexico,Potatoes,1996,1610.14,105.9,36.77,69087.5
India,Soybeans,1994,2418.69,17.76,29.72,7457.2
Indonesia,Sweet potatoes,2015,1772.14,15.29,17.83,158730.4
Nigeria,Plantains and others,2007,2497.61,21.79,18.22,44453.5
Egypt,Plantains and others,1992,1108.9,68.86,29.1,78243.1
Mexico,Potatoes,1998,1993.35,20.02,14.2,125020.3
Egypt,Rice,2011,1600.55,96.77,30.23,49680.1
France,Plantains and others,1998,1018.76,108.93,32.07,51148.3
Australia,Wheat,2018,330.72,80.6,18.57,42670.6
United States,Rice,2015,1601.63,101.75,25.8,59129.0
Japan,Soybeans,2022,1719.21,18.27,26.91,19784.0
Japan,Sweet potatoes,2001,1157.66,94.26,19.14,163226.5
United States,Cassava,2008,2863.91,53.68,30.37,33270.8
Canada,Wheat,2017,2200.29,129.23,30.34,12312.9
France,Rice,2011,203.6,11.4,25.9,32029.1
Japan,Potatoes,2022,407.69,15.66,33.84,90895.8
India,Potatoes,2007,2683.44,88.15,21.73,92758.0
Mexico,Sweet potatoes,2008,694.71,48.4,35.5,61398.9
Japan,Potatoes,2005,2360.4,111.38,32.95,29245.6
Indonesia,Sorghum,2011,886.78,34.75,20.33,26692.9
France,Maize,2016,1426.49,103.68,26.71,53828.5
Indonesia,Sorghum,1998,1433.22,120.72,31.52,10701.7
Japan,Wheat,2006,1676.5,113.74,33.78,12696.0
United States,Sorghum,2011,2129.6,41.14,17.2,13099.8
China,Sorghum,1991,2381.22,6.01,35.15,2977.1
India,Maize,2001,2205.71,60.34,24.4,26491.0
Nigeria,Sweet potatoes,2013,2557.11,22.76,20.23,75684.0
United States,Soybeans,1999,2638.71,25.95,32.01,9379.5
Canada,Yams,2007,1649.36,48.12,31.48,66684.6
Brazil,Yams,2018,1597.88,20.89,16.4,97575.9
Mexico,Cassava,1990,1794.66,72.04,15.68,86614.5
Egypt,Maize,2015,2713.17,20.37,30.49,24741.3
France,Soybeans,2003,2005.22,26.95,13.28,11361.0
South Africa,Wheat,2008,244.39,9.82,20.49,29592.6
Germany,Sweet potatoes,1999,402.65,159.1,17.8,151799.3
United States,Rice,2008,696.75,10.81,26.74,50772.5
Mexico,Potatoes,2000,2181.1,36.06,32.97,37071.3
France,Cassava,2010,1646.04,69.91,27.08,81863.9
Germany,Yams,2015,2456.4,233.96,21.81,47474.1
Australia,Potatoes,1990,560.15,34.51,33.2,78361.1
India,Cassava,2011,2891.87,51.15,26.55,48475.2
Nigeria,Sorghum,2006,1677.94,82.54,33.85,8004.7
South Africa,Sweet potatoes,2018,2602.17,22.73,36.02,28820.1
Nigeria,Soybeans,2002,2811.39,55.05,19.5,10906.8
Nigeria,Yams,2012,1157.42,134.0,12.63,128435.5
China,Maize,1992,2815.06,16.37,15.82,16357.6
Nigeria,Cassava,2012,937.73,6.93,15.2,146847.9
Australia,Rice,2007,1408.22,18.06,25.41,54106.8
India,Potatoes,2021,2869.06,43.93,30.6,62821.5
Canada,Rice,1993,466.16,16.19,22.75,41701.8
Indonesia,Wheat,1990,780.91,123.14,33.8,12676.4
Australia,Rice,2002,388.27,36.25,33.34,28975.5
Indonesia,Rice,2005,293.3,126.97,15.08,30018.9
Brazil,Yams,1991,1798.78,31.2,29.2,51118.6
Australia,Sweet potatoes,2020,754.77,5.46,28.31,132312.1
Nigeria,Sorghum,1997,2374.16,74.15,20.55,8190.9
United States,Maize,2004,1722.07,58.03,22.06,43867.7
Australia,Cassava,2000,462.7,40.93,26.67,106115.8
Brazil,Cassava,2005,1274.62,149.99,24.53,118447.0
Brazil,Sweet potatoes,2017,2710.21,207.79,22.38,68069.0
China,Soybeans,2022,819.21,20.68,32.88,22479.9
Germany,Sweet potatoes,2005,2665.82,31.63,25.97,55421.0
Nigeria,Maize,1990,1905.28,78.26,23.62,43842.4
India,Cassava,1996,2193.8,14.83,14.07,53802.4
India,Rice,1992,2589.37,104.57,32.09,16348.8
Nigeria,Soybeans,2004,935.02,11.5,25.25,29180.2
Argentina,Cassava,2005,335.31,46.42,28.84,81930.5
Germany,Yams,2019,2977.3,82.98,29.25,33949.7
China,Potatoes,2008,377.14,51.19,13.49,169068.0
Argentina,Potatoes,2017,2999.28,18.99,31.85,50120.2
Japan,Wheat,2013,561.14,36.6,27.56,27527.8
France,Plantains and others,2016,436.29,20.0,12.49,82484.4
Canada,Plantains and others,1996,630.5,132.38,31.69,58315.3
Japan,Soybeans,2016,1452.2,23.53,24.55,27312.4
Japan,Rice,1997,2548.14,58.18,17.94,16306.3
United States,Sorghum,2023,1956.71,20.02,19.6,15374.3
China,Potatoes,2014,2216.75,63.12,14.49,96043.1
China,Yams,2009,920.62,64.13,13.03,102152.4
South Africa,Sorghum,1993,2560.5,30.44,25.58,5581.1
Argentina,Cassava,1999,2224.24,16.55,18.5,54824.4
Australia,Wheat,2018,1472.38,73.35,17.55,35499.5
Japan,Sorghum,2014,2424.28,10.21,19.06,8984.6
Australia,Cassava,2016,2924.53,199.94,18.98,58294.6
India,Rice,1997,2190.77,33.91,14.93,24934.8
Argentina,Sorghum,2001,2026.96,79.32,21.32,13520.1
Germany,Cassava,2012,543.36,33.41,22.31,117095.4
France,Soybeans,1991,1547.15,25.28,23.68,18704.5
India,Potatoes,2015,393.69,25.11,19.34,243296.3
United States,Plantains and others,2004,1692.05,138.7,36.74,39592.5
China,Potatoes,1998,2112.59,59.05,36.72,39967.3
Australia,Cassava,2005,2675.89,104.27,23.53,55455.6
Japan,Yams,1992,432.51,15.6,23.46,80979.6
China,Maize,2015,2967.13,29.62,13.23,14074.9
Egypt,Rice,1991,1954.64,62.72,15.26,37306.1
Canada,Cassava,2006,1551.64,25.1,31.25,74037.7
Egypt,Cassava,2007,2970.15,61.84,37.61,23956.3
Egypt,Wheat,2021,501.99,20.21,33.81,18546.1
Indonesia,Potatoes,1994,1530.83,83.18,15.47,185242.7
Japan,Wheat,1998,2134.66,30.89,34.76,6136.7
Indonesia,Plantains and others,1994,262.17,23.1,35.95,32126.4
Canada,Sorghum,1993,488.81,148.25,32.67,9725.7
Indonesia,Wheat,2005,1801.75,37.7,24.78,27308.3
Egypt,Maize,2006,1253.67,27.56,13.36,37566.0
China,Maize,2017,2447.17,38.31,19.76,23058.6
Indonesia,Sorghum,1990,860.82,70.56,13.05,18953.1
Germany,Plantains and others,1999,255.23,12.26,30.08,49970.9
South Africa,Potatoes,2015,1257.83,24.04,29.61,143323.9
Canada,Cassava,2022,2823.46,28.68,29.27,37993.5
India,Maize,2014,1055.16,13.58,16.52,38589.2
Australia,Wheat,2008,1077.43,22.49,31.07,24728.2
Japan,Plantains and others,2023,473.33,119.04,21.1,83613.1
Canada,Cassava,1995,212.61,23.79,25.7,104183.7
Canada,Soybeans,1994,484.91,7.52,12.14,16706.3
Japan,Potatoes,2004,2074.35,17.18,27.36,79320.9
China,Rice,2012,2780.08,197.0,12.28,10554.7
Mexico,Plantains and others,2006,2946.88,52.56,32.63,20285.8
South Africa,Yams,2020,1532.86,120.89,12.9,101995.4
France,Wheat,1996,375.62,89.5,24.86,25346.2
Japan,Plantains and others,1998,2017.84,13.93,12.87,48711.8
Japan,Potatoes,2013,2932.86,108.4,20.56,77429.4
Brazil,Potatoes,2000,557.19,121.81,29.48,124482.4
United States,Wheat,2017,461.23,41.79,33.75,17955.5
Brazil,Plantains and others,1991,781.76,6.02,24.46,62808.1
Germany,Soybeans,1990,763.18,14.84,20.78,24347.2
Brazil,Rice,2012,1534.91,20.78,12.76,24826.8
Brazil,Sweet potatoes,2014,2290.88,102.51,24.87,70340.7
Egypt,Sweet potatoes,2013,777.01,34.1,13.69,184119.9
China,Soybeans,1995,1400.26,11.77,26.72,21501.9
Mexico,Wheat,2013,1561.84,36.05,32.41,15970.5
Australia,Sweet potatoes,2022,2308.36,88.34,12.85,80851.4
United States,Sweet potatoes,2003,2894.45,94.83,24.73,68108.1
Canada,Rice,2018,344.72,13.63,33.13,35694.1
China,Sorghum,2005,1469.44,41.4,31.85,9955.7
Indonesia,Sweet potatoes,1990,1532.96,63.44,27.8,112811.1
Brazil,Potatoes,2019,1022.53,21.24,25.01,181572.5
Brazil,Yams,2012,2587.11,19.92,24.78,35441.7
Germany,Sorghum,1996,2346.77,179.59,31.4,3847.0
Argentina,Yams,1994,1597.3,139.07,27.17,80086.9
South Africa,Plantains and others,2018,786.01,5.19,18.28,80173.9
China,Maize,2012,2331.57,160.33,35.08,13665.4
Canada,Yams,2005,2288.5,28.76,24.3,50583.3
Canada,Cassava,1994,204.42,107.59,12.79,105000.8
Canada,Cassava,1997,945.49,39.38,22.92,123785.8
Argentina,Wheat,2004,956.16,16.59,29.0,23893.0
Australia,Sorghum,2022,1782.2,102.83,15.05,20264.9
India,Yams,2002,2845.96,12.63,28.71,33802.7
Mexico,Rice,2022,770.57,72.91,29.83,47957.6
South Africa,Soybeans,2016,1911.8,171.29,14.48,17206.9
Germany,Potatoes,2009,679.09,108.28,30.33,140744.2
Nigeria,Soybeans,2018,208.46,19.25,36.12,15319.6
Japan,Wheat,2016,2344.14,9.8,25.36,12093.4
Japan,Wheat,2006,1512.22,144.5,16.83,30315.5
United States,Wheat,1993,1394.33,12.5,12.58,29795.7
Australia,Cassava,2018,2134.39,82.32,15.03,87602.0
Mexico,Cassava,2006,719.47,57.73,30.53,70524.9
France,Sorghum,2007,937.82,27.04,16.23,22453.3
France,Sweet potatoes,1995,501.82,38.43,30.14,73315.3
Mexico,Soybeans,2014,2746.76,5.91,26.48,11713.9
France,Sorghum,2017,581.5,114.27,24.24,21134.3
Indonesia,Soybeans,2019,2606.13,50.17,20.72,14954.5
Argentina,Wheat,2012,1286.74,10.03,35.78,15196.0
Argentina,Soybeans,2003,2979.93,46.39,21.27,10522.0
Canada,Wheat,2012,2519.0,14.35,35.33,7321.9
France,Sweet potatoes,1993,2719.75,34.72,19.13,60927.9
Indonesia,Sorghum,2019,1003.23,20.64,34.39,10647.3
Germany,Potatoes,1994,1023.09,17.15,16.12,181762.2
Egypt,Rice,2020,1497.93,36.77,34.71,41313.7
Brazil,Rice,2017,226.71,30.78,35.59,23790.1
India,Soybeans,1998,1227.06,30.77,12.04,17000.5
Mexico,Plantains and others,2014,1342.46,63.15,18.5,99970.1
Australia,Sorghum,2009,1235.0,24.97,23.01,22964.7
Indonesia,Yams,2001,2325.28,40.82,28.74,36076.8
Germany,Maize,2017,1607.13,99.33,12.53,27106.7
Nigeria,Plantains and others,1997,2122.92,61.08,17.76,61644.4
Indonesia,Maize,1992,2851.71,40.15,35.06,12499.5
China,Soybeans,2002,1749.77,39.3,19.96,16747.7
India,Sweet potatoes,2001,2023.3,78.04,36.98,37941.4
Japan,Sorghum,1993,1704.07,16.38,16.05,13759.6
Brazil,Potatoes,2008,1353.86,6.81,24.95,186434.1
Japan,Cassava,2004,2030.54,6.29,13.65,73488.7
Australia,Plantains and others,1993,1728.53,6.74,16.43,89088.8
Germany,Maize,2008,602.74,5.46,33.01,38683.1
Indonesia,Maize,2017,1366.46,57.28,20.05,61800.8
Mexico,Plantains and others,2022,938.66,5.61,25.49,110101.9
Australia,Maize,1992,376.85,127.39,22.81,40779.2
Indonesia,Cassava,2022,935.37,40.1,31.35,86230.9
South Africa,Cassava,2023,1617.03,68.15,33.66,50500.3
India,Sweet potatoes,2017,2673.38,39.23,20.14,75394.6
United States,Soybeans,2020,2234.68,147.89,33.64,13170.2
Mexico,Yams,2000,693.05,73.0,18.55,116318.8
Mexico,Wheat,1998,2949.82,29.8,14.08,13211.0
Nigeria,Rice,2004,351.01,41.34,25.12,39962.8
China,Wheat,1992,1546.03,139.09,30.4,16330.2
South Africa,Maize,2017,2881.94,101.42,17.99,21093.6
Argentina,Yams,2014,1369.39,71.71,14.95,103980.4
Australia,Wheat,2011,396.33,6.33,18.79,39860.9
India,Sorghum,2010,2570.02,38.71,12.96,9144.3
France,Plantains and others,1998,979.99,78.83,21.13,96453.3
China,Wheat,2015,657.95,33.62,23.76,33819.6
France,Plantains and others,2005,361.81,12.58,30.63,51842.6
China,Wheat,1991,1600.93,38.04,16.1,25945.7
Germany,Cassava,1997,2555.8,31.79,31.96,27684.4
United States,Yams,2005,768.6,30.7,33.99,52821.5
France,Wheat,1996,1815.75,25.95,14.18,21528.2
Indonesia,Cassava,2013,402.58,110.4,19.85,132780.1
Mexico,Cassava,2022,1833.58,8.18,29.04,77759.8
South Africa,Cassava,2007,2841.98,7.14,25.08,45478.8
Egypt,Maize,2002,2590.16,18.85,34.78,15795.8
United States,Wheat,1994,2812.72,58.53,23.41,13742.6
Mexico,Sorghum,2003,548.17,17.06,13.68,17760.8
South Africa,Sorghum,1996,868.54,95.26,32.38,9365.6
Argentina,Soybeans,1997,1783.56,57.36,21.11,21781.0
Argentina,Rice,2002,827.92,10.18,35.84,24020.1
Argentina,Plantains and others,2020,674.78,90.03,36.26,46150.5
India,Sorghum,2022,1095.03,88.15,29.93,16858.7
Mexico,Wheat,1993,1307.34,14.6,34.07,13700.8
China,Sweet potatoes,1998,1607.96,7.66,36.5,39655.8
Japan,Potatoes,1993,2315.22,51.66,28.3,54787.3
Germany,Yams,2015,1398.75,15.89,12.72,95513.7
Japan,Maize,2008,509.35,104.06,33.82,35412.5
Egypt,Sorghum,2012,1858.83,99.0,21.28,18816.6
United States,Sweet potatoes,1995,2069.28,52.01,28.73,65202.7
Mexico,Yams,1997,1289.95,23.8,24.02,98032.6
Nigeria,Cassava,2011,2511.06,222.46,26.48,51001.4
South Africa,Maize,2018,676.36,76.75,32.11,39410.4
Nigeria,Plantains and others,2004,1654.61,34.94,12.3,81148.2
Egypt,Sorghum,2010,1688.48,15.34,23.06,22507.7
Indonesia,Maize,2019,942.88,14.21,30.04,60396.3
Japan,Cassava,1996,1243.08,20.22,31.75,53375.6
Germany,Rice,2021,2490.36,49.3,18.56,28878.0
Japan,Rice,1993,1534.39,22.55,25.39,39783.7
Egypt,Maize,2004,1964.1,25.82,19.83,40993.7
Egypt,Wheat,1994,1822.7,21.89,21.54,28880.5
India,Cassava,2019,308.85,58.79,19.09,129947.0
Germany,Rice,2012,1693.86,10.34,34.69,34667.5
Japan,Sweet potatoes,1996,1175.05,66.93,21.46,139054.8
Japan,Sorghum,2009,1657.6,29.86,27.01,14390.4
South Africa,Maize,1997,1403.26,32.65,22.84,48715.4
Brazil,Sorghum,2015,1648.81,33.31,37.78,6840.8
Indonesia,Potatoes,2003,2992.08,22.31,21.3,96297.0
Nigeria,Cassava,2012,1826.93,149.33,33.11,50101.7
Nigeria,Yams,1995,909.51,40.16,12.79,109662.2
Argentina,Sorghum,2023,945.45,41.13,14.78,24896.9
Germany,Potatoes,2012,326.32,140.48,30.34,134388.2
Japan,Cassava,1990,1435.13,71.14,28.25,75772.0
France,Rice,2013,1412.32,8.68,24.68,50595.2
Mexico,Yams,2010,2641.9,22.05,14.24,41482.6
Indonesia,Yams,2017,642.66,11.66,16.9,136825.6
Mexico,Potatoes,2006,2439.1,33.35,24.82,80912.9
Argentina,Sweet potatoes,1992,317.1,53.89,26.63,104418.6
Canada,Rice,1997,1741.72,19.42,22.34,49820.7
Indonesia,Maize,2002,2213.7,48.97,29.92,25378.1
China,Sweet potatoes,2006,884.93,73.55,25.54,145424.2
Canada,Maize,2015,1530.22,83.82,21.36,52302.3
Germany,Yams,1999,755.44,168.04,25.3,94347.3
France,Sorghum,1991,1723.7,44.21,24.93,15137.7
China,Plantains and others,2022,1994.39,23.58,29.06,43319.9
United States,Soybeans,1998,503.03,140.39,20.67,25310.6
Germany,Maize,2018,975.59,43.28,21.06,55697.0
Mexico,Soybeans,2017,2357.8,53.62,27.64,11144.9
Australia,Soybeans,2004,2434.24,46.41,12.15,5975.4
Australia,Cassava,2006,2081.44,35.76,37.79,28890.2
Egypt,Soybeans,2002,2955.87,94.12,24.21,14568.3
South Africa,Sorghum,1995,461.2,72.12,36.96,7309.1
South Africa,Rice,2022,1356.97,109.71,15.28,41785.4
France,Maize,1992,2123.47,83.49,27.16,28064.4
Australia,Soybeans,2022,380.09,30.74,12.61,19794.1
Indonesia,Rice,1993,1689.93,20.49,35.39,24255.4
Canada,Rice,2001,1658.32,34.74,18.66,42865.5
Australia,Rice,2013,1228.09,5.95,14.61,42033.7
Germany,Soybeans,2002,2554.93,41.03,15.62,8688.3
France,Soybeans,2003,1061.43,7.16,28.47,21559.3
Australia,Rice,2009,1199.42,232.91,18.83,56413.5
Australia,Rice,2004,700.26,77.48,32.44,36951.7
France,Soybeans,2003,814.93,61.58,31.72,20363.4
Indonesia,Wheat,2005,1370.31,148.16,30.76,26058.5
Australia,Sorghum,2018,1910.65,90.82,22.51,17186.7
India,Potatoes,2010,1445.46,60.2,28.38,133070.7
Indonesia,Cassava,1992,2841.6,10.18,18.89,57095.0
Mexico,Yams,2021,2343.69,39.01,34.9,19664.9
Canada,Sweet potatoes,1993,941.63,26.53,30.42,108151.4
Canada,Soybeans,2006,2853.09,26.99,18.5,9534.5
United States,Cassava,1994,1400.43,15.07,36.5,43818.3
Mexico,Cassava,2004,2147.9,77.58,23.47,68133.9
France,Sorghum,1994,2221.87,14.57,27.35,6493.1
Japan,Yams,2014,1521.93,29.14,18.53,106549.1
India,Wheat,2005,1338.55,46.14,17.94,34593.0
Australia,Soybeans,1998,2539.36,13.88,34.21,8327.2
Australia,Maize,2016,517.73,44.56,30.44,54194.0
Australia,Soybeans,2021,1440.9,55.08,34.43,22007.3
Japan,Yams,2001,411.55,19.16,30.08,62444.3
Argentina,Wheat,2016,2962.05,67.78,27.98,12489.0
China,Sweet potatoes,1996,2754.96,20.46,24.02,54516.5
Argentina,Soybeans,2012,463.87,55.22,19.45,27117.0
India,Cassava,1993,1567.34,6.14,29.86,67223.5
Argentina,Maize,1999,235.27,10.05,19.72,35180.2
France,Wheat,2012,1623.54,13.56,29.45,20799.5
United States,Rice,2005,596.35,94.83,12.21,29079.6
Nigeria,Yams,2023,1832.4,30.68,36.68,38902.2
China,Plantains and others,2023,965.32,134.29,21.21,113945.0
Canada,Sorghum,2006,936.6,47.91,30.11,14745.4
United States,Cassava,2003,394.62,184.08,12.37,112915.1
Australia,Sorghum,2003,1092.35,34.76,28.28,16100.2
Egypt,Plantains and others,2020,2639.56,59.41,20.88,50603.3
Australia,Plantains and others,2010,1455.04,34.58,23.9,100799.8
France,Wheat,2012,1087.17,69.57,15.15,34519.5
Nigeria,Maize,2005,2007.43,30.24,14.02,29061.2
Mexico,Rice,2017,1919.71,86.56,35.38,25721.0
Argentina,Sweet potatoes,2006,207.56,33.33,25.08,113920.6
Japan,Soybeans,1995,2529.57,47.41,27.18,10166.7
United States,Cassava,2010,1923.71,9.99,36.71,38596.2
Argentina,Cassava,1996,271.18,7.01,27.28,85406.2
Argentina,Potatoes,2006,1946.56,15.48,24.21,133613.9
Australia,Wheat,2002,1909.1,144.93,29.47,21963.9
Australia,Soybeans,2017,1500.63,197.99,16.48,28323.8
South Africa,Plantains and others,2018,2565.19,32.1,23.46,36540.1
South Africa,Sorghum,1998,294.61,49.97,16.86,15250.8
Germany,Potatoes,1994,607.76,6.7,24.23,152723.0
Brazil,Yams,1990,2849.54,71.09,28.57,29476.5
China,Plantains and others,2019,1620.0,82.16,34.92,36339.2
Mexico,Wheat,2020,896.69,59.12,30.46,25170.6
Mexico,Wheat,1990,2509.22,30.72,14.66,12229.1
India,Potatoes,2020,2124.64,26.73,30.54,75236.7
Australia,Rice,2010,1335.13,25.57,12.37,30680.9
Australia,Potatoes,2013,1630.07,35.35,31.95,95606.2
United States,Cassava,2006,2182.01,13.32,35.78,32268.2
South Africa,Soybeans,1999,877.34,30.42,12.5,14738.4
Nigeria,Potatoes,1994,2517.92,6.14,18.34,86394.0
Australia,Sweet potatoes,1997,2159.2,19.14,35.49,35816.9
Australia,Cassava,2013,733.28,34.18,13.86,143528.1
Japan,Sorghum,1992,1775.39,86.22,23.11,12059.3
Australia,Sweet potatoes,1992,2442.27,130.21,27.68,55893.4
United States,Yams,2013,740.84,60.12,14.43,108259.1
Mexico,Sweet potatoes,2018,1851.54,16.2,19.47,126975.8
Germany,Yams,1999,2157.5,132.42,21.71,57131.1
Australia,Sorghum,1992,309.91,23.22,31.36,10181.0
Germany,Maize,2011,2391.42,35.38,30.15,18168.3
China,Soybeans,1991,2854.55,8.56,25.19,8759.8
Argentina,Potatoes,2012,2220.62,8.88,35.78,33804.0
India,Rice,2015,969.41,10.79,29.16,43497.7
South Africa,Potatoes,2010,779.37,120.25,25.6,183239.6
Nigeria,Maize,2000,2752.53,39.87,37.11,10209.8
South Africa,Maize,1999,1599.94,12.59,17.67,32596.3
Japan,Plantains and others,1995,802.24,20.86,16.41,94874.2
United States,Plantains and others,1994,929.77,13.89,20.76,112494.7
Germany,Wheat,2000,2294.85,36.71,32.36,8025.7
Brazil,Cassava,2007,2234.44,40.67,28.17,47024.1
China,Cassava,2001,2585.29,62.6,18.9,45040.1
Indonesia,Plantains and others,2003,1059.02,6.84,36.25,40349.5
Australia,Rice,1992,820.61,20.7,18.31,40285.8
India,Maize,2005,1992.09,145.06,12.05,21922.7
Canada,Potatoes,2000,2497.39,7.29,31.64,50095.3
Brazil,Sweet potatoes,1997,2344.87,25.69,16.57,61950.1
Mexico,Potatoes,2003,2986.45,30.47,28.0,60267.9
France,Maize,1998,2147.79,143.94,26.1,26502.5
India,Yams,2006,420.69,76.98,27.2,87824.2
South Africa,Sorghum,2009,1804.82,135.02,28.78,12218.1
South Africa,Sorghum,2013,566.36,61.32,26.56,17155.2
Brazil,Plantains and others,1996,1950.59,219.82,25.87,55233.7
France,Plantains and others,2012,2341.68,6.12,25.04,33275.0
China,Plantains and others,2004,1981.84,74.57,29.64,39905.8
Brazil,Wheat,2007,1809.63,30.38,21.47,22962.1
Mexico,Potatoes,2004,2707.16,13.87,37.88,31649.6
Brazil,Cassava,2004,2976.46,22.41,30.47,29408.3
France,Maize,2006,437.24,53.77,12.18,32815.9
France,Cassava,2003,1553.27,25.47,16.02,107554.2
France,Soybeans,2022,1766.81,59.76,37.44,11981.0
Mexico,Soybeans,2002,1006.75,78.15,17.34,26552.4
Brazil,Sorghum,2021,681.2,20.17,24.9,21099.2
United States,Yams,2019,1384.05,46.71,21.5,117947.8
Mexico,Soybeans,2005,1235.84,21.35,16.69,19705.1
United States,Yams,2016,2212.94,70.39,14.61,61554.9
Japan,Plantains and others,1998,816.68,104.1,31.31,45982.3
Australia,Soybeans,2021,1296.14,98.2,12.01,15099.5
Mexico,Wheat,2012,2742.93,10.1,27.77,12282.9
Germany,Cassava,2006,1227.97,124.13,19.92,131224.6
India,Soybeans,2022,1919.45,42.95,14.39,15264.0
Japan,Sorghum,2005,2648.61,74.16,36.4,3102.1
Mexico,Yams,2002,1010.19,19.62,20.6,105780.8
Egypt,Potatoes,2019,2083.6,29.48,18.53,135610.2
China,Yams,2000,2277.06,75.67,29.34,30822.4
Canada,Maize,1995,2600.96,5.01,21.42,18072.3
Japan,Soybeans,1991,2298.95,12.3,13.73,6403.8
United States,Wheat,2023,2524.5,155.4,28.49,13133.7
Mexico,Wheat,2009,2062.37,33.89,36.78,8103.8
Egypt,Sweet potatoes,2019,2854.04,38.19,35.56,35520.9
India,Maize,2003,2713.02,151.6,22.33,20848.0
United States,Wheat,2003,2303.21,140.43,20.24,15192.5
India,Cassava,2008,2336.26,76.25,35.04,22466.8
Canada,Potatoes,2020,239.42,5.35,18.24,218819.4
South Africa,Soybeans,2019,1891.5,74.16,36.35,11402.7
Japan,Sorghum,2012,1822.26,16.3,19.03,15030.5
Canada,Maize,1991,2706.3,58.83,20.96,20334.1
Indonesia,Yams,2006,594.16,17.74,26.51,107035.6
Canada,Yams,1997,1229.8,6.29,28.71,75904.4
Mexico,Wheat,2023,1154.85,15.4,33.35,18504.7
India,Rice,1994,922.84,6.92,27.16,40321.5
China,Cassava,2002,2280.14,120.06,33.28,19957.7
Australia,Soybeans,1995,1050.42,208.57,19.13,26710.5
Argentina,Rice,2022,2744.71,6.07,21.05,18696.7
Argentina,Yams,2020,289.78,52.38,30.62,75191.8
Mexico,Maize,2021,1241.59,98.87,33.53,40284.8
Argentina,Maize,1999,943.4,23.02,18.99,55970.9
Japan,Yams,2012,1145.72,65.71,17.79,113611.1
Nigeria,Wheat,1992,1973.27,36.04,26.46,18438.9
United States,Maize,1995,2764.6,163.65,12.27,13681.1
India,Potatoes,2005,2693.87,68.39,13.9,80571.3
Indonesia,Yams,2017,1417.44,16.21,14.8,131098.4
China,Sweet potatoes,1993,1950.61,92.83,29.64,61939.6
Mexico,Cassava,1994,1313.26,54.03,32.28,51383.5
Canada,Potatoes,2014,2566.23,37.72,16.61,92209.0
Mexico,Yams,2017,1367.75,18.01,18.03,79710.3
Egypt,Maize,2018,1925.11,37.15,22.18,39444.1
Indonesia,Yams,2014,1652.89,12.54,25.34,89364.2
South Africa,Cassava,2004,2609.04,44.06,29.93,25260.4
Brazil,Potatoes,1999,1286.12,28.58,28.64,115039.5
Brazil,Wheat,2020,1384.0,15.39,12.56,35593.8
France,Wheat,2010,2068.13,19.04,30.63,13521.1
Mexico,Rice,1994,2893.54,69.17,28.76,16787.1
Nigeria,Wheat,1997,2712.28,115.74,37.39,7416.9
Japan,Cassava,2009,1717.26,9.78,29.65,71859.2
Japan,Potatoes,1990,932.91,40.93,20.6,179293.9
Indonesia,Rice,2008,1171.73,32.16,12.44,30684.2
Brazil,Wheat,1995,1627.81,11.95,31.5,13110.1
United States,Sorghum,2010,908.15,7.07,22.48,22024.3
Canada,Sweet potatoes,2006,2108.27,61.99,29.4,86007.5
Canada,Maize,1995,447.63,159.36,35.95,30042.2
Brazil,Plantains and others,1994,2213.29,39.34,13.07,35348.9
India,Wheat,2010,1209.3,33.14,22.65,38891.4
Egypt,Wheat,2002,2976.01,67.45,16.26,16926.8
South Africa,Wheat,2003,602.34,41.95,12.19,32520.4
France,Potatoes,2006,1205.4,7.33,33.99,71229.1
Argentina,Yams,1992,1230.36,9.04,30.55,50065.0
France,Maize,2013,1538.06,17.65,30.35,39553.2
Japan,Sweet potatoes,2003,2875.74,6.45,17.19,54681.7
Argentina,Sorghum,2010,1012.26,52.52,21.2,19500.0
Brazil,Potatoes,2014,900.16,31.98,21.11,186547.3
China,Plantains and others,2023,2645.72,17.88,12.21,35868.6
China,Potatoes,1990,2129.84,10.65,33.35,34783.5
Indonesia,Cassava,2015,2354.31,13.52,31.28,33595.3
Brazil,Yams,2022,205.99,28.92,33.28,43366.3
Germany,Soybeans,2022,1753.81,15.1,15.41,16634.0
South Africa,Rice,1991,1636.59,89.1,32.2,34474.8
Egypt,Cassava,2010,253.9,92.21,15.71,146805.8
Germany,Soybeans,2021,888.78,39.37,33.04,25474.3
Australia,Potatoes,2013,1385.31,54.2,19.46,226231.8
Germany,Cassava,2023,1307.13,90.13,26.76,120147.5
China,Maize,1993,2826.37,92.34,30.14,17631.4
Nigeria,Plantains and others,2004,1999.71,43.43,19.14,80165.0
Egypt,Soybeans,2018,1106.11,96.21,14.69,26853.6
China,Soybeans,2005,1996.97,36.93,35.61,8830.8
Australia,Sweet potatoes,2005,2806.97,53.83,20.93,66033.4
Mexico,Yams,2019,2205.06,30.07,29.6,39784.3
Germany,Potatoes,2012,995.37,111.24,20.51,230334.7
United States,Plantains and others,2002,605.59,48.56,16.37,91672.2
Egypt,Soybeans,1997,2752.07,13.82,21.59,9735.3
India,Yams,2021,2435.79,42.12,26.87,42562.2
South Africa,Rice,2015,1025.02,7.57,24.67,49656.5
Egypt,Wheat,2008,2293.67,19.54,22.78,18046.2
Australia,Yams,1997,2823.91,54.39,20.37,43032.8
Brazil,Plantains and others,2009,1880.39,67.05,19.9,77660.5
Mexico,Cassava,2012,298.18,6.9,12.69,101516.4
Egypt,Sorghum,2012,373.95,77.74,30.7,14755.1
Argentina,Yams,2014,1756.96,24.8,23.5,93830.5
India,Sweet potatoes,1990,1102.43,45.8,34.39,60514.7
South Africa,Soybeans,2010,320.76,47.66,34.19,17678.7
China,Potatoes,2018,1871.2,32.92,20.6,153296.2
Germany,Soybeans,2001,1914.97,71.96,31.95,14814.4
Australia,Maize,1992,2044.6,53.79,24.86,30429.0
Brazil,Wheat,2012,1833.48,74.31,25.26,21760.3
India,Potatoes,2017,1795.95,25.36,12.23,153541.8
Egypt,Wheat,2004,1297.16,23.56,18.54,41398.6
South Africa,Plantains and others,2023,1191.94,123.2,35.43,43820.9
Germany,Maize,1996,2704.27,5.5,29.62,17199.0
Australia,Soybeans,2006,1098.86,17.74,34.82,23591.1
Brazil,Soybeans,1998,2607.24,65.23,26.24,9279.8
China,Wheat,1991,358.77,46.48,17.48,28185.0
Argentina,Potatoes,2021,781.7,57.31,34.65,99857.8
Japan,Sweet potatoes,2008,592.18,26.41,22.13,154443.8
China,Wheat,2007,683.81,27.13,19.56,34542.4
Mexico,Yams,2005,266.57,30.28,19.89,94718.2
Mexico,Potatoes,2004,815.67,27.97,21.46,203493.2
Egypt,Sorghum,2016,2208.34,77.33,16.37,12519.2
Australia,Sorghum,2017,1014.22,63.16,24.23,18165.5
United States,Sorghum,1994,1298.85,27.49,20.28,19835.0
Germany,Wheat,2004,1708.69,34.54,26.69,27088.8
Australia,Plantains and others,1999,2244.68,40.92,30.52,32824.4
Mexico,Plantains and others,1998,1357.73,35.97,18.67,81146.7
Japan,Yams,2006,708.22,5.7,32.07,49038.9
Mexico,Sweet potatoes,1996,1873.83,5.75,21.17,110273.5
Indonesia,Yams,2006,491.23,29.53,17.88,116692.9
Germany,Cassava,1991,2874.28,15.72,34.95,19835.9
Mexico,Soybeans,2001,290.89,73.24,15.47,18852.3
Nigeria,Rice,2023,2237.94,9.93,29.14,35660.0
Canada,Sweet potatoes,2014,2923.04,6.91,19.41,79521.6
Australia,Maize,2009,2685.89,64.17,22.26,21539.9
India,Yams,2022,1975.2,27.64,34.16,34708.3
Egypt,Sorghum,2002,2373.23,38.32,17.84,10806.3
Japan,Soybeans,2016,2376.05,18.0,25.69,12901.6
Egypt,Sweet potatoes,2010,243.03,32.79,27.76,119563.1
China,Plantains and others,2018,997.64,74.81,12.8,90553.0
India,Soybeans,2010,1342.01,66.04,17.9,21572.1
Germany,Rice,1996,2008.21,11.26,36.66,21484.6
South Africa,Rice,1995,2070.22,87.09,16.27,28346.1
South Africa,Plantains and others,2020,1073.93,37.87,20.26,116099.3
South Africa,Plantains and others,1998,224.68,67.96,20.96,71378.3
Japan,Sorghum,1994,2180.35,60.69,17.1,8316.5
India,Soybeans,2011,1183.41,95.77,13.74,21827.3
Argentina,Plantains and others,2023,378.95,14.08,19.82,115295.1
Egypt,Plantains and others,2011,912.91,153.66,28.52,94078.1
Mexico,Soybeans,2009,2066.12,12.24,22.61,16546.7
Canada,Sorghum,2008,841.04,11.48,21.45,26906.0
United States,Soybeans,2005,2905.95,47.78,35.14,7499.7
Mexico,Potatoes,1990,2437.41,41.98,26.3,73715.9
China,Cassava,2005,1844.76,114.95,36.38,36027.3
South Africa,Sorghum,1994,492.52,34.83,19.46,16723.9
India,Soybeans,2021,1630.22,45.68,22.69,24741.0
India,Yams,1999,440.27,179.54,13.01,93888.3
United States,Yams,2007,1942.07,49.0,19.3,81445.1
Japan,Rice,1995,2893.58,9.25,23.33,17094.4
China,Rice,2005,789.62,49.95,31.65,32413.4
Japan,Plantains and others,2019,2133.87,97.51,24.52,54184.7
Egypt,Maize,1999,804.63,11.84,20.12,66578.3
China,Sweet potatoes,1993,1904.52,31.53,24.32,91393.6
France,Yams,2000,704.05,33.42,32.98,39846.4
Germany,Rice,2007,368.62,9.25,28.72,33992.0
South Africa,Potatoes,2019,1109.51,6.28,31.5,116554.6
India,Plantains and others,2009,1240.25,16.72,32.15,45902.2
United States,Sweet potatoes,2010,1856.0,102.71,24.5,126007.6
United States,Maize,1992,2512.12,26.67,35.55,12313.2
China,Sorghum,2017,291.35,150.78,36.07,7623.8
China,Potatoes,1991,1082.16,42.08,24.62,143723.2
United States,Plantains and others,2017,744.93,29.77,36.61,49269.2
Mexico,Plantains and others,2017,2172.0,19.57,31.73,25276.0
Germany,Soybeans,2019,2131.69,123.27,15.4,12082.5
France,Cassava,2016,2129.08,14.62,27.51,59729.7
Mexico,Sweet potatoes,2004,1649.97,115.7,27.29,110371.5
Argentina,Rice,2020,1725.4,12.58,34.61,35129.8
United States,Rice,2014,457.87,18.77,34.81,28498.2
Nigeria,Soybeans,2018,2807.55,30.36,36.78,5666.4
Nigeria,Potatoes,2020,2064.38,8.72,30.36,84955.8
Brazil,Sweet potatoes,1990,206.87,31.87,30.94,65939.3
Japan,Cassava,2017,948.52,54.77,25.78,110051.6
Egypt,Yams,2023,1491.2,23.64,24.75,123160.1
Argentina,Cassava,2021,667.15,6.17,15.47,144913.8
Australia,Plantains and others,2022,2824.01,14.14,30.66,29322.3
India,Sweet potatoes,2017,2611.5,88.86,12.87,66683.0
France,Maize,1993,2904.78,170.59,23.54,16503.1
United States,Wheat,2008,966.76,12.04,33.3,18066.8
Indonesia,Sweet potatoes,1992,1768.01,34.93,28.81,82827.7
Egypt,Sweet potatoes,2001,312.04,25.2,24.23,167301.0
France,Yams,1993,963.13,108.97,31.93,47196.7
Argentina,Sorghum,1995,1092.29,31.37,28.49,11215.3
China,Maize,1992,1414.14,47.14,34.79,30205.3
Japan,Sorghum,2010,773.44,28.19,28.49,14217.6
South Africa,Plantains and others,1995,1349.45,105.54,31.3,50969.1
South Africa,Plantains and others,1995,1776.95,13.85,20.06,67970.3
Nigeria,Plantains and others,1995,2837.53,17.18,32.06,20815.1
Nigeria,Soybeans,2021,612.59,13.72,12.37,20773.8
Canada,Wheat,2008,2529.71,23.54,36.52,7072.2
Japan,Potatoes,1993,2081.89,19.53,20.44,105682.0
Indonesia,Yams,2011,1824.93,17.77,13.69,93646.8
Argentina,Plantains and others,1990,2210.42,148.79,30.03,29177.9
Japan,Cassava,1998,286.2,69.33,35.54,43183.1
Nigeria,Soybeans,2015,2079.65,236.23,14.36,13350.5
Australia,Sorghum,1993,1940.56,11.86,18.89,14787.0
France,Wheat,2000,2394.19,22.97,25.32,13614.4
Indonesia,Maize,2007,2724.63,128.53,32.19,20957.3
Japan,Sorghum,2017,1274.57,12.63,30.47,11663.8
Japan,Sweet potatoes,2016,359.32,7.7,23.11,138096.6
India,Rice,2015,1582.0,64.63,19.05,51621.7
Japan,Cassava,2012,1432.4,84.48,27.85,86189.8
Japan,Sweet potatoes,1992,287.06,35.94,24.03,130994.2
Brazil,Cassava,1994,1847.26,26.03,29.38,56217.2
Canada,Cassava,2010,1174.6,26.27,27.49,114737.1
Canada,Sorghum,1997,968.98,20.95,19.87,23390.6
South Africa,Sweet potatoes,2004,1862.63,16.66,20.42,117514.2
Argentina,Sweet potatoes,2002,451.91,46.44,14.96,151180.9
Canada,Sweet potatoes,2004,884.92,77.53,13.8,176442.4
Japan,Cassava,2021,759.24,152.14,20.9,126839.7
Indonesia,Wheat,2011,2733.04,37.23,17.82,17266.6
Egypt,Sorghum,1996,2060.16,17.04,23.25,13542.5
United States,Wheat,2003,343.17,159.24,15.7,35438.6
Argentina,Yams,2005,363.98,12.69,33.8,41089.7
India,Rice,2004,565.82,56.07,32.08,38335.2
India,Rice,2003,391.37,92.55,18.81,41708.1
Japan,Wheat,2022,661.08,46.71,20.13,39287.2
Australia,Plantains and others,2001,1272.58,107.64,21.44,99481.0
Canada,Maize,1992,1426.21,97.41,27.51,45152.5
Argentina,Wheat,2016,2437.94,12.16,14.87,15989.5
Argentina,Sweet potatoes,1997,1851.38,78.31,23.15,105452.0
Argentina,Rice,2022,1762.12,19.64,15.62,43897.7
United States,Yams,2005,877.19,85.03,23.26,115742.7
Japan,Rice,2001,837.84,16.12,23.06,44374.8
Australia,Maize,2007,251.93,69.5,21.09,53728.6
Brazil,Potatoes,2001,1072.62,238.33,23.57,160559.2
China,Sweet potatoes,2012,2338.17,63.24,20.39,58434.6
Mexico,Yams,2007,2537.45,7.74,34.04,17432.3
France,Plantains and others,1998,1616.75,30.43,15.11,70936.4
India,Sorghum,2006,446.03,62.46,27.09,16399.8
Australia,Rice,2001,1684.69,65.88,18.76,45093.0
Japan,Potatoes,2022,1850.25,62.64,21.62,167585.2
Egypt,Wheat,2012,565.71,169.78,28.51,33511.8
Indonesia,Wheat,2016,527.9,22.79,36.95,18953.2
South Africa,Maize,2013,2528.59,118.18,22.78,22658.5
Egypt,Sweet potatoes,2003,481.94,32.56,19.99,163569.9
Japan,Potatoes,2020,599.28,45.68,20.3,185214.5
France,Maize,2012,934.89,56.79,34.06,36311.3
China,Plantains and others,1992,632.36,91.52,26.05,68725.8
Nigeria,Maize,2017,1080.53,93.27,27.69,55261.7
Canada,Soybeans,2020,2689.72,61.29,18.49,13471.2
France,Plantains and others,2018,1022.29,31.87,32.46,49243.8
Egypt,Plantains and others,2001,2902.39,38.64,14.9,49927.1
Canada,Maize,2004,1154.57,44.21,33.85,39552.4
India,Cassava,2012,317.73,50.59,34.23,55799.7
Nigeria,Rice,1996,594.97,66.78,34.22,30137.1
Nigeria,Wheat,2005,805.45,8.6,26.83,31736.5
Mexico,Yams,2004,2898.76,16.16,14.48,41216.5
Mexico,Cassava,2023,1180.29,17.7,21.17,143504.4
Mexico,Yams,2015,1465.68,10.38,13.9,111289.4
China,Maize,2014,1625.79,150.07,26.25,47672.1
Egypt,Sweet potatoes,2004,823.7,25.6,24.75,179547.9
Egypt,Soybeans,2008,543.95,9.42,13.21,20009.5
Germany,Maize,2004,2686.42,87.61,25.53,20370.2
Mexico,Maize,2008,1002.65,81.05,15.94,45983.3
Indonesia,Wheat,2003,1587.47,39.82,12.61,32630.7
Argentina,Sweet potatoes,1994,1990.75,59.5,22.77,93957.8
Mexico,Cassava,2004,1024.1,108.1,32.72,65412.3
Australia,Potatoes,2019,802.2,58.39,22.01,237650.3
France,Sorghum,2011,559.81,9.59,33.8,8921.3
France,Plantains and others,2014,1214.24,17.26,36.15,37289.3
Mexico,Sweet potatoes,2022,967.35,8.37,13.3,137966.0
South Africa,Sweet potatoes,2002,1483.46,21.22,24.07,147978.5
Australia,Yams,2005,2203.89,113.0,20.31,54226.0
Indonesia,Sorghum,2017,1548.76,30.6,37.64,8963.6
Australia,Yams,1999,1328.32,5.83,33.18,46066.2
Brazil,Plantains and others,2004,2863.21,76.8,23.16,39216.6
Germany,Soybeans,2015,1055.15,64.5,36.73,15699.8
Japan,Rice,2003,1142.78,12.8,18.06,36953.9
Brazil,Maize,2023,1220.0,9.19,35.06,30021.4
South Africa,Sorghum,2009,990.24,88.81,15.08,19640.5
Egypt,Plantains and others,2005,999.86,105.04,35.01,49038.5
Nigeria,Sweet potatoes,2018,1499.95,135.98,35.44,68046.1
Argentina,Sweet potatoes,2019,1980.91,154.28,37.92,49623.3
India,Sweet potatoes,2023,751.07,5.8,25.96,128468.0
Egypt,Maize,1991,2147.14,19.57,20.1,30489.9
Australia,Plantains and others,2017,1581.64,47.45,26.81,74573.3
India,Plantains and others,1995,563.92,39.33,22.59,85338.7
France,Soybeans,2007,1458.18,66.65,28.21,27274.7
India,Rice,1990,1069.41,264.53,13.0,32055.9
Indonesia,Soybeans,2004,319.79,18.99,14.97,23391.3
France,Wheat,1990,1832.68,142.34,34.56,10227.2
Argentina,Cassava,1995,2843.92,41.42,13.93,46245.8
Nigeria,Yams,2014,1975.34,19.85,13.36,78357.4
Canada,Maize,1994,2435.78,171.92,15.93,17615.9
South Africa,Sweet potatoes,2002,1772.53,67.74,30.93,63096.8
France,Sorghum,2013,2249.88,72.23,29.15,6803.0
India,Maize,2003,2251.75,49.26,23.69,21364.4
United States,Plantains and others,2015,2992.17,80.75,19.55,50694.3
Indonesia,Wheat,2018,2232.71,7.66,12.78,16877.9
Indonesia,Wheat,2012,2834.42,15.78,16.2,17434.6
Egypt,Yams,2010,2365.26,47.25,14.4,44681.3
Indonesia,Wheat,2016,1421.78,83.01,33.27,16063.2
South Africa,Sweet potatoes,2011,318.02,35.26,32.83,56367.8
United States,Plantains and others,1999,1692.96,10.27,27.31,63503.1
Mexico,Sorghum,1997,1924.61,33.52,23.09,12930.2
Argentina,Sorghum,2009,285.59,180.15,36.04,8065.5
China,Plantains and others,2004,2412.68,31.16,26.67,31483.9
South Africa,Cassava,2014,2749.72,5.75,33.04,20645.5
China,Plantains and others,2005,1314.52,25.17,28.24,63709.6
Nigeria,Sorghum,1990,2682.05,21.08,15.6,8244.5
Japan,Wheat,1993,200.44,68.33,14.89,24712.2
China,Maize,1993,1437.5,56.71,27.59,37317.4
Nigeria,Sorghum,1998,1143.5,22.54,13.74,16733.1
Canada,Wheat,2017,2490.05,63.86,29.24,11716.6
Nigeria,Plantains and others,2008,2317.73,80.7,24.42,42476.2
Mexico,Soybeans,2019,1361.34,102.1,30.77,25936.9
Germany,Potatoes,2016,334.41,46.86,18.32,226442.1
Nigeria,Cassava,2014,695.04,10.4,31.17,68928.3
Nigeria,Yams,2013,1650.41,73.01,33.21,42533.3
Nigeria,Yams,2002,1286.54,15.27,32.6,47224.3
Indonesia,Plantains and others,2001,561.02,18.7,34.35,41624.3
China,Wheat,2002,1116.48,12.32,16.07,30658.9
China,Plantains and others,2018,1630.81,127.56,37.16,37544.5
Canada,Soybeans,2012,1849.53,119.2,32.62,15801.8
India,Yams,1999,889.08,61.85,34.7,48873.5
China,Sorghum,2000,1407.03,30.65,12.74,16453.1
Mexico,Sweet potatoes,2020,1690.04,10.67,22.18,144166.1
Indonesia,Sweet potatoes,1992,690.63,79.52,36.62,66697.3
Egypt,Cassava,2017,2032.06,9.17,18.3,103929.1
Brazil,Plantains and others,2023,1672.38,83.41,15.0,86075.0
Canada,Maize,1998,403.51,95.61,16.54,43072.8
Mexico,Cassava,2007,2092.09,87.14,19.71,88452.4
Argentina,Potatoes,2000,2148.49,19.56,36.9,44029.6
India,Yams,2004,806.94,7.5,19.6,114226.9
United States,Sweet potatoes,1996,1945.82,27.14,33.95,47219.1
South Africa,Rice,2021,2245.88,255.93,29.65,32519.8
United States,Yams,1992,2021.02,75.73,31.49,36245.8
South Africa,Sweet potatoes,2000,1332.25,17.83,12.45,108873.6
United States,Rice,1998,730.87,6.62,29.53,42488.7
United States,Rice,1996,1104.52,36.16,22.79,53504.6
South Africa,Yams,1998,2079.11,6.65,27.24,44244.5
Nigeria,Maize,2013,408.13,22.05,28.31,62448.3
Indonesia,Sorghum,1995,2363.1,24.63,31.25,5358.8
Brazil,Soybeans,1994,696.19,108.19,31.31,18822.3
India,Potatoes,2003,2432.27,22.96,34.04,38247.1
South Africa,Wheat,1990,1425.32,177.46,36.81,12834.4
Japan,Potatoes,1999,1524.5,85.99,32.51,78275.4
Indonesia,Wheat,2000,1470.79,50.19,37.32,15780.6
Brazil,Soybeans,2013,1497.83,52.52,19.09,22621.1
United States,Plantains and others,1997,2660.5,95.32,17.97,38874.1
Australia,Plantains and others,2001,2076.52,14.63,24.32,55987.7
Egypt,Soybeans,1997,562.33,19.5,23.17,26998.2
Indonesia,Sweet potatoes,2016,802.65,24.58,25.51,174643.8
Indonesia,Potatoes,1999,1255.09,54.47,26.23,179505.6
France,Cassava,2014,974.82,10.51,13.95,109914.1
Egypt,Yams,2015,713.98,32.64,22.19,149566.4
France,Wheat,2011,1739.97,31.67,13.89,28178.5
India,Rice,2018,1989.61,90.96,13.53,32681.9
Mexico,Yams,2022,691.75,58.74,37.36,49249.0
Nigeria,Maize,2012,2715.03,48.53,21.15,25449.7
Brazil,Plantains and others,1998,1576.8,11.83,12.13,56385.2
India,Plantains and others,2019,1119.39,8.91,13.91,97776.0
India,Rice,1997,1506.54,19.85,34.11,27947.6
Germany,Sorghum,2018,2936.13,10.9,17.52,9451.6
Japan,Cassava,2006,2334.4,7.0,36.34,18455.2
Egypt,Sorghum,1993,2663.74,40.74,14.14,8924.7
Nigeria,Maize,2010,1698.21,84.85,27.49,53194.2
South Africa,Cassava,1993,1693.82,91.71,37.52,41865.8
China,Sweet potatoes,2018,1239.97,7.01,21.44,145434.3
India,Potatoes,1997,1795.51,14.17,33.78,62439.1
Nigeria,Yams,1991,2971.63,17.04,22.86,45907.7
Germany,Sweet potatoes,1993,1874.08,80.74,20.81,118480.7
Australia,Plantains and others,2021,1515.45,19.81,35.17,41155.6
Canada,Maize,2007,1406.58,159.35,17.35,45144.6
Argentina,Cassava,2023,2688.6,24.87,22.99,51147.4
France,Soybeans,1997,2496.43,110.93,34.29,6974.2
Brazil,Soybeans,2012,726.89,5.42,37.22,10135.9
Mexico,Sorghum,2020,2678.29,5.41,28.68,6277.4
Nigeria,Rice,2007,2032.97,7.52,14.69,30744.0
Indonesia,Potatoes,2022,1159.28,10.58,16.9,284535.1
Mexico,Sorghum,1994,2568.43,150.36,34.48,3191.1
Mexico,Potatoes,2022,636.57,83.02,13.67,223761.2
Brazil,Maize,2023,1703.94,16.89,33.09,29956.4
Egypt,Plantains and others,1997,2393.18,33.26,18.55,42230.3
Mexico,Potatoes,2022,1195.26,21.53,33.86,88422.5
France,Soybeans,2010,1790.22,14.04,36.32,12592.0
United States,Sweet potatoes,2004,1570.77,35.45,17.35,169500.7
India,Maize,2017,2660.64,62.27,26.07,22302.1
India,Yams,1994,1699.47,18.1,31.34,46630.8
Nigeria,Rice,1990,1050.79,43.88,16.93,42693.7
Canada,Rice,1994,543.81,46.66,19.02,36853.1
India,Potatoes,2023,1804.76,80.93,21.53,182883.4
Mexico,Sorghum,2018,942.26,47.26,23.5,22220.8
Nigeria,Maize,2000,2025.04,15.46,13.64,22860.2
Argentina,Wheat,2004,1251.65,199.0,19.9,37991.6
United States,Soybeans,2001,1920.35,127.23,18.03,18957.8
Mexico,Sweet potatoes,2009,2655.2,81.1,12.4,59299.8
Canada,Potatoes,2009,1203.24,9.49,30.98,142378.2
Indonesia,Sweet potatoes,2015,809.46,12.35,26.33,172512.4
Nigeria,Wheat,2014,794.05,16.28,34.34,18117.1
Egypt,Maize,2004,360.82,35.34,32.68,50373.1
Indonesia,Sweet potatoes,2007,815.3,8.35,31.21,97736.2
Australia,Rice,1994,1105.6,41.31,30.19,39017.0
Indonesia,Potatoes,2009,2978.08,58.3,26.09,89767.7
Germany,Sweet potatoes,1994,2033.73,28.56,37.54,39167.8
Japan,Cassava,2013,1247.43,20.77,19.72,123026.6
Indonesia,Maize,2003,2014.87,30.88,12.42,23911.5
Germany,Potatoes,2020,2945.56,24.6,18.13,96790.3
Canada,Plantains and others,2005,1330.3,30.23,17.03,102359.6
Argentina,Yams,2004,338.56,115.01,29.3,80443.0
South Africa,Cassava,2015,482.49,51.52,29.68,92670.0
Argentina,Yams,2009,2253.96,32.04,25.66,49043.6
Egypt,Soybeans,2000,1022.74,75.51,21.95,28400.5
France,Sweet potatoes,1990,2726.14,29.37,32.26,26881.4
South Africa,Cassava,2003,2908.49,88.41,14.85,47612.1
Argentina,Rice,2018,1165.69,6.78,26.08,48579.2
Egypt,Soybeans,2017,2557.48,123.7,13.87,10090.9
Mexico,Soybeans,2003,2342.18,152.75,30.64,10123.5
United States,Plantains and others,2007,288.08,64.45,23.4,99378.7
Mexico,Sweet potatoes,2022,976.65,37.3,24.24,182721.9
Brazil,Yams,2006,1876.74,142.29,32.21,35376.7
Mexico,Rice,2019,930.99,21.34,35.64,29118.1
France,Wheat,2013,1965.18,71.48,34.35,10730.3
Mexico,Wheat,1998,1541.27,50.73,14.05,26622.6
China,Wheat,2019,687.05,97.48,19.39,35005.8
Egypt,Soybeans,1998,1331.28,61.71,31.86,22264.1
Japan,Potatoes,2015,1304.89,14.91,19.41,189915.8
China,Maize,2020,2579.64,98.2,36.03,10900.0
Brazil,Potatoes,1992,1889.22,60.27,29.03,88855.8
China,Cassava,1995,2540.59,76.03,20.35,45593.7
China,Soybeans,1991,2308.96,22.43,31.85,7126.0
France,Soybeans,2004,1312.87,16.81,25.55,26000.1
Canada,Cassava,2004,1396.17,49.77,31.09,78884.3
Germany,Cassava,1998,2222.04,52.74,15.92,58206.8
Mexico,Plantains and others,2022,2220.56,12.59,34.8,18695.6
Brazil,Potatoes,2016,1479.55,24.9,16.11,190261.5
Indonesia,Plantains and others,2006,2379.78,7.9,25.65,35454.2
Germany,Plantains and others,2014,1916.44,14.46,12.54,63962.7
Brazil,Soybeans,2015,2519.91,47.16,19.96,10260.4
Brazil,Yams,2012,1959.79,14.48,18.72,61434.8
France,Yams,1994,2294.65,59.89,27.15,33790.8
Australia,Maize,2006,1726.67,41.32,14.46,33590.7
China,Maize,1994,2038.64,95.7,21.71,27586.2
Japan,Plantains and others,1997,1639.32,27.58,30.99,42435.3
Mexico,Wheat,2008,1957.36,141.86,19.78,22194.8
Canada,Potatoes,1996,1842.45,52.47,33.33,59597.1
Indonesia,Potatoes,1994,1919.52,16.55,15.77,139416.2
Argentina,Cassava,2010,581.29,19.41,26.11,110209.1
Indonesia,Potatoes,1995,2416.41,160.52,22.75,91799.1
Indonesia,Rice,1990,971.42,29.04,21.75,47024.4
Japan,Maize,2003,347.91,89.94,33.45,28757.3
Japan,Yams,2016,1870.66,21.94,27.4,60760.8
Brazil,Soybeans,1994,2950.79,28.59,17.21,8147.9
Indonesia,Plantains and others,2021,1742.89,12.81,27.89,69454.8
Germany,Sweet potatoes,2008,1245.25,32.02,19.82,160692.6
Germany,Rice,1992,2126.71,165.59,23.92,30655.8
Egypt,Rice,1993,618.98,34.87,19.24,44938.1
Nigeria,Maize,2020,434.93,41.35,17.85,58500.9
Canada,Rice,1995,782.09,85.55,28.24,45877.8
Nigeria,Maize,2007,1135.89,165.75,25.52,63149.4
Mexico,Wheat,2010,2243.75,42.89,33.54,5682.7
Egypt,Sorghum,2022,679.61,173.37,25.7,26482.7
Argentina,Maize,2023,774.72,75.35,32.9,47441.0
Argentina,Sorghum,2017,2895.67,8.73,18.98,9149.0
India,Rice,1999,1352.16,67.78,24.66,47509.6
China,Potatoes,1990,2647.19,114.15,12.29,60480.9
Mexico,Plantains and others,1998,2618.83,50.35,26.94,32041.3
Australia,Sorghum,1997,2692.3,45.23,37.16,3472.0
Canada,Rice,1995,1618.09,107.35,17.55,47648.5
United States,Soybeans,2012,1917.08,30.57,12.31,12599.1
Egypt,Maize,2020,1749.33,8.84,19.43,45789.2
Canada,Yams,1994,358.52,14.31,19.42,109841.7
Egypt,Sorghum,2004,509.35,93.45,30.08,13785.7
Canada,Yams,2002,1444.27,99.66,28.01,81563.7
Argentina,Plantains and others,2012,1158.81,320.94,12.09,81956.2
France,Yams,2007,2013.02,12.33,27.32,56101.9
Argentina,Sweet potatoes,1990,518.09,106.3,15.36,141890.7
Japan,Soybeans,2021,2184.14,8.22,12.91,9314.1
Brazil,Potatoes,2009,382.76,34.32,34.12,69357.4
Nigeria,Cassava,1991,217.16,36.19,12.64,98230.0
India,Rice,1990,2832.66,64.03,34.56,12995.3
Egypt,Plantains and others,2005,248.08,152.49,21.59,101085.2
Brazil,Soybeans,1993,1361.25,6.84,20.36,19930.2
Nigeria,Rice,2011,1359.98,194.01,27.14,60035.3
Canada,Cassava,2007,762.38,15.29,18.62,164042.4
France,Plantains and others,1990,1531.62,22.79,20.4,81508.9
China,Soybeans,2007,1976.43,92.92,23.12,16456.0
Egypt,Wheat,2019,2550.95,32.76,28.76,14132.1
South Africa,Plantains and others,2015,2784.64,46.62,20.56,36717.5
Australia,Cassava,2008,1842.91,21.05,12.84,87456.1
Argentina,Plantains and others,2002,744.11,187.36,21.4,107779.7
Argentina,Potatoes,2004,445.3,29.03,25.17,179943.2
Mexico,Maize,2020,2941.57,20.76,30.01,17517.6
China,Yams,1996,964.18,14.3,24.58,78598.4
United States,Rice,2018,2322.61,50.37,19.13,36014.3
Japan,Wheat,2016,497.66,123.62,37.94,14182.4
United States,Wheat,1991,2507.77,77.67,21.75,12255.0
India,Plantains and others,1996,2851.31,6.63,13.19,31093.2
Australia,Maize,2002,1787.32,15.93,29.03,37953.4
Brazil,Sweet potatoes,1996,321.51,8.44,26.35,105550.6
Germany,Sweet potatoes,2012,2573.72,28.63,26.92,51175.9
United States,Potatoes,1994,2030.64,270.45,36.38,51177.9
South Africa,Wheat,2023,2844.13,52.18,30.61,8603.3
Mexico,Maize,2004,2486.1,22.86,23.28,24136.6
China,Cassava,2004,592.75,43.57,27.42,75104.8
Brazil,Sweet potatoes,2015,2742.3,8.01,27.3,57535.4
Japan,Rice,2013,2412.79,22.04,22.07,27889.0
Brazil,Rice,2002,2891.09,15.34,21.13,18487.6
Japan,Soybeans,2011,1380.54,30.07,37.65,11297.6
Indonesia,Sorghum,1995,426.84,24.03,37.12,8618.0
Nigeria,Maize,1990,1602.42,18.18,26.09,41133.4
South Africa,Cassava,2003,2594.94,61.22,16.43,48231.8
Egypt,Wheat,2008,2833.81,76.68,30.1,11142.4
Mexico,Soybeans,1999,2394.97,118.75,23.41,10551.2
Australia,Rice,2001,1071.38,99.87,27.68,44919.5
United States,Plantains and others,2019,269.06,61.25,36.24,45057.0
Germany,Potatoes,2020,2826.15,42.67,12.26,75826.2
United States,Maize,1994,2087.86,25.48,16.41,23876.8
Mexico,Wheat,1997,2975.04,33.23,34.61,6767.5
Germany,Cassava,2004,465.53,26.3,12.95,114083.7
Brazil,Rice,1997,715.75,21.97,18.46,33720.2
Brazil,Rice,2018,1720.73,219.98,23.24,48844.3
Argentina,Yams,2015,2580.54,139.64,27.63,39402.1
Canada,Cassava,2002,1251.42,34.65,32.54,64022.3
Argentina,Yams,1990,856.34,43.02,14.97,103767.0
Australia,Sweet potatoes,2003,1106.78,17.42,37.25,63361.6
Australia,Soybeans,2014,797.65,43.44,33.72,25731.2
South Africa,Cassava,1993,1714.88,136.05,36.23,31602.4
France,Soybeans,1993,837.59,10.21,23.27,24862.0
Nigeria,Sorghum,2007,1785.89,62.21,20.81,16044.2
Australia,Wheat,1992,887.41,57.72,33.64,17467.4
Argentina,Yams,1996,2025.28,6.97,16.77,57129.1
Indonesia,Sorghum,1998,2102.34,46.67,23.34,11561.1
United States,Rice,2021,753.55,27.63,29.34,53775.0
China,Soybeans,2006,256.95,69.48,12.92,14670.9
United States,Sweet potatoes,2000,1032.56,19.88,21.92,146914.9
Japan,Wheat,2013,659.94,98.53,33.12,13133.4
Japan,Sweet potatoes,1991,249.18,53.28,23.91,120051.7
Indonesia,Potatoes,2018,2833.3,25.45,25.78,91599.4
Australia,Plantains and others,2006,1064.1,51.74,16.81,97822.1
Argentina,Potatoes,2012,1332.65,45.34,36.39,88907.3
Egypt,Rice,1999,2357.16,28.17,30.99,24596.1
China,Wheat,1990,946.34,26.15,28.88,20639.6
Indonesia,Sweet potatoes,2022,2864.14,55.71,32.48,35853.5
United States,Soybeans,1994,2661.18,75.26,36.27,6610.3
United States,Soybeans,1993,2201.1,29.22,32.04,10698.1
Australia,Sorghum,2011,770.86,121.56,19.17,23640.7
Indonesia,Soybeans,2022,1286.48,38.83,19.68,31292.0
Australia,Potatoes,1994,2756.11,75.31,17.91,95035.3
Nigeria,Yams,2010,2489.91,35.4,32.79,22021.5
Nigeria,Potatoes,1995,253.85,10.95,37.75,64304.6
Mexico,Yams,1994,381.16,71.19,20.37,85789.3
Egypt,Wheat,2023,1438.92,13.45,27.49,33175.9
Nigeria,Sorghum,1999,1519.5,6.36,14.39,16920.5
South Africa,Rice,1997,296.13,207.46,34.49,26852.8
India,Rice,2019,1687.36,62.41,18.17,50973.6
United States,Soybeans,1996,2194.3,28.57,36.12,7773.1
Mexico,Potatoes,2010,2796.53,65.67,18.37,84103.4
South Africa,Potatoes,2018,2067.14,138.06,29.87,87265.5
Germany,Sweet potatoes,2007,2592.98,15.8,16.2,65296.0
Mexico,Potatoes,2008,2905.51,187.1,13.02,70087.4
Australia,Rice,1999,2078.63,65.4,15.18,28014.1
France,Plantains and others,2019,904.93,28.49,32.8,45438.3
Nigeria,Cassava,1995,2646.7,7.71,35.12,21717.6
Nigeria,Soybeans,1990,2606.21,10.36,21.02,9674.1
Germany,Maize,2007,2239.41,118.57,13.37,17578.9
Germany,Rice,2017,1641.35,8.3,21.27,44399.4
France,Cassava,2015,1554.93,89.12,36.8,45804.4
Canada,Cassava,2005,283.39,140.55,25.7,106628.5
Germany,Sweet potatoes,2001,1081.13,37.88,37.19,59886.9
China,Potatoes,2007,2921.11,27.23,22.54,78558.7
Egypt,Sorghum,2000,280.07,124.78,33.36,9408.4
Brazil,Plantains and others,2018,722.76,16.06,24.28,101285.5
Brazil,Maize,2022,614.27,28.75,29.78,46272.9
Japan,Yams,2010,2999.49,43.12,33.49,15178.7
India,Yams,2010,249.8,6.71,24.56,95434.3
Australia,Cassava,1996,2410.47,61.0,27.84,39048.4
Germany,Yams,1997,708.16,11.41,15.73,109808.1
Japan,Wheat,2005,1459.13,52.45,29.9,22523.4
Argentina,Cassava,2009,2003.04,52.45,30.7,52431.0
Germany,Yams,2021,2644.45,21.72,27.38,46515.0
China,Yams,2018,2225.4,29.04,20.3,51092.6
Japan,Cassava,1993,2125.76,36.86,34.79,24989.0
Australia,Potatoes,2012,402.37,73.25,31.71,107800.4
Brazil,Sorghum,2015,1549.1,64.78,13.36,17198.1
United States,Sweet potatoes,2002,2410.43,14.88,26.9,55179.1
South Africa,Maize,2003,1968.13,9.48,36.62,18490.3
France,Maize,2020,1289.65,75.5,13.9,38358.4
Nigeria,Cassava,1991,1767.56,19.18,37.41,42869.3
South Africa,Yams,2005,203.16,117.33,20.09,85649.6
Canada,Yams,2007,2717.27,10.39,15.71,44550.8
Japan,Soybeans,2010,2871.63,237.64,33.0,8191.3
Egypt,Yams,2006,2227.22,15.29,35.65,23262.7
United States,Yams,2023,2398.68,44.87,29.68,36563.8
China,Cassava,2002,2244.21,16.97,14.05,50840.5
Brazil,Potatoes,1990,1090.98,12.88,36.83,74542.7
Nigeria,Maize,2023,2937.63,83.17,24.74,27050.0
Mexico,Soybeans,2019,2324.54,15.58,26.77,12255.7
Canada,Maize,2002,1335.46,47.06,32.56,44957.2
Brazil,Potatoes,2013,1194.37,21.5,18.82,210283.0
Canada,Soybeans,1990,2318.49,7.67,33.77,7111.9
China,Sorghum,1991,550.75,52.5,17.19,18147.8
United States,Potatoes,2023,2705.07,5.58,37.11,36783.1
Australia,Sorghum,2020,1308.64,20.84,19.58,24132.7
United States,Rice,2005,1387.64,99.77,20.11,50622.0
Germany,Plantains and others,1993,1567.35,57.88,15.15,74573.5
Argentina,Soybeans,1991,1573.29,8.85,12.9,12853.4
China,Sweet potatoes,2020,583.26,63.17,37.82,74857.9
Brazil,Sorghum,2013,2264.97,11.86,25.31,6957.7
United States,Maize,2021,271.47,69.96,33.61,39301.4
France,Sorghum,2022,789.69,21.63,25.25,21308.8
Canada,Wheat,2008,1067.11,22.63,19.95,42953.9
Australia,Soybeans,2001,324.16,24.46,26.8,27033.5
Indonesia,Maize,1990,2740.29,20.32,19.31,18216.5
Germany,Cassava,2020,489.79,19.62,35.89,53433.4
Indonesia,Maize,1998,772.95,62.42,31.87,45357.8
United States,Wheat,2005,2150.31,50.41,15.19,22194.9
Argentina,Potatoes,2018,2478.16,53.19,33.79,30923.6
Egypt,Potatoes,2008,2597.16,18.12,34.07,40939.1
Japan,Cassava,1994,2323.54,25.37,21.86,41586.5
Japan,Potatoes,1999,1364.23,172.27,31.11,95853.5
South Africa,Cassava,2012,2703.84,8.64,37.49,18152.9
China,Sorghum,2005,2768.22,80.93,18.33,8245.7
Canada,Potatoes,1990,790.46,18.64,35.86,81568.1
China,Sweet potatoes,2005,2993.55,75.0,37.24,23241.9
Argentina,Soybeans,2018,409.39,129.55,31.28,22911.5
Nigeria,Yams,2000,1816.72,140.53,12.91,73082.5
Australia,Maize,1993,2029.61,62.85,29.81,32284.4
Egypt,Potatoes,2015,1305.63,51.87,13.05,213801.7
Brazil,Plantains and others,2013,490.13,95.72,26.31,86802.4
Argentina,Sweet potatoes,1997,534.04,10.42,14.01,148731.9
Brazil,Cassava,2004,1211.48,104.03,23.03,112457.7
Mexico,Plantains and others,2001,2749.32,39.94,18.99,41065.1
Nigeria,Potatoes,2022,2765.56,29.58,27.51,84857.8
Japan,Soybeans,1990,2143.16,25.54,14.7,9170.1
South Africa,Sweet potatoes,2000,254.05,173.18,15.88,127783.6
Brazil,Rice,2017,1582.94,41.02,16.26,41521.1
Germany,Rice,2022,1570.46,38.54,14.02,36201.9
Indonesia,Maize,1998,1008.72,31.3,25.62,52115.9
India,Soybeans,2014,1409.89,45.14,33.66,22754.4
Egypt,Yams,2022,1848.34,17.65,34.03,46046.4
South Africa,Soybeans,2014,1336.84,213.95,32.03,22828.1
Nigeria,Wheat,2013,709.12,34.51,18.35,45527.0
France,Yams,1991,1900.51,5.01,32.94,24892.8
Brazil,Wheat,2007,1776.35,15.36,32.82,10306.1
South Africa,Rice,2015,723.35,35.34,31.44,41101.4
India,Yams,2000,1775.57,188.67,29.91,56815.0
South Africa,Potatoes,2002,2258.32,22.15,19.89,82186.8
United States,Soybeans,1992,1996.05,15.29,19.87,17729.3
China,Soybeans,2013,1717.7,21.6,20.41,20012.1
United States,Cassava,2022,2054.99,28.2,28.8,65607.1
Nigeria,Wheat,2015,1484.76,17.18,24.84,35859.0
Mexico,Maize,2023,2173.51,23.47,20.2,32363.6
Indonesia,Cassava,2013,1789.91,26.49,30.33,61445.0
South Africa,Cassava,2005,2048.01,22.05,15.66,84795.5
Mexico,Sorghum,2020,227.46,19.22,14.7,17499.9
Brazil,Sorghum,2004,1899.13,103.57,12.4,13201.5
Mexico,Wheat,2010,2195.29,8.61,24.91,13946.8
France,Plantains and others,1994,554.54,89.49,35.88,35051.7
Brazil,Cassava,1998,2810.35,109.49,20.3,43646.5
Nigeria,Sorghum,1993,1082.52,109.05,21.03,21910.8
Nigeria,Sweet potatoes,2013,2914.8,22.56,28.31,53640.0
China,Plantains and others,2001,630.17,77.28,30.82,51414.6
Argentina,Yams,2020,2687.31,77.77,33.11,21516.3
Canada,Wheat,2002,266.66,7.65,36.93,15113.8
Egypt,Cassava,2008,1288.63,11.34,14.09,128621.7
India,Yams,2003,1661.08,43.76,25.46,77184.0
India,Plantains and others,2011,473.47,10.35,30.33,60770.4
Brazil,Sorghum,1999,2545.38,112.33,24.12,7013.6
Argentina,Wheat,2001,2583.61,33.4,31.73,7364.8
Germany,Sorghum,2014,1694.57,160.37,19.79,21622.0
Indonesia,Wheat,1999,624.67,9.28,23.22,36558.6
India,Wheat,2012,665.57,95.08,21.32,43988.6
Australia,Maize,2011,2357.23,91.1,30.17,21747.4
Australia,Yams,2006,2700.98,55.6,29.92,36521.1
United States,Yams,2023,2130.15,8.61,34.36,27090.3
Nigeria,Rice,2012,382.38,80.76,31.65,41231.3
India,Plantains and others,1994,2148.09,79.37,13.12,41981.5
United States,Potatoes,2002,2029.98,12.88,16.82,130724.2
Nigeria,Plantains and others,2022,2099.71,90.42,26.66,68233.3
Canada,Sweet potatoes,2009,2816.65,67.58,12.96,69260.2
South Africa,Wheat,2023,1236.46,97.0,34.46,17224.1
Canada,Plantains and others,2010,2273.3,34.07,35.1,17268.5
Indonesia,Rice,2003,1819.73,224.49,21.68,42774.7
Nigeria,Wheat,2008,2187.52,61.53,27.26,16668.6
United States,Potatoes,2005,561.47,35.49,19.06,208198.4
Brazil,Maize,1994,1829.52,34.32,12.57,19846.0
Argentina,Rice,1998,2412.31,58.88,34.27,18379.1
Argentina,Rice,2021,2649.67,66.3,31.77,17444.6
Indonesia,Sweet potatoes,2019,1138.61,10.02,32.41,87174.4
India,Cassava,2008,1841.14,22.7,15.88,71694.5
Egypt,Yams,1996,2480.62,56.79,21.52,49057.8
Germany,Rice,2013,1895.75,210.28,18.31,50792.8
India,Maize,2006,1861.85,16.63,18.82,32495.3
Germany,Sweet potatoes,2005,1340.06,69.77,14.86,150069.5
France,Sweet potatoes,2005,362.4,44.35,14.15,143506.3
Egypt,Sweet potatoes,2014,1707.35,60.73,14.59,171904.1
Nigeria,Soybeans,2017,1165.33,37.97,16.8,23424.0
Germany,Sweet potatoes,2003,2774.4,26.81,30.71,38315.3
Canada,Potatoes,2014,2450.53,113.72,18.47,101837.3
France,Cassava,1992,2703.35,39.32,26.15,43187.6
France,Maize,1990,1525.0,182.54,21.68,38163.5
China,Sorghum,2007,2356.09,178.71,32.11,3839.6
South Africa,Sweet potatoes,2007,2959.22,25.81,20.11,63935.7
South Africa,Cassava,2008,2981.41,9.53,34.42,20865.4
Brazil,Plantains and others,2023,417.09,86.81,15.62,103144.4
United States,Maize,2021,238.09,31.54,13.91,37689.3
France,Sorghum,2022,494.82,18.69,16.86,19448.0
Brazil,Potatoes,2016,2203.89,29.77,31.92,48551.6
Nigeria,Wheat,2007,2726.22,7.55,25.63,14155.7
Nigeria,Sweet potatoes,1997,2810.86,54.79,36.29,26783.6
Egypt,Cassava,1991,2604.99,17.48,16.0,48253.5
France,Sorghum,2002,1173.67,30.53,21.38,17242.3
Canada,Cassava,2000,2212.08,34.02,15.7,71268.8
United States,Maize,1998,870.5,106.02,20.5,56525.8
Argentina,Soybeans,1996,713.98,21.77,22.83,26944.1
Mexico,Cassava,2013,1782.43,126.63,37.18,35259.9
Argentina,Sorghum,2001,919.62,31.14,24.96,21723.8
Mexico,Sorghum,2010,2576.16,76.08,27.64,7079.9
United States,Yams,2007,2958.09,115.04,32.05,22190.4
Japan,Wheat,2017,1412.9,12.74,16.37,32246.9
Japan,Maize,2016,815.09,37.88,13.1,27450.1
China,Cassava,2006,327.69,32.5,34.34,39481.5
United States,Cassava,1993,1859.56,138.9,34.78,41802.7
United States,Wheat,2010,1363.1,15.33,14.66,40177.8
China,Maize,2005,248.01,22.31,23.03,37511.1
Nigeria,Sweet potatoes,2000,2096.13,64.83,25.93,87866.8
Germany,Plantains and others,2002,2377.4,38.94,35.12,14389.0
Japan,Rice,1991,1645.15,25.23,19.19,31488.6
France,Yams,2021,737.96,59.99,26.94,101209.8
Nigeria,Sweet potatoes,2017,1988.43,42.99,31.98,53565.7
Brazil,Potatoes,2011,2403.57,25.34,34.91,35341.8
Argentina,Soybeans,1998,1239.11,64.78,24.37,27620.5
South Africa,Soybeans,2005,264.68,41.34,24.59,20310.5
Germany,Rice,2009,1699.77,12.37,26.0,44117.0
China,Maize,1995,2603.18,16.1,34.77,12106.8
United States,Plantains and others,2005,344.2,45.48,32.27,41902.4
Nigeria,Maize,2012,1669.18,6.13,30.63,42963.1
Nigeria,Sweet potatoes,2011,2331.56,159.21,21.66,75894.5
South Africa,Rice,2008,1297.99,97.94,32.98,33126.8
Nigeria,Wheat,1996,770.22,56.64,37.86,16734.4
Argentina,Plantains and others,2003,1234.9,26.73,29.38,57646.3
Germany,Plantains and others,1992,2906.14,55.52,32.33,16507.3
Japan,Yams,1999,1694.09,12.21,36.25,34042.9
United States,Plantains and others,2005,1907.25,21.03,30.16,40583.4
Australia,Sorghum,2012,2806.03,139.73,37.2,4122.8
Mexico,Soybeans,2021,2686.63,106.58,21.29,14426.4
Egypt,Maize,2005,2456.54,32.88,14.95,16520.6
Brazil,Sweet potatoes,1998,755.95,42.41,25.97,100652.1
Indonesia,Wheat,2005,2332.16,39.42,19.15,16990.6
Indonesia,Wheat,2008,1188.83,35.69,37.52,17250.3
South Africa,Potatoes,2003,2843.95,31.37,29.67,57520.3
China,Wheat,2002,2708.34,161.44,34.87,6028.3
Mexico,Yams,1991,2369.58,72.32,25.99,28602.7
Nigeria,Wheat,2019,789.93,95.68,19.54,44387.0
Nigeria,Sweet potatoes,2012,831.55,15.49,28.04,145911.9
Japan,Yams,2022,1012.83,93.03,29.47,88387.7
China,Yams,2003,556.3,8.18,37.9,40258.1
United States,Yams,2017,1595.31,92.04,33.22,45093.1
Indonesia,Soybeans,2009,1550.21,38.17,35.15,18778.7
United States,Potatoes,1996,1397.56,65.47,23.3,187242.9
Brazil,Plantains and others,1991,1148.04,17.69,21.34,81527.0
India,Potatoes,2005,2968.53,50.05,22.38,74158.0
Brazil,Sorghum,2010,749.19,36.59,34.41,9337.4
Germany,Sorghum,2020,796.23,29.76,20.27,23640.3
Japan,Soybeans,1999,2249.51,7.19,29.57,9083.3
Mexico,Sweet potatoes,2006,1363.57,29.25,31.2,82774.8
Mexico,Maize,2008,2502.7,31.66,12.37,13279.9
Egypt,Sorghum,1993,406.34,146.87,24.84,22001.7
Germany,Plantains and others,1996,410.96,151.53,35.93,35648.6
Brazil,Maize,2019,392.08,43.54,16.16,47014.0
Indonesia,Yams,2001,584.21,13.75,14.0,114543.6
United States,Potatoes,2022,1618.35,6.66,13.8,177429.1
Australia,Wheat,2004,1014.54,133.2,20.47,38971.8
China,Maize,2002,2086.68,49.44,26.98,28796.2
Mexico,Sweet potatoes,2012,1632.22,20.44,36.33,51632.6
Japan,Cassava,2014,2745.19,29.39,36.09,20049.2
South Africa,Rice,2007,2365.39,96.28,21.54,28324.7
Argentina,Maize,2005,585.15,322.95,13.28,40812.8
Australia,Soybeans,2002,1371.77,6.96,23.28,25001.7
Mexico,Cassava,2020,2540.2,51.86,22.1,63346.5
Mexico,Yams,2004,2828.81,51.74,16.12,46982.1
Canada,Maize,2010,901.12,114.62,31.65,51786.2
South Africa,Yams,2015,2685.44,55.8,34.15,17056.2
Indonesia,Sweet potatoes,2010,1693.54,40.75,26.2,129970.3
Canada,Sorghum,2013,2069.72,101.47,36.42,5310.5
Indonesia,Maize,2016,1784.93,7.27,32.71,38454.4
Mexico,Potatoes,2017,2615.06,16.03,35.94,40169.9
Canada,Rice,2008,2079.05,163.4,32.01,35027.9
Brazil,Rice,1995,1511.93,106.0,34.07,33812.9
India,Sweet potatoes,2018,707.52,134.28,14.69,178250.2
Mexico,Wheat,1990,1051.77,58.12,24.68,33516.4
Canada,Rice,1993,2112.24,121.86,18.01,31059.6
Mexico,Maize,2022,2657.96,186.13,19.87,24227.3
Nigeria,Sorghum,1991,1447.14,26.93,24.89,15842.6
China,Sweet potatoes,2010,346.46,72.9,16.48,142216.1
United States,Sweet potatoes,1990,236.0,10.83,21.46,126311.3
France,Soybeans,2017,480.05,63.87,12.76,16579.4
Nigeria,Maize,1993,1608.6,9.02,29.74,40872.8
Australia,Sweet potatoes,2003,979.32,14.94,35.44,74321.0
South Africa,Wheat,2009,792.17,45.45,15.27,36102.5
United States,Rice,2007,832.74,56.01,23.88,59071.1
Nigeria,Soybeans,2011,1504.44,7.97,16.85,20608.5
Nigeria,Plantains and others,2002,832.05,42.35,15.33,126779.6
Indonesia,Cassava,2023,1557.83,36.64,18.8,132033.4
Japan,Cassava,1994,2704.29,7.94,27.52,31872.4
Australia,Wheat,2020,965.32,56.13,24.18,42079.9
India,Sweet potatoes,1997,2278.67,39.47,35.34,27027.9
Japan,Sweet potatoes,2010,1330.18,24.05,36.28,60415.9
United States,Potatoes,2006,2783.12,9.25,29.9,56636.2
Indonesia,Soybeans,2004,2012.31,28.38,31.31,16059.6
Argentina,Sorghum,2003,892.91,50.87,18.7,20263.7
South Africa,Yams,2002,1124.75,11.72,24.36,77325.6
Japan,Rice,1993,2633.69,29.47,21.1,16176.8
Argentina,Sweet potatoes,1996,2793.83,9.44,19.05,61225.8
Argentina,Soybeans,2012,421.61,11.26,16.57,22927.8
India,Sorghum,1991,445.72,13.46,31.99,9850.6
Argentina,Maize,1992,2941.63,8.81,19.38,16541.1
Brazil,Sorghum,2019,1776.21,26.7,27.76,11819.7
Indonesia,Yams,1993,247.86,31.17,17.93,104182.0
France,Sweet potatoes,1992,1729.98,11.38,36.29,41524.5
Canada,Wheat,2015,1674.24,43.76,34.38,14522.6
China,Plantains and others,1998,2979.63,164.95,12.15,30439.5
Mexico,Wheat,2003,1176.81,93.57,35.21,15176.8
China,Soybeans,2009,2934.22,168.17,37.46,4609.6
Argentina,Cassava,2005,248.57,260.78,26.13,107287.8
Argentina,Sweet potatoes,1994,2462.44,20.11,32.78,26131.0
Brazil,Wheat,2012,1087.4,52.16,37.14,13251.8
Egypt,Potatoes,2015,1996.86,60.27,33.64,76857.4
France,Wheat,1999,2822.14,24.09,16.04,13869.6
Indonesia,Rice,2009,1903.29,27.48,31.56,39861.6
Mexico,Sorghum,1995,1943.56,13.37,21.28,11985.0
Argentina,Potatoes,2018,2776.84,34.81,25.95,74866.8
France,Maize,2012,2928.04,26.11,28.85,21619.1
Argentina,Plantains and others,2004,2399.69,120.32,17.68,40651.0
China,Sorghum,2014,2954.05,109.68,16.17,6986.4
United States,Plantains and others,1991,1140.69,44.1,16.99,99761.5
India,Plantains and others,1993,2546.89,6.09,18.06,36960.1
India,Sweet potatoes,1999,341.68,116.52,17.9,166915.2
Germany,Cassava,1996,1730.11,25.9,19.2,106150.7
India,Soybeans,2012,2157.74,42.24,33.7,10139.7
Egypt,Rice,2013,1515.02,8.98,30.35,44497.8
South Africa,Plantains and others,1996,1779.81,17.92,28.18,47545.7
Australia,Maize,2002,585.85,60.61,37.46,22160.9
Australia,Sweet potatoes,2004,2684.0,7.52,15.55,66460.3
Mexico,Maize,1992,229.7,103.9,23.73,43629.3
Argentina,Soybeans,2005,2037.16,97.27,30.73,14125.5
China,Rice,1993,2141.42,66.43,35.98,18618.7
Canada,Cassava,2016,2206.97,6.66,21.71,80352.0
India,Soybeans,2006,2512.73,22.22,33.02,8550.6
Egypt,Plantains and others,1992,2116.46,53.75,15.98,61892.1
Nigeria,Plantains and others,2022,1422.78,101.63,16.62,95558.5
India,Sweet potatoes,1999,2672.27,23.36,29.99,42036.8
Brazil,Rice,2004,1321.65,37.97,21.25,48289.0
South Africa,Potatoes,2002,457.13,53.27,16.26,167272.2
China,Yams,2003,1922.14,198.43,27.48,55230.5
Canada,Maize,2017,2879.84,119.5,24.23,29937.5
China,Cassava,2023,1509.88,23.66,23.39,119894.8
Mexico,Plantains and others,2006,1804.02,14.1,35.25,24719.1
Egypt,Potatoes,1997,261.06,61.9,26.25,181572.2
Germany,Sweet potatoes,2012,2410.34,74.43,37.24,27699.5
India,Potatoes,2006,2747.8,83.24,26.65,74382.8
Indonesia,Plantains and others,2023,2670.31,26.02,22.07,47340.3
Germany,Sorghum,1991,220.09,15.0,20.59,17295.4
Egypt,Rice,2002,733.89,45.23,22.59,53424.1
Japan,Sweet potatoes,1997,742.55,23.09,28.14,113430.6
Indonesia,Sorghum,2008,1850.18,113.6,21.48,17955.3
United States,Yams,2001,1261.59,37.57,16.84,119878.7
Argentina,Sorghum,1998,297.22,63.66,25.73,15065.8
Egypt,Plantains and others,1998,2485.84,66.55,13.6,41639.0
Germany,Soybeans,2004,1676.82,41.13,14.27,16943.3
China,Sorghum,2000,937.83,121.3,19.39,20151.4
Australia,Cassava,2009,2283.99,73.54,29.44,48953.4
Indonesia,Sorghum,1991,878.78,14.23,22.25,23022.8
China,Maize,2018,2776.0,124.15,25.71,21169.5
United States,Cassava,1996,798.4,20.54,18.06,107566.4
Nigeria,Cassava,1992,748.44,14.13,26.97,103972.7
Brazil,Yams,1998,338.92,39.61,18.56,87545.4
Egypt,Plantains and others,2002,510.08,22.04,17.41,114403.9
China,Yams,2006,235.67,51.93,13.7,75099.2
India,Sorghum,1991,2291.33,16.25,20.87,9094.0
Brazil,Plantains and others,2005,2443.24,20.37,17.46,38126.4
Canada,Sorghum,2010,2208.93,58.57,26.83,10608.3
United States,Cassava,2016,2167.39,479.79,23.32,85993.1
Brazil,Potatoes,2009,2211.21,25.54,28.24,70386.3
Mexico,Cassava,1993,1501.22,194.97,29.63,69629.5
Germany,Wheat,2008,2536.46,74.82,23.97,14675.3
Egypt,Wheat,2007,1364.1,43.89,27.01,38586.1
Germany,Soybeans,2014,272.88,18.53,32.13,23340.0
South Africa,Potatoes,1998,1306.82,209.21,18.37,167914.5
Indonesia,Rice,1997,2208.46,34.65,34.71,22469.1
India,Potatoes,1999,1494.25,142.19,22.19,210213.0
Egypt,Sorghum,2013,2971.37,22.99,19.22,9491.6
France,Plantains and others,2013,2496.08,5.48,12.09,36281.9
Mexico,Rice,2006,2110.24,42.8,14.16,27925.9
United States,Yams,2016,1736.17,5.6,25.03,84524.1
Argentina,Plantains and others,2007,1410.95,32.12,13.15,86545.3
Canada,Rice,1997,418.69,148.38,14.58,30398.5
Canada,Potatoes,1999,2179.69,18.24,34.9,49756.3
Nigeria,Sorghum,2009,2224.5,29.98,17.65,12048.9
Nigeria,Yams,2016,1529.8,50.85,26.85,102501.4
Argentina,Potatoes,1991,1398.82,30.85,30.53,109574.6
Egypt,Soybeans,2009,1391.74,17.52,14.24,23283.9
Canada,Wheat,1997,1275.65,125.11,33.76,14074.5
South Africa,Rice,2005,2144.54,26.44,34.99,23383.8
China,Maize,2011,2709.89,34.75,29.08,18331.2
Nigeria,Cassava,2004,333.89,68.28,35.68,59388.9
Egypt,Sweet potatoes,1992,2767.11,56.46,12.86,57344.8
Canada,Sorghum,2004,2220.24,24.64,32.52,5325.6
Brazil,Plantains and others,2006,2661.71,44.76,19.41,37923.2
Mexico,Rice,1991,2664.97,12.07,15.18,13522.1
Australia,Maize,2011,698.77,65.14,12.71,35371.6
Germany,Yams,2007,1164.24,59.57,35.38,42378.2
Indonesia,Maize,2007,1269.52,126.2,19.21,54090.0
Indonesia,Yams,2012,434.26,20.96,19.74,111785.0
France,Wheat,1995,404.29,70.61,19.78,29664.1
Brazil,Soybeans,2020,2724.44,39.21,36.48,6099.4
China,Rice,2002,1104.65,27.76,13.18,32365.8
India,Plantains and others,2002,695.22,59.25,16.11,102045.3
Argentina,Yams,1993,588.53,11.12,19.8,96669.0
India,Yams,2009,710.48,187.18,25.15,112284.9
Australia,Soybeans,2021,1156.92,24.71,12.91,21649.5
Germany,Plantains and others,1997,1373.36,62.36,21.19,104516.6
India,Wheat,2008,1607.96,23.85,16.69,30385.8
Canada,Potatoes,2022,2814.83,6.9,25.01,95209.1
France,Soybeans,2013,1397.36,11.64,25.78,24169.1
Australia,Plantains and others,2007,941.81,17.5,17.09,103670.6
United States,Maize,1996,772.33,19.14,36.26,30554.9
Argentina,Sorghum,2017,1342.94,20.25,26.97,18517.1
India,Wheat,1995,2691.99,136.65,18.19,14375.0
Japan,Soybeans,2021,2952.44,7.14,37.72,4849.8
Australia,Wheat,2015,271.53,31.07,12.82,30903.4
United States,Sorghum,2017,1420.94,21.0,27.32,17219.4
Indonesia,Plantains and others,2021,788.83,12.33,12.64,104897.5
Brazil,Sorghum,2007,435.68,16.89,14.1,15938.0
Australia,Sorghum,1991,1806.72,20.42,29.36,10944.9
Canada,Potatoes,2011,2674.85,5.26,36.27,31165.5
Australia,Sweet potatoes,1997,1507.89,95.08,16.62,155672.3
Nigeria,Soybeans,2002,1788.06,23.23,17.74,18885.3
Indonesia,Soybeans,2003,1657.68,8.83,25.32,25874.1
Brazil,Maize,1996,2733.94,5.22,12.01,9275.2
South Africa,Potatoes,2020,821.78,37.0,13.59,165846.6
Brazil,Maize,2014,1296.02,234.87,17.41,46706.8
Japan,Sorghum,2006,1941.84,6.91,33.32,5013.0
Mexico,Yams,1995,2465.25,40.19,30.27,23604.4
Canada,Cassava,1992,916.05,19.21,36.96,50926.2
Germany,Wheat,2023,1269.24,88.0,27.2,31920.7
United States,Sweet potatoes,2018,299.31,104.46,21.36,184279.3
Nigeria,Wheat,2007,2321.23,42.29,28.24,12902.2
Mexico,Maize,1990,2230.02,6.18,16.54,16841.3
Australia,Yams,2015,988.3,7.74,29.9,87316.0
United States,Rice,1995,918.88,52.24,20.44,50381.5
Canada,Soybeans,2014,2379.71,8.62,26.47,12956.8
Canada,Plantains and others,1994,2974.03,75.69,33.76,18091.5
United States,Soybeans,2021,2863.1,90.13,34.59,9379.4
Canada,Cassava,2015,2663.18,200.11,24.84,54979.9
Germany,Sweet potatoes,2018,325.36,44.06,12.45,117206.9
Argentina,Soybeans,2019,1521.62,85.14,13.21,18080.0
Brazil,Sweet potatoes,2014,1514.75,28.82,36.16,51991.2
Nigeria,Maize,2014,855.37,93.63,29.67,55073.2
Argentina,Yams,1993,1748.6,43.48,30.67,43301.5
United States,Plantains and others,1999,2025.36,22.17,37.32,23356.3
Argentina,Plantains and others,1999,2845.19,10.96,23.75,34931.0
France,Maize,2021,1444.63,5.61,15.46,39979.0
Egypt,Potatoes,2007,1761.99,46.7,19.74,177912.7
Argentina,Wheat,2016,1046.13,8.48,18.57,40217.8
Nigeria,Wheat,2021,651.91,5.66,33.35,15560.8
Japan,Potatoes,2016,1371.62,85.83,26.01,156957.7
Australia,Cassava,2002,2992.5,21.58,26.96,40588.6
Germany,Wheat,2006,640.87,101.95,35.65,13360.4
China,Sorghum,1992,544.84,29.08,33.67,6573.3
Canada,Plantains and others,1998,967.99,234.99,29.59,74434.0
Germany,Maize,2000,1968.86,77.33,32.24,28329.7
United States,Sweet potatoes,2004,539.44,45.92,16.59,148261.2
China,Rice,2010,1726.89,19.03,35.17,28134.9
Germany,Yams,1999,2007.5,12.02,30.63,38605.8
Egypt,Maize,2013,328.03,150.35,15.74,52572.1
Australia,Rice,1992,2503.35,13.24,12.99,13595.9
Egypt,Cassava,2020,2177.61,55.94,34.85,37460.3
Australia,Rice,2007,1892.21,23.03,17.21,32384.0
Argentina,Wheat,2006,2588.21,24.1,27.55,13461.4
France,Cassava,2006,860.52,7.65,37.9,47940.7
Brazil,Sorghum,1998,1973.32,63.32,29.12,8693.2
Australia,Sweet potatoes,2011,1245.25,46.57,13.66,166035.7
Mexico,Potatoes,2021,2797.76,54.58,32.54,42752.5
Australia,Potatoes,1994,1689.7,14.71,28.51,131347.0
Nigeria,Soybeans,1994,1841.88,55.12,32.9,15487.1
United States,Plantains and others,2000,300.17,5.87,20.33,92215.6
China,Maize,2022,2743.47,39.92,29.06,19461.5
South Africa,Rice,2009,200.49,13.87,34.95,20643.2
Nigeria,Sweet potatoes,2012,2612.05,98.54,20.14,76966.1
Mexico,Soybeans,2010,315.08,39.23,12.33,14595.5
United States,Yams,2018,856.69,16.01,12.17,103307.0
Indonesia,Soybeans,1998,723.42,55.66,31.41,26087.6
China,Cassava,1991,1179.8,44.15,21.97,107688.6
Canada,Cassava,1990,1939.18,31.05,20.18,86034.8
China,Wheat,1999,546.53,9.17,31.64,16537.4
India,Rice,2001,1642.72,208.78,13.51,27519.9
Indonesia,Cassava,1996,2510.26,6.69,21.32,56488.8
South Africa,Potatoes,1991,1257.89,107.81,22.24,159019.0
South Africa,Maize,2015,1270.25,6.27,31.85,35628.0
France,Sorghum,1991,2857.03,8.8,27.6,6439.9
China,Plantains and others,1991,1749.36,19.07,21.2,77526.1
Canada,Plantains and others,1995,903.85,23.5,28.04,75165.9
Mexico,Cassava,2019,2927.03,7.33,36.73,19519.7
South Africa,Cassava,2009,227.67,25.63,19.87,109439.3
Indonesia,Potatoes,2006,2720.78,24.46,28.95,73881.1
United States,Plantains and others,2000,1245.11,40.24,28.91,79516.9
Egypt,Cassava,2007,418.45,116.45,18.41,140922.4
Canada,Maize,1990,1871.49,22.19,30.6,30763.6
Japan,Yams,1999,2147.64,65.89,29.75,37120.6
China,Soybeans,2009,1599.74,108.54,20.5,20425.4
Canada,Rice,2022,642.57,6.09,32.41,41520.5
India,Plantains and others,2023,2002.17,20.8,15.2,71143.2
France,Yams,2017,2152.6,17.71,13.78,54842.0
Mexico,Soybeans,2001,1668.72,89.76,31.48,17790.6
Mexico,Potatoes,1995,2483.74,14.87,14.14,69481.9
Brazil,Cassava,1995,1242.79,83.01,13.02,82169.3
South Africa,Potatoes,2001,794.5,8.88,28.05,129565.7
Egypt,Plantains and others,2013,1085.73,10.1,23.25,105339.2
Nigeria,Plantains and others,2005,1045.74,67.58,27.91,83111.0
Japan,Soybeans,1993,1233.24,49.84,21.12,22032.8
Indonesia,Maize,2007,1518.88,35.76,28.19,50432.4
Mexico,Cassava,2011,1450.05,11.55,12.97,95085.3
Germany,Cassava,2005,2104.56,10.74,36.99,26738.7
France,Wheat,1999,1346.16,59.17,28.48,27625.8
Germany,Sweet potatoes,2011,1387.62,18.87,20.51,139328.8
South Africa,Wheat,2021,2977.25,7.81,24.77,12704.6
Nigeria,Soybeans,1994,2231.9,8.88,22.48,12609.6
United States,Cassava,2002,2336.89,73.69,25.25,58632.9
South Africa,Rice,1991,2991.08,70.96,36.78,9180.4
Indonesia,Plantains and others,2014,2948.95,70.65,34.11,19816.2
Argentina,Cassava,1999,824.72,51.47,14.51,113241.6
Canada,Wheat,1998,2587.06,54.09,28.63,11884.7
China,Rice,2008,2174.06,22.2,13.5,25826.2
Argentina,Sweet potatoes,1995,2115.14,170.38,17.59,105113.2
Nigeria,Plantains and others,2013,1169.32,42.32,18.04,125298.1
Brazil,Wheat,1995,1189.62,17.03,26.87,27281.5
Argentina,Sorghum,2010,2481.35,32.51,35.49,3905.5
South Africa,Yams,2014,2014.64,104.41,19.62,64211.6
Brazil,Plantains and others,2022,599.4,88.66,34.36,40294.5
Nigeria,Sorghum,2017,2566.94,38.99,24.96,8465.0
Nigeria,Maize,2020,1794.96,39.79,27.74,46149.4
Australia,Yams,1996,1782.63,5.3,17.6,74048.8
Canada,Potatoes,1991,2722.34,68.36,21.06,89516.5
United States,Maize,2003,2398.6,40.95,33.14,17777.0
Mexico,Potatoes,1996,2805.35,54.22,14.18,73456.7
China,Potatoes,2000,2549.24,70.35,21.6,80699.3
Germany,Plantains and others,1997,747.35,13.13,13.51,97046.1
India,Cassava,2003,777.44,37.26,25.37,117970.4
Indonesia,Plantains and others,2019,2926.1,51.56,24.51,41382.2
China,Potatoes,2019,2875.84,135.91,18.82,83490.5
China,Cassava,2012,1937.78,76.88,31.12,44478.8
Indonesia,Soybeans,2014,2438.64,40.21,21.81,14244.3
Nigeria,Cassava,2006,2767.55,39.7,26.18,50297.2
United States,Potatoes,1991,2986.14,15.99,14.42,71956.2
Canada,Rice,1999,1570.19,13.35,18.31,47081.7
Argentina,Potatoes,2021,2296.08,59.1,23.42,104692.8
Germany,Potatoes,2002,873.92,76.29,26.67,166608.0
Canada,Potatoes,1993,2189.18,9.79,37.23,41163.3
Egypt,Wheat,1992,1419.11,8.82,24.96,29559.9
Argentina,Cassava,2018,1916.7,110.28,36.84,39111.6
Australia,Yams,2019,612.04,12.74,16.36,124585.7
Egypt,Potatoes,2006,2159.89,93.04,32.58,62996.7
Mexico,Rice,1995,2108.99,63.03,35.55,20558.6
Germany,Soybeans,1998,2013.15,31.1,25.8,19449.3
Indonesia,Maize,2005,1676.83,16.41,15.14,37362.3
Germany,Yams,2010,418.98,11.48,32.11,53888.2
China,Cassava,1998,1867.94,9.91,17.26,76478.9
United States,Sorghum,1992,2737.55,100.01,33.44,3606.5
Japan,Sweet potatoes,2005,595.68,113.04,25.79,145181.0
Brazil,Maize,1990,247.94,65.0,36.82,18725.4
Egypt,Sweet potatoes,2019,1407.94,28.8,28.47,152254.7
Canada,Plantains and others,2010,2067.31,60.48,35.43,32746.7
Australia,Sorghum,2004,836.45,19.67,25.11,20496.1
Canada,Sweet potatoes,2009,1806.55,75.65,19.1,155291.4
Australia,Plantains and others,1996,844.25,52.25,25.59,79492.0
Argentina,Plantains and others,2011,1173.26,53.26,27.2,94325.0
Germany,Soybeans,2002,999.52,13.54,23.68,30470.0
United States,Potatoes,2014,936.82,36.71,34.81,93841.7
Canada,Plantains and others,2007,2684.17,77.58,17.12,45762.2
Canada,Rice,2012,2256.11,69.92,23.05,38372.9
Indonesia,Rice,1991,660.32,21.72,31.32,38177.6
United States,Sweet potatoes,2013,1469.2,19.2,18.73,167781.2
Indonesia,Sweet potatoes,1993,1441.19,152.79,15.5,170247.5
Brazil,Maize,2004,2830.41,9.1,21.07,18602.6
United States,Maize,2003,421.83,39.39,30.15,46915.6
Brazil,Sweet potatoes,1999,2516.38,62.82,25.88,53819.6
Brazil,Rice,2010,370.19,10.72,25.16,33788.5
Japan,Sorghum,2003,478.6,58.38,32.57,8543.3
South Africa,Sorghum,2017,1126.74,14.53,17.44,20754.7
Japan,Maize,1996,2656.38,10.48,12.84,11440.3
United States,Wheat,2004,1773.53,43.59,27.37,24961.6
South Africa,Maize,2001,2624.17,33.85,21.91,19608.1
South Africa,Sorghum,1992,470.76,195.64,25.31,16331.6
Argentina,Plantains and others,2005,1214.75,73.82,34.63,45307.5
China,Potatoes,1995,2410.1,24.07,34.2,26142.1
France,Wheat,1994,703.39,44.52,33.71,14546.9
Indonesia,Maize,2007,1720.24,68.22,34.89,30746.3
Australia,Sorghum,1994,1664.84,17.12,30.69,10190.9
India,Maize,1997,455.72,16.39,12.81,27355.2
United States,Sorghum,2022,262.85,235.69,26.5,19771.9
Germany,Sorghum,1999,2474.86,46.26,26.2,6755.2
China,Cassava,2023,385.78,7.3,33.39,49704.3
Germany,Soybeans,2018,1711.37,23.14,23.37,26405.2
Australia,Sorghum,1999,2732.5,47.04,32.29,3928.3
Japan,Soybeans,1992,2877.26,32.6,19.54,9439.9
United States,Potatoes,2012,1529.31,56.8,25.0,176369.4
Mexico,Sorghum,2020,1000.35,19.61,27.99,17675.7
Brazil,Rice,2009,2245.49,93.22,31.39,24683.1
Brazil,Sorghum,2009,902.72,13.54,19.23,22636.5
Brazil,Rice,2018,675.5,85.57,24.59,42506.8
China,Wheat,2005,2356.45,17.61,28.02,10518.5
Argentina,Sorghum,2022,2152.37,7.61,19.62,13025.9
Brazil,Soybeans,2010,1239.55,12.97,25.15,25109.6
Argentina,Wheat,2008,1911.38,82.19,20.68,28312.1
India,Sweet potatoes,2015,1395.47,7.02,37.09,69688.7
Mexico,Sorghum,1999,682.87,47.18,21.27,19929.0
India,Plantains and others,1996,726.54,5.2,30.72,59371.0
Brazil,Rice,2008,2332.82,94.33,37.36,13010.9
Argentina,Cassava,1995,2814.53,23.27,17.11,56050.8
India,Potatoes,2013,394.18,7.71,19.62,191522.7
South Africa,Cassava,1991,2680.02,113.59,17.44,44143.9
India,Potatoes,2017,1966.11,162.96,21.81,167819.1
India,Plantains and others,2002,1256.85,12.34,12.43,83081.9
Brazil,Sweet potatoes,1992,205.62,107.96,23.54,106548.7
Indonesia,Maize,2019,1869.86,183.16,15.55,36372.8
South Africa,Sweet potatoes,2000,1889.28,121.73,22.34,109862.2
Argentina,Maize,2022,2358.16,59.45,17.61,22034.0
China,Sweet potatoes,1999,421.05,43.34,20.13,136009.6
South Africa,Potatoes,2008,2156.12,38.82,35.02,38192.0
Argentina,Sweet potatoes,2011,470.66,25.41,25.18,135398.9
Mexico,Sorghum,2015,2467.67,74.55,31.77,4892.6
China,Wheat,2017,2027.0,58.47,32.89,9493.9
China,Cassava,2016,1387.86,38.91,34.27,48662.5
Australia,Maize,1991,893.66,31.27,25.41,48827.8
Egypt,Plantains and others,1995,1209.12,29.86,32.63,47982.0
Indonesia,Wheat,2016,1413.54,39.26,37.66,18334.6
United States,Potatoes,2007,2672.89,46.17,27.84,62832.1
Nigeria,Wheat,2021,2482.76,11.86,21.57,14031.7
Germany,Plantains and others,2017,2522.39,8.08,16.4,38759.3
Canada,Plantains and others,2022,1306.16,68.23,36.43,44250.1
South Africa,Maize,2012,1596.15,51.89,35.34,32117.5
Japan,Rice,1999,240.93,54.01,15.04,25204.5
Indonesia,Sweet potatoes,1990,954.98,82.13,19.01,176530.1
Germany,Plantains and others,2012,675.99,122.76,17.22,100478.1
France,Sorghum,1994,800.12,63.14,27.51,14452.5
Germany,Sorghum,1998,1790.18,38.99,28.69,11386.8
Brazil,Wheat,2006,1514.27,111.63,33.28,11426.4
France,Maize,1995,2283.18,38.29,20.26,18715.9
China,Plantains and others,2003,952.27,89.42,21.34,81725.5
United States,Cassava,2005,592.96,20.58,13.38,110891.6
India,Soybeans,2009,2434.33,15.53,30.76,10223.1
Canada,Sorghum,2003,308.25,39.18,15.87,18347.0
Brazil,Maize,2013,815.86,50.2,37.39,23930.6
Canada,Potatoes,2023,2337.57,79.52,29.47,72267.2
Germany,Plantains and others,1997,1177.47,13.87,17.98,77619.8
Germany,Sorghum,2008,1685.15,30.27,25.91,16136.4
United States,Plantains and others,2001,2932.21,28.2,12.59,37191.4
Egypt,Potatoes,1994,980.84,133.55,37.89,91387.9
Indonesia,Wheat,1997,2300.47,73.76,36.89,6853.4
Mexico,Yams,2006,2142.43,118.4,15.82,57820.4
Nigeria,Wheat,2011,1374.14,8.77,12.17,33152.6
India,Wheat,2020,476.84,24.17,25.72,33990.2
Germany,Plantains and others,1998,388.79,36.25,27.85,71273.7
Indonesia,Soybeans,2008,2953.87,16.5,14.67,10102.6
Brazil,Sorghum,1997,767.0,23.64,27.34,13962.1
Indonesia,Soybeans,1992,2698.25,65.2,15.87,9225.1
Indonesia,Wheat,2022,2581.42,139.12,36.17,8465.7
Nigeria,Yams,1992,1264.81,87.82,27.26,90291.1
United States,Maize,2021,414.87,52.02,29.73,63655.6
Argentina,Yams,2001,683.71,100.74,15.64,101773.8
China,Soybeans,2019,1908.55,31.12,23.47,19571.0
India,Rice,2014,1539.62,46.19,27.5,54703.5
Argentina,Plantains and others,2006,2248.16,160.51,35.58,18875.0
China,Sorghum,2006,2737.54,138.47,35.28,3219.3
Canada,Cassava,2021,1476.0,67.58,32.61,67719.5
India,Maize,2016,1729.23,31.52,14.8,38382.9
France,Plantains and others,2000,1194.66,13.36,29.96,54687.8
China,Rice,2006,2172.82,103.15,36.51,16236.2
Argentina,Yams,1998,2460.54,62.04,35.52,17730.9
China,Yams,1998,1827.59,10.76,23.94,65474.7
United States,Rice,2005,2250.27,24.36,18.9,37205.2
Nigeria,Wheat,1996,1214.75,56.29,19.05,36478.3
France,Sorghum,2022,2182.1,15.08,15.02,11681.9
China,Cassava,2014,2176.48,12.92,32.41,31085.0
Nigeria,Maize,2001,1823.7,55.06,21.57,39282.0
India,Rice,2014,1232.96,67.79,21.61,60361.6
China,Plantains and others,2007,292.16,51.82,36.68,28366.6
Nigeria,Cassava,2000,1510.63,56.78,26.45,111440.0
Japan,Cassava,2021,1126.67,40.69,15.39,129611.7
Germany,Rice,1991,687.38,38.52,33.39,31168.4
United States,Soybeans,1991,2593.09,9.09,30.71,7867.1
Canada,Sweet potatoes,2010,989.62,69.15,15.8,192676.2
South Africa,Sorghum,1993,427.01,127.81,24.76,14101.0
Indonesia,Yams,2012,2599.2,14.79,34.41,22755.4
China,Sorghum,2014,1720.21,88.19,28.86,12136.7
Germany,Wheat,2010,2110.86,9.46,28.29,16014.4
United States,Soybeans,2021,2678.24,159.92,36.7,6224.5
Nigeria,Wheat,2017,545.02,8.08,12.46,37325.6
Australia,Cassava,2021,549.49,84.63,28.69,112272.0
Germany,Yams,1999,1315.66,147.93,20.89,108041.6
India,Soybeans,2004,2970.74,18.94,33.79,7276.8
South Africa,Plantains and others,1993,1025.89,79.32,34.9,34231.0
Germany,Sorghum,1999,1420.32,12.07,20.85,17889.9
Germany,Soybeans,2022,1716.0,52.65,24.48,23496.0
South Africa,Sorghum,2012,1625.5,66.71,26.8,15284.0
China,Wheat,1995,2406.32,64.67,17.02,11960.3
France,Soybeans,2003,1363.57,11.26,20.59,25871.3
Argentina,Sorghum,2011,1955.52,5.58,31.85,7640.5
Australia,Wheat,2005,677.8,23.65,12.53,36147.2
Argentina,Sweet potatoes,2016,923.89,10.42,23.42,147275.3
Nigeria,Maize,2013,2535.32,5.66,21.22,24318.8
Canada,Sorghum,1990,1181.18,264.99,26.66,18561.7
Argentina,Yams,2009,823.15,38.41,34.16,49780.1
France,Cassava,2011,557.29,14.62,16.35,130617.2
Argentina,Plantains and others,2016,2841.6,20.46,17.88,43689.4
India,Plantains and others,2003,2179.59,21.73,18.95,49955.4
Argentina,Soybeans,2021,278.92,34.88,28.94,25784.3
South Africa,Sorghum,2006,1638.06,59.24,26.34,15457.3
Indonesia,Rice,2006,2867.27,27.75,21.78,21111.5
Canada,Sweet potatoes,2002,1520.6,32.99,18.08,156542.2
Japan,Potatoes,2007,1804.38,292.63,34.33,59877.6
Mexico,Yams,2000,1520.3,26.84,21.25,95465.6
Australia,Wheat,2011,2465.16,133.08,18.16,18432.5
South Africa,Yams,2003,2161.34,31.11,26.24,43257.8
Brazil,Rice,2023,428.57,22.73,25.37,40015.8
Germany,Soybeans,1996,2880.98,157.74,19.26,10859.3
Japan,Plantains and others,1998,258.78,13.48,32.32,39615.4
Indonesia,Yams,2020,2780.31,11.34,16.24,56420.6
Nigeria,Plantains and others,2019,445.38,52.91,18.68,113524.2
United States,Sweet potatoes,2022,1803.33,133.74,22.22,160723.6
Indonesia,Rice,2019,2669.9,9.62,20.76,23822.4
Egypt,Cassava,2010,537.07,11.34,36.31,54037.4
Indonesia,Soybeans,2009,790.67,28.12,33.03,23255.7
Canada,Wheat,2013,353.88,146.47,26.58,31215.1
Nigeria,Maize,2012,371.39,38.61,15.48,49514.3
Australia,Yams,2015,1677.2,6.49,13.51,100732.8
Mexico,Wheat,2019,2661.29,56.7,21.67,17122.5
Canada,Soybeans,1993,1303.88,23.31,22.58,23086.0
United States,Potatoes,2022,2477.11,57.52,26.82,97030.5
India,Sorghum,2010,1105.09,144.18,13.99,21053.4
China,Maize,1993,2430.96,97.39,22.43,17911.4
Australia,Soybeans,2016,300.41,13.06,30.18,23806.6
Egypt,Sweet potatoes,2022,2304.26,14.99,13.17,64723.2
Mexico,Potatoes,2008,2226.72,15.34,31.2,42482.3
Germany,Soybeans,2022,292.15,22.56,34.64,16851.1
United States,Plantains and others,1994,1941.2,76.47,30.87,42456.3
Mexico,Yams,2010,212.19,45.51,36.25,41154.1
Mexico,Maize,2002,1198.92,12.53,22.36,56977.1
Japan,Rice,2019,2653.19,42.31,35.12,12578.3
Canada,Cassava,2014,1532.73,20.72,30.6,79784.1
Germany,Rice,2010,2360.59,97.59,30.48,28201.6
Germany,Wheat,1991,908.64,87.93,36.71,16208.7
Mexico,Plantains and others,1990,2424.16,27.23,36.87,13630.8
South Africa,Soybeans,1993,587.93,6.56,36.29,12881.2
Nigeria,Yams,1992,1391.49,31.68,23.51,94906.9
India,Wheat,2001,2303.34,16.32,29.36,10726.9
Argentina,Cassava,2009,2205.81,120.53,15.35,66905.1
India,Wheat,1991,358.24,61.61,20.53,36624.6
Germany,Cassava,2020,1461.67,29.53,18.23,127481.0
France,Soybeans,2005,2946.81,29.54,33.97,7407.4
Egypt,Yams,2018,414.04,48.4,15.58,100974.6
China,Potatoes,1994,513.15,23.79,22.86,162976.1
Brazil,Potatoes,2007,1489.96,87.2,21.44,160645.4
Argentina,Cassava,2019,1831.28,56.08,12.02,92123.3
Egypt,Wheat,1996,2985.86,36.5,30.82,9852.9
India,Yams,2004,2247.1,18.57,23.33,44816.0
France,Soybeans,2002,348.31,28.39,30.76,20683.2
South Africa,Potatoes,2008,249.34,34.5,35.6,66503.1
Mexico,Soybeans,2006,2198.9,5.66,20.21,12047.2
Indonesia,Cassava,2010,2248.87,88.52,32.36,31422.7
Japan,Wheat,1993,1851.56,12.62,13.73,23746.3
Indonesia,Wheat,2011,1403.04,90.22,32.66,18208.4
United States,Maize,2001,501.22,6.94,17.42,44879.1
India,Soybeans,2018,2315.7,13.97,35.76,8010.6
India,Maize,2000,1769.8,78.21,31.7,30637.7
Brazil,Cassava,2017,1943.22,236.26,33.3,36307.4
Japan,Sorghum,2001,744.1,27.71,17.58,18220.0
China,Potatoes,1999,2438.76,17.91,16.34,73441.6
Germany,Sorghum,2010,1319.63,16.74,29.68,12436.1
Egypt,Sweet potatoes,2017,838.87,15.69,27.34,151594.4
Brazil,Wheat,2021,240.18,111.44,21.19,37243.0
Argentina,Sorghum,1996,2376.0,135.52,33.21,3118.7
Germany,Sorghum,1993,2223.99,93.1,19.21,10484.6
Indonesia,Potatoes,2015,1058.08,77.59,19.95,227206.6
Argentina,Sorghum,2018,1521.42,18.41,26.59,15904.9
China,Yams,2023,451.1,56.46,16.04,123301.6
Brazil,Cassava,2005,1727.5,63.82,18.35,86981.5
Nigeria,Potatoes,1999,2867.24,20.33,14.28,90624.3
China,Rice,2002,2498.33,48.03,17.79,19529.5
France,Maize,2010,571.83,25.98,25.26,55100.0
Indonesia,Potatoes,2016,2636.92,32.21,29.02,85046.2
Australia,Plantains and others,2015,1641.28,72.18,19.76,83111.2
Mexico,Potatoes,2017,2816.9,84.63,13.45,80260.9
France,Sorghum,2001,1103.66,84.85,20.81,18928.0
Mexico,Maize,2004,1874.45,14.43,14.71,25298.5
Egypt,Sorghum,2001,1737.69,73.19,22.62,19111.1
Mexico,Yams,2005,2468.35,77.97,25.13,38387.5
Japan,Sorghum,2003,1041.58,84.81,29.5,11422.2
Japan,Rice,2015,376.76,54.41,15.76,30282.1
Japan,Sorghum,1990,234.07,54.74,21.33,14669.8
South Africa,Soybeans,2000,1096.01,25.32,33.84,17075.4
India,Yams,1992,2969.31,93.88,27.31,36787.6
Egypt,Wheat,1992,1696.22,28.77,31.81,18152.5
Japan,Wheat,2007,2780.28,43.46,30.1,8311.9
Australia,Wheat,2023,226.77,84.96,26.86,30134.4
Germany,Maize,2016,355.06,7.6,34.96,31431.6
United States,Wheat,1993,434.16,86.62,23.55,35955.9
India,Maize,2022,808.38,93.89,30.43,54408.5
Japan,Cassava,2021,2122.43,17.44,22.25,72692.1
Australia,Soybeans,2017,2234.37,25.54,32.67,11990.5
United States,Soybeans,2005,1234.89,51.67,23.77,26798.7
Mexico,Cassava,1996,713.6,61.0,35.8,50466.2
France,Sweet potatoes,2010,2710.22,6.63,12.73,55611.1
France,Wheat,1995,422.51,155.04,30.28,20360.0
Germany,Plantains and others,2009,2456.06,52.99,15.52,41957.5
Canada,Soybeans,2010,1791.39,10.75,21.69,23866.6
Egypt,Cassava,2005,2336.24,13.31,37.31,20655.6
India,Wheat,2008,2167.68,266.65,29.14,14031.1
Mexico,Yams,2001,2670.35,13.0,25.22,39655.4
South Africa,Sweet potatoes,1999,2689.84,233.12,15.01,55064.4
Japan,Wheat,1993,1957.3,78.45,26.25,20280.3
Japan,Sorghum,2006,2441.43,38.53,32.94,2987.7
South Africa,Sorghum,2022,2574.23,35.82,27.46,7003.8
Egypt,Maize,2008,840.8,15.6,25.49,60270.7
India,Cassava,2020,1332.65,140.76,17.07,142070.3
Germany,Cassava,2005,2961.72,21.54,20.2,50933.7
Germany,Yams,2023,961.28,144.37,29.31,92684.6
Mexico,Cassava,2004,734.19,19.05,31.0,68879.1
India,Maize,2008,511.27,49.61,29.72,45130.5
Germany,Yams,2002,2232.16,72.45,31.89,29464.0
Japan,Sweet potatoes,1993,2321.1,57.81,25.18,49936.6
Mexico,Maize,2018,1954.95,50.02,12.81,23948.2
Egypt,Rice,2002,578.64,23.9,20.32,40835.5
India,Potatoes,2010,343.25,37.71,18.97,177883.9
Germany,Soybeans,2004,1224.44,83.91,31.19,21455.0
Egypt,Yams,2001,982.0,25.33,26.22,108859.4
Mexico,Soybeans,1996,1307.68,49.25,26.82,22851.9
Argentina,Potatoes,2018,2367.82,51.56,24.86,83777.9
Argentina,Potatoes,2019,1556.31,38.27,16.21,213877.9
Egypt,Maize,2021,793.96,190.61,30.89,60522.2
Brazil,Plantains and others,2003,1956.76,37.81,33.51,25263.1
Mexico,Plantains and others,1999,2449.59,38.48,21.92,36745.6
Brazil,Yams,2007,597.18,63.82,20.73,112813.2
Japan,Cassava,2018,2248.92,14.74,23.28,53550.1
Nigeria,Rice,2021,2560.17,42.2,12.94,17411.5
Canada,Sorghum,1990,1712.3,52.24,37.94,7442.9
Canada,Maize,1995,537.47,76.94,23.43,52841.8
Japan,Sweet potatoes,2010,1254.25,121.93,19.37,167918.8
Brazil,Yams,2011,1500.14,30.36,34.41,35542.8
Canada,Sweet potatoes,1991,2287.7,34.56,29.64,46347.4
Argentina,Rice,2000,1161.04,89.83,37.14,26122.5
Brazil,Cassava,2022,456.36,7.89,21.44,115126.6
France,Plantains and others,1996,2326.86,34.35,32.28,16858.1
Canada,Rice,1991,1005.94,6.56,14.45,34116.6
South Africa,Sweet potatoes,2016,1925.37,136.68,25.0,94067.6
Indonesia,Cassava,1994,1286.22,40.0,20.55,135001.7
Germany,Yams,1990,2866.37,52.41,14.7,36682.1
Indonesia,Sorghum,2007,2361.41,11.78,35.58,4292.5
United States,Maize,2011,948.85,154.38,16.82,54692.7
France,Cassava,2006,2161.88,97.78,27.47,57043.6
Canada,Wheat,2003,428.24,93.56,23.73,39137.3
Argentina,Soybeans,2010,738.95,10.25,31.33,24622.5
India,Yams,2001,2969.49,33.4,27.47,36865.0
India,Yams,2009,2909.8,11.1,27.1,38472.6
Germany,Potatoes,2021,973.54,56.82,13.43,225746.0
Argentina,Plantains and others,2019,909.38,90.25,37.63,47452.7
France,Soybeans,1996,2711.61,111.89,23.04,11693.4
Canada,Wheat,2011,920.86,134.96,15.67,43631.6
Brazil,Wheat,1993,2096.5,53.12,30.34,11696.6
India,Plantains and others,2006,1654.12,23.76,30.4,47549.3
India,Cassava,1990,2236.09,5.81,15.94,55734.9
Canada,Yams,2012,1778.27,57.06,34.61,42537.1
China,Soybeans,2009,959.89,70.7,29.55,27235.2
Argentina,Plantains and others,1993,1277.66,81.33,16.18,77000.2
Indonesia,Potatoes,2013,1810.75,50.7,12.61,163090.3
Brazil,Yams,2023,732.11,79.07,24.71,98769.5
United States,Potatoes,2007,2074.87,17.44,27.48,100631.6
South Africa,Sweet potatoes,2007,790.15,78.95,16.6,153798.1
Australia,Cassava,2011,1057.09,36.12,24.95,126675.2
India,Sweet potatoes,1990,1239.6,60.41,23.23,145987.0
Japan,Rice,2007,2781.23,37.75,12.36,11485.6
Egypt,Rice,2004,797.98,89.62,18.41,58588.1
Indonesia,Maize,2000,2003.7,64.25,24.78,34974.0
Japan,Plantains and others,1996,1585.81,266.91,23.89,73534.3
Argentina,Cassava,2002,1190.47,72.25,24.85,110425.4
Brazil,Sweet potatoes,2018,1352.02,132.45,24.99,132793.0
Argentina,Sweet potatoes,1995,2731.43,6.72,23.64,59090.4
Egypt,Cassava,2017,1618.1,134.01,17.18,158435.5
United States,Sweet potatoes,1999,1493.66,15.43,27.21,131662.6
United States,Cassava,2009,576.51,41.41,13.29,122766.5
Canada,Yams,2010,735.77,31.54,16.43,132852.4
France,Wheat,2009,2967.96,76.66,14.09,12998.9
Mexico,Cassava,2007,986.65,42.01,21.1,136888.3
Canada,Potatoes,1993,2025.91,103.43,15.65,123011.8
Mexico,Maize,2023,2469.08,64.23,34.49,15815.2
China,Soybeans,2000,1294.24,45.23,32.18,17556.0
Canada,Sweet potatoes,2006,1258.49,9.03,12.31,134139.2
United States,Yams,2016,844.2,32.19,15.16,130828.2
Germany,Plantains and others,1993,1931.35,11.94,12.05,53294.6
Argentina,Plantains and others,2000,1460.6,74.2,28.8,61135.3
Australia,Soybeans,2022,271.23,66.58,20.59,29466.7
China,Rice,2021,2540.22,51.79,37.52,9933.6
South Africa,Potatoes,1990,2086.23,8.57,15.06,103155.2
Argentina,Cassava,2004,2715.16,34.71,13.26,45725.2
Nigeria,Rice,2005,1448.3,25.79,24.16,48067.1
Canada,Maize,1999,1300.25,160.57,23.39,59624.6
Australia,Rice,2003,2520.82,133.75,28.52,26830.6
United States,Cassava,1993,859.38,14.28,13.78,113915.3
Japan,Soybeans,1997,1902.6,10.72,29.06,15523.1
United States,Wheat,2001,1871.77,25.92,23.95,24116.4
Germany,Cassava,2017,1601.98,29.2,26.02,92197.8
Argentina,Rice,1991,1088.69,73.01,31.39,36479.6
Brazil,Wheat,2003,2505.73,61.71,33.82,5556.5
Egypt,Soybeans,1990,621.12,29.53,24.07,31217.9
Japan,Yams,1998,1930.17,21.13,13.33,55062.8
Japan,Sorghum,2006,2206.28,62.4,26.53,7947.4
Argentina,Plantains and others,2004,1738.17,51.5,30.51,47493.9
Argentina,Plantains and others,2012,2883.85,20.47,19.71,40992.8
Mexico,Potatoes,2020,398.63,50.24,17.72,209986.2
Mexico,Sweet potatoes,1993,2499.62,55.93,36.69,21991.4
Japan,Cassava,2016,1239.46,41.93,13.39,121064.4
Nigeria,Yams,2006,2729.3,337.05,35.9,22238.1
Indonesia,Soybeans,2006,2095.71,67.37,37.62,8742.9
Argentina,Plantains and others,2002,2009.53,46.5,21.72,73558.2
Nigeria,Wheat,1993,2594.03,84.73,32.14,6719.9
Germany,Soybeans,2004,2211.66,11.5,30.07,13217.9
Germany,Rice,1994,2640.47,27.15,28.28,17093.1
Japan,Potatoes,2014,2977.48,74.94,37.01,31631.6
India,Rice,1993,2871.81,50.58,31.61,14696.4
Australia,Maize,1991,2858.12,6.65,37.36,8962.1
South Africa,Soybeans,2005,2800.43,62.51,12.46,7066.8
Canada,Plantains and others,1996,2575.04,155.84,29.22,33876.4
Japan,Sweet potatoes,1998,2213.12,12.7,15.64,66185.4
Australia,Cassava,2004,2601.33,6.93,15.92,50783.1
Japan,Sorghum,2013,607.35,128.29,34.93,7663.0
China,Cassava,2015,478.11,18.33,16.97,123422.6
Indonesia,Yams,2020,1768.01,7.31,22.6,97272.0
Indonesia,Wheat,2016,1877.75,55.48,30.54,21114.6
Canada,Sweet potatoes,2019,2249.94,72.71,37.91,40961.8
Argentina,Potatoes,2016,2863.94,13.19,24.94,69512.9
South Africa,Maize,1997,1359.58,21.48,28.23,44508.9
China,Cassava,1996,2896.14,141.74,16.24,45084.8
Canada,Maize,2016,2393.58,48.44,12.69,15401.4
Germany,Cassava,2021,1534.45,170.95,22.29,121574.4
Mexico,Maize,1998,2606.68,49.71,35.45,12211.7
India,Sweet potatoes,1994,1263.75,12.18,23.23,149244.6
France,Sweet potatoes,2004,656.32,43.2,19.43,138389.8
France,Plantains and others,2016,2764.47,95.16,16.74,40349.3
Germany,Sorghum,2019,672.17,8.32,19.62,23814.7
France,Sweet potatoes,1998,2156.12,25.75,21.88,74024.8
Germany,Rice,1997,1697.4,80.11,27.11,47119.3
Japan,Maize,2011,235.64,120.96,26.19,46395.5
India,Potatoes,2008,2612.18,121.57,35.18,27777.5
Australia,Sweet potatoes,1997,2988.54,50.26,32.43,29368.3
Japan,Sweet potatoes,2002,879.92,35.88,24.45,148742.3
Mexico,Maize,1992,1672.3,105.79,18.83,36710.0
Brazil,Potatoes,1994,583.75,79.09,34.25,74584.6
Egypt,Rice,2006,1441.12,28.02,29.41,49491.7
Egypt,Plantains and others,1996,2644.99,14.35,17.71,36221.0
Germany,Sweet potatoes,1997,656.22,17.46,18.11,161166.0
Canada,Yams,2017,945.05,29.23,28.2,99106.2
Brazil,Maize,1999,1781.24,18.84,14.05,24299.4
Australia,Plantains and others,2021,2587.0,21.57,35.01,18012.7
Australia,Rice,1998,1941.46,174.76,21.66,43138.4
France,Soybeans,2014,626.33,7.29,19.6,25221.3
Brazil,Sorghum,2021,588.47,15.62,16.04,18496.4
Canada,Yams,2005,2810.59,204.56,33.18,21185.6
Germany,Yams,2010,784.1,26.02,25.78,103174.8
China,Sweet potatoes,2000,1417.82,54.92,22.02,121137.6
Mexico,Plantains and others,1990,1522.6,26.8,30.47,44007.2
Argentina,Cassava,2022,2998.04,49.55,29.71,37944.2
China,Cassava,2016,726.47,148.81,22.65,117005.8
Mexico,Wheat,2010,1651.39,76.62,32.09,16624.4
South Africa,Wheat,2007,2648.82,7.57,25.32,13986.5
France,Rice,1999,2793.17,47.4,14.72,13800.9
Australia,Yams,2012,573.88,18.19,23.17,108066.5
Japan,Sweet potatoes,1993,1445.07,139.1,24.88,121180.1
Indonesia,Rice,1991,1183.81,11.32,15.82,37744.0
Argentina,Potatoes,1993,1566.34,69.16,37.21,63811.2
United States,Soybeans,1993,2569.38,35.33,32.15,9124.0
United States,Plantains and others,2001,2603.66,7.56,14.31,33697.8
Mexico,Sorghum,2003,2259.03,94.56,35.49,4224.7
Mexico,Potatoes,2008,659.82,8.68,20.32,208411.6
South Africa,Sorghum,1991,777.64,36.58,32.27,8669.2
Argentina,Soybeans,1990,2709.82,29.06,29.92,9481.3
Mexico,Rice,2018,1794.44,151.69,19.78,46009.7
Germany,Plantains and others,1994,2431.58,85.07,32.16,15569.2
Indonesia,Yams,2000,1635.06,51.19,23.71,110127.5
Egypt,Cassava,2016,1389.92,27.33,21.4,154173.3
South Africa,Plantains and others,2023,1335.47,17.89,18.35,100355.5
Nigeria,Sweet potatoes,2008,1803.32,120.32,22.61,150826.6
Mexico,Wheat,2023,609.26,22.63,24.54,33514.4
Indonesia,Cassava,2012,1456.47,104.4,34.61,61583.6
Australia,Sweet potatoes,2021,1883.07,54.6,24.39,129397.4
Brazil,Potatoes,1995,2086.92,59.56,27.54,82551.6
Mexico,Cassava,1998,209.22,7.39,20.09,96552.8
India,Maize,2005,2785.07,10.05,25.08,20351.6
Germany,Cassava,2020,1959.21,205.01,36.56,39913.1
Germany,Sorghum,2016,2123.85,19.73,27.61,10220.5
Brazil,Yams,2011,1142.81,53.27,37.42,36143.5
Nigeria,Sweet potatoes,2003,1748.86,24.93,15.16,120119.4
China,Potatoes,2020,2970.72,74.25,23.19,83333.7
France,Potatoes,2021,978.28,39.02,23.35,164444.8
China,Soybeans,2000,348.6,77.98,29.31,15676.3
Indonesia,Sorghum,2006,2137.33,67.1,21.82,12917.7
Argentina,Soybeans,1997,533.13,10.98,14.09,16887.4
Egypt,Soybeans,2006,793.72,41.86,28.87,30382.9
France,Soybeans,1991,2930.32,118.63,19.58,8872.8
Nigeria,Cassava,2015,2333.5,27.73,34.88,21624.6
Nigeria,Plantains and others,2003,2967.81,66.9,25.53,40094.1
Brazil,Plantains and others,1998,1939.14,21.1,12.46,41160.4
Indonesia,Maize,2019,1394.39,8.75,35.23,34377.9
Germany,Plantains and others,2014,1669.43,50.36,28.44,67194.3
France,Rice,2016,726.79,17.36,13.75,33099.0
France,Sorghum,1993,1191.87,95.76,25.73,18686.6
China,Soybeans,1994,408.04,64.53,23.37,24031.8
Brazil,Sweet potatoes,1995,1212.07,55.07,12.03,107510.0
Germany,Yams,2014,1629.13,36.5,29.48,63554.9
Japan,Wheat,1996,2514.58,20.81,26.14,9856.9
South Africa,Soybeans,2008,336.41,22.19,22.38,26801.0
United States,Rice,2022,2399.31,17.77,17.65,30603.7
India,Potatoes,2008,1199.69,76.26,27.16,168797.7
Canada,Sorghum,1994,2559.08,159.78,30.62,5209.8
Canada,Wheat,1999,1347.29,121.68,35.71,16476.3
France,Maize,2000,2030.97,53.42,30.33,29783.8
Indonesia,Sorghum,2000,929.76,14.47,15.61,21840.8
Argentina,Sorghum,1992,652.32,39.83,36.05,6283.8
Argentina,Rice,2019,2950.91,73.85,26.97,21618.1
United States,Wheat,1994,2522.33,116.91,16.84,15446.2
Japan,Yams,2017,1897.63,41.05,15.77,81237.6
Australia,Yams,2001,2636.68,81.8,25.8,43336.2
Egypt,Rice,2002,1147.01,17.31,34.66,35923.6
Egypt,Maize,2015,357.35,131.41,22.53,65856.9
China,Sweet potatoes,1993,933.86,124.75,36.7,61506.6
Brazil,Maize,2007,970.36,87.57,35.42,28787.6
India,Plantains and others,2016,1811.07,196.06,33.4,38162.1
Japan,Wheat,1993,847.97,78.38,15.52,25205.7
Brazil,Sweet potatoes,2022,578.87,50.55,32.77,73582.2
Canada,Yams,2002,707.68,63.78,14.1,136307.1
Indonesia,Cassava,2009,658.38,9.51,31.19,85170.6
South Africa,Wheat,2017,2482.4,44.92,34.59,5562.5
Brazil,Maize,2005,2723.37,8.63,18.98,17616.9
Argentina,Plantains and others,2004,1116.1,25.74,35.28,35719.1
China,Wheat,2013,1808.82,76.22,14.33,28295.1
Egypt,Cassava,1992,2940.27,42.07,13.21,49758.8
Indonesia,Wheat,1991,716.63,26.28,29.25,29646.1
Indonesia,Maize,2005,2319.87,17.88,29.2,21645.1
Nigeria,Rice,2012,2277.08,184.11,27.58,35363.0
United States,Sweet potatoes,2003,2618.78,25.81,14.93,60066.9
Germany,Cassava,1997,619.77,18.29,29.31,68733.2
Egypt,Sorghum,2008,2315.98,67.25,17.63,10347.9
South Africa,Cassava,1990,2305.73,66.79,19.52,41968.6
Canada,Sorghum,1993,2024.18,72.41,32.5,5862.7
China,Maize,2020,2904.31,18.02,15.73,17263.4
Brazil,Soybeans,2005,2287.72,79.15,35.92,6765.9
France,Yams,2005,1799.69,10.69,26.59,71265.0
Brazil,Cassava,1994,2138.55,6.75,17.29,58075.1
Japan,Wheat,2002,1356.01,64.62,25.19,30336.5
United States,Yams,2003,244.02,22.1,21.6,95175.0
China,Sweet potatoes,2001,2285.3,70.06,22.65,66565.8
India,Plantains and others,2008,2852.29,15.71,35.55,18746.5
Nigeria,Rice,2015,1887.38,61.7,35.0,33726.4
Nigeria,Potatoes,2016,1040.51,11.3,31.02,155485.8
Japan,Wheat,2004,374.35,79.92,36.67,10213.3
China,Plantains and others,2013,1756.02,51.65,16.83,75577.2
Nigeria,Maize,1997,2071.42,23.58,13.3,20337.4
Egypt,Maize,1993,698.44,79.43,20.36,58995.5
Mexico,Wheat,2006,2579.21,58.49,33.97,6164.0
Argentina,Sweet potatoes,2022,2700.04,56.03,18.33,71742.2
France,Rice,2008,1972.46,20.05,16.95,40405.5
South Africa,Potatoes,2019,988.84,56.58,22.24,203222.8
Germany,Soybeans,1991,1309.76,36.17,17.42,23770.4
Argentina,Maize,2003,360.23,49.48,27.17,49592.0
Indonesia,Potatoes,1997,1084.22,15.21,36.22,92941.7
Australia,Potatoes,1992,742.44,17.61,30.42,125725.0
Nigeria,Soybeans,1996,1902.8,56.37,29.3,20800.6
United States,Yams,2022,2957.87,121.76,25.75,46315.3
Indonesia,Rice,2001,610.12,106.14,19.39,49799.5
Nigeria,Rice,2000,817.97,7.43,18.26,47795.4
Australia,Sweet potatoes,2016,2312.94,33.94,32.41,36365.3
Nigeria,Cassava,2013,838.61,8.63,25.92,135503.9
Argentina,Soybeans,2006,2516.17,78.26,19.32,10106.0
Australia,Plantains and others,2011,2075.53,31.17,16.06,58937.0
Mexico,Sweet potatoes,2010,1283.49,94.7,21.92,153923.2
Mexico,Wheat,2001,1806.1,40.45,33.82,11778.3
Indonesia,Plantains and others,1998,2776.69,54.45,34.84,15110.3
Australia,Rice,1994,1118.62,30.94,33.39,38550.3
South Africa,Plantains and others,1999,597.58,101.83,14.84,94278.9
Australia,Soybeans,2007,835.17,17.37,34.43,23113.7
Egypt,Sorghum,2010,1377.43,94.97,32.05,12115.2
Mexico,Wheat,2014,638.68,66.68,26.02,37133.9
South Africa,Soybeans,2009,312.36,52.03,30.65,19598.3
India,Sweet potatoes,2001,2333.17,25.1,25.08,54766.1
Brazil,Rice,2004,210.09,81.09,30.18,28935.6
Indonesia,Plantains and others,2008,734.72,41.76,21.26,137184.7
France,Maize,2020,811.72,57.66,31.9,51797.3
France,Maize,1992,294.44,45.05,37.21,19328.5
Mexico,Potatoes,2015,2784.88,12.9,30.83,51313.7
South Africa,Maize,2007,211.54,146.39,33.56,31146.4
Indonesia,Soybeans,2006,1885.07,137.94,34.27,17963.5
Indonesia,Cassava,1993,2953.56,23.11,20.42,52545.9
China,Wheat,2003,975.5,25.28,15.28,35890.8
France,Plantains and others,2007,1468.89,46.78,29.78,53691.0
India,Cassava,2007,2500.68,46.73,19.81,49637.8
Argentina,Sorghum,1999,700.86,57.46,34.02,7332.9
Brazil,Soybeans,2011,1315.77,8.43,17.96,22001.3
France,Rice,2001,2262.92,26.47,36.55,16207.1
Mexico,Yams,2019,1394.1,130.47,26.99,88787.4
Egypt,Cassava,2017,885.38,68.86,21.35,187063.4
Canada,Rice,2007,1336.82,87.62,27.47,58009.0
Mexico,Cassava,2022,317.65,8.6,12.19,107610.7
France,Sorghum,2002,1511.97,98.34,27.84,12477.7
Brazil,Potatoes,2012,736.49,20.58,19.34,214144.6
China,Potatoes,2013,2094.64,9.78,15.83,118316.3
United States,Yams,1993,303.19,19.6,35.89,38913.1
Australia,Sorghum,2014,1481.13,24.39,34.92,7775.7
Japan,Potatoes,2009,2046.05,70.94,13.02,119436.3
South Africa,Plantains and others,1993,1275.85,11.16,17.21,79867.2
Canada,Maize,1999,2414.4,23.88,32.47,16627.0
Indonesia,Wheat,2017,1148.76,74.64,32.41,24208.2
Nigeria,Cassava,2018,2053.63,35.12,35.4,39801.0
Australia,Wheat,1998,1567.71,8.33,24.64,33168.7
Nigeria,Potatoes,2015,2664.16,19.69,12.76,83688.2
South Africa,Sorghum,2002,2984.4,57.79,27.77,5327.1
Brazil,Sorghum,2008,1012.56,78.51,15.44,18249.8
Argentina,Sweet potatoes,2019,549.73,193.31,37.62,74026.7
United States,Soybeans,2023,497.09,29.46,23.92,34514.4
United States,Yams,2000,1009.07,42.6,21.52,106490.4
United States,Sweet potatoes,2001,1773.47,31.33,32.09,73181.8
Egypt,Wheat,2003,2968.34,67.7,21.55,17773.9
Brazil,Rice,2012,1435.93,22.31,27.3,41074.6
China,Wheat,2022,357.11,51.68,25.78,35801.0
China,Sorghum,1991,2083.81,39.4,30.68,6147.7
United States,Rice,1998,826.43,35.09,35.01,27917.5
Canada,Maize,1998,1699.26,103.59,24.75,40819.8
Egypt,Plantains and others,1994,1513.02,62.7,35.85,34506.5
India,Yams,2006,1968.13,133.36,29.53,49890.8
Mexico,Rice,2003,2433.88,27.08,36.34,14770.6
France,Wheat,2019,1899.84,90.19,14.43,23666.2
Egypt,Plantains and others,2015,1290.36,6.48,36.21,49314.0
United States,Rice,2016,1008.71,20.34,19.88,55293.4
China,Wheat,2002,1135.71,26.61,13.34,29561.9
Argentina,Cassava,2004,1123.99,70.45,25.57,111929.5
China,Sorghum,2023,2216.9,88.33,15.6,9067.2
Nigeria,Rice,2017,544.2,12.47,16.8,42460.3
France,Cassava,1996,2663.85,35.81,28.22,33631.1
China,Maize,2000,2574.26,13.19,21.55,17768.6
Canada,Maize,1994,311.05,20.91,22.42,57984.4
Germany,Soybeans,2011,2524.56,44.44,20.64,10372.3
Indonesia,Wheat,1993,1785.42,131.19,19.47,30015.7
France,Potatoes,2011,2319.23,204.26,32.14,40381.8
Indonesia,Rice,2002,1419.74,41.32,14.51,38370.2
Nigeria,Sweet potatoes,2021,2557.64,25.92,36.9,33179.8
France,Sweet potatoes,1992,1892.11,34.63,25.79,80137.4
Japan,Sweet potatoes,1996,1614.08,36.92,23.68,114279.4
China,Wheat,1995,1467.15,6.87,18.77,28934.9
Japan,Cassava,2013,2032.2,110.17,35.43,31140.4
Argentina,Sorghum,2018,230.8,98.65,33.23,8386.1
India,Maize,2007,653.97,48.0,35.7,30882.9
China,Wheat,1998,1255.83,9.55,24.21,26614.6
France,Cassava,2020,2500.36,55.84,15.56,60838.8
Japan,Sweet potatoes,2015,1925.63,11.14,33.91,49525.4
China,Sorghum,1997,2735.92,31.06,17.41,7063.1
Egypt,Soybeans,1991,490.05,121.55,18.88,27623.7
China,Sorghum,2007,507.88,126.8,29.5,11812.7
United States,Soybeans,2012,2693.17,5.16,19.33,10231.9
India,Wheat,2007,1538.07,89.29,23.72,32967.2
South Africa,Wheat,2019,1244.36,22.21,34.54,14682.3
France,Yams,1999,243.29,11.12,18.5,90516.8
China,Plantains and others,2011,2906.75,21.55,27.31,30768.7
United States,Soybeans,1999,1136.58,26.08,31.77,23359.7
United States,Sorghum,2001,2656.86,22.61,37.92,3357.1
China,Maize,1990,1351.69,62.52,17.95,38839.6
Argentina,Plantains and others,2009,1643.18,36.38,34.94,31812.1
Germany,Yams,2009,2008.75,61.59,14.68,76028.8
Brazil,Maize,1998,1630.74,58.9,26.65,39126.5
Brazil,Potatoes,1993,1051.33,145.53,18.5,173517.6
Mexico,Sorghum,2005,1404.42,107.51,13.78,18761.7
Egypt,Wheat,2011,2531.72,60.69,16.57,18207.1
Nigeria,Wheat,2006,1140.38,7.3,30.0,26711.5
Argentina,Sorghum,2005,1020.86,82.8,35.02,8813.5
Nigeria,Yams,2001,513.91,66.85,37.81,55950.6
India,Yams,2002,1424.24,163.15,22.01,102508.2
South Africa,Wheat,2018,1102.5,132.51,35.07,15420.6
Mexico,Cassava,2018,2759.19,59.59,25.18,49638.2
Indonesia,Sorghum,2005,494.24,27.27,16.03,22630.8
Japan,Rice,1994,2357.53,41.43,22.12,23699.0
United States,Potatoes,2019,712.86,17.07,19.51,254723.8
United States,Yams,2001,2041.08,12.81,22.32,73937.6
Germany,Cassava,2010,619.59,150.87,25.19,120029.3
Nigeria,Plantains and others,2001,465.53,109.74,12.81,96918.0
South Africa,Plantains and others,1995,1240.49,10.39,35.4,30562.3
Egypt,Soybeans,2017,1082.06,5.44,12.25,18549.6
China,Cassava,2023,869.25,51.16,28.83,114260.7
Nigeria,Soybeans,2006,1166.94,49.82,34.26,25478.7
South Africa,Sweet potatoes,1999,1547.2,82.78,13.91,126167.4
France,Soybeans,1997,1144.07,51.47,35.55,13921.9
Mexico,Potatoes,1991,2189.22,13.7,24.47,70861.7
Egypt,Yams,1995,2924.27,7.59,12.97,41219.1
Germany,Sweet potatoes,2018,1309.0,49.41,18.7,159685.7
China,Plantains and others,1994,2431.99,80.1,20.91,37383.7
Mexico,Potatoes,1994,2978.35,37.75,28.61,55506.6
Australia,Cassava,1996,2638.35,6.01,13.45,46073.3
Argentina,Sorghum,2004,1935.02,106.91,26.89,12533.4
Mexico,Sweet potatoes,2006,1517.16,21.34,21.87,138851.1
Japan,Sorghum,2011,1982.02,26.68,20.21,12043.0
Mexico,Yams,2010,403.31,18.94,12.51,93061.9
Egypt,Yams,2006,371.1,33.7,35.74,45825.3
Egypt,Sorghum,2000,403.04,261.27,34.62,10075.0
Japan,Soybeans,2013,760.14,36.7,35.7,16108.5
United States,Wheat,2009,1630.11,118.96,23.9,31735.5
Australia,Rice,2017,578.26,59.48,25.56,52050.1
China,Sorghum,2015,406.22,5.32,15.92,16228.4
China,Wheat,2016,1929.82,12.4,12.97,23330.3
Nigeria,Potatoes,2008,1561.56,21.16,22.34,213607.2
Germany,Wheat,1994,2901.7,20.48,20.74,13537.5
Germany,Potatoes,1993,660.15,6.04,32.36,71919.1
Argentina,Potatoes,1992,1809.52,51.25,29.86,106252.0
Nigeria,Sorghum,1996,2799.71,62.96,29.71,5615.8
Canada,Maize,2008,1775.06,65.22,37.92,19952.2
Nigeria,Sorghum,1991,1480.5,17.15,34.52,7313.8
India,Potatoes,1997,1808.87,11.61,16.44,146709.9
South Africa,Wheat,2020,1652.63,96.72,18.62,33330.2
Germany,Yams,2023,2613.64,78.93,19.12,55402.5
China,Sorghum,1996,358.8,59.53,18.26,17115.5
Indonesia,Maize,2010,1836.44,16.99,14.35,35488.8
Nigeria,Yams,2015,1831.61,66.21,33.06,43843.8
South Africa,Potatoes,2016,2111.23,212.31,35.55,49444.2
Germany,Yams,1999,2469.16,6.44,29.95,28313.3
Egypt,Maize,2003,507.38,57.14,23.38,60268.7
Germany,Sweet potatoes,1991,766.33,63.52,12.28,127178.0
Nigeria,Wheat,2023,2538.69,29.75,12.29,16252.1
Japan,Sweet potatoes,2000,829.14,36.21,16.66,118592.0
South Africa,Wheat,2011,1813.28,50.16,25.39,25929.4
China,Cassava,2017,1243.63,139.4,34.8,48892.5
Egypt,Soybeans,2000,446.0,67.33,37.29,14175.1
Indonesia,Yams,2002,1187.4,7.61,24.42,134630.1
Australia,Cassava,2015,781.08,16.68,19.18,155447.7
France,Rice,2010,2753.79,73.07,22.27,22881.8
Argentina,Rice,2019,2878.95,23.58,20.58,22001.4
Indonesia,Yams,2008,1360.17,33.43,22.69,112132.8
South Africa,Potatoes,2005,2494.0,85.05,14.63,76115.2
South Africa,Plantains and others,1994,2494.31,45.19,34.75,14411.7
Canada,Plantains and others,1991,2452.72,66.28,32.69,16795.7
Egypt,Cassava,2019,578.2,23.91,21.32,165960.7
China,Soybeans,2018,1686.4,178.48,35.48,15662.7
Mexico,Sweet potatoes,2001,727.56,19.27,35.65,61725.3
India,Soybeans,2020,2121.01,6.13,13.41,9944.5
South Africa,Soybeans,1993,1840.13,23.01,28.64,16951.3
Germany,Sweet potatoes,1996,2683.77,24.52,18.44,65066.4
Argentina,Sweet potatoes,1994,1338.37,8.24,34.75,62702.1
Mexico,Rice,2023,1163.15,22.14,23.84,56859.4
Australia,Cassava,2014,1680.47,96.67,13.77,96204.3
Brazil,Sorghum,1999,2762.68,36.08,28.82,5019.6
Nigeria,Plantains and others,1995,2303.85,9.37,26.7,32283.4
Japan,Soybeans,2018,988.66,47.72,12.34,15778.8
Australia,Soybeans,2010,2875.34,42.02,35.74,7409.1
Australia,Rice,2002,1059.47,33.27,34.7,34387.3
France,Soybeans,1990,2599.93,71.08,36.28,5677.3
Brazil,Soybeans,2013,1801.88,86.18,31.74,16368.9
Egypt,Wheat,2012,824.25,32.63,13.87,47461.8
Australia,Plantains and others,1995,2863.7,15.63,34.41,17092.9
South Africa,Potatoes,2005,1111.45,20.57,26.16,170590.4
South Africa,Wheat,2017,2507.66,14.12,26.99,12469.8
South Africa,Cassava,2000,2733.09,9.74,34.62,18734.5
South Africa,Sorghum,1991,2240.53,10.5,33.62,3344.0
United States,Sorghum,1990,2216.69,58.87,31.92,4584.8
Japan,Maize,1993,690.76,99.66,17.54,37082.1
Mexico,Sorghum,2021,1207.47,27.91,37.52,9882.0
Australia,Plantains and others,2013,964.27,34.81,17.15,115050.4
France,Cassava,2010,1803.35,158.49,31.13,55712.0
Indonesia,Potatoes,2004,1103.02,70.33,18.05,259085.9
France,Plantains and others,2020,756.05,96.19,30.11,69055.6
South Africa,Potatoes,2013,934.47,113.02,29.98,127323.1
Brazil,Plantains and others,2020,1242.32,50.86,24.54,100676.6
Mexico,Sorghum,2012,545.09,104.39,12.82,19471.4
Australia,Plantains and others,1995,334.11,85.44,22.26,82980.0
France,Plantains and others,2013,509.7,105.79,26.15,86230.7
Canada,Maize,2017,827.72,49.34,33.31,45487.6
Mexico,Wheat,1992,1137.35,40.42,32.27,14720.4
Indonesia,Soybeans,2023,986.17,11.56,20.37,30191.3
Australia,Maize,2018,1388.37,11.1,15.6,49601.5
India,Sweet potatoes,1996,1040.47,66.68,14.67,168316.3
Brazil,Potatoes,2006,2943.83,52.03,24.23,83629.0
India,Yams,2014,1951.8,15.17,26.63,56206.0
Brazil,Cassava,2007,2015.75,48.82,16.77,71781.1
Indonesia,Plantains and others,2005,2037.5,21.67,34.66,27944.2
Egypt,Yams,1993,1695.99,65.75,30.07,56140.7
Australia,Wheat,2017,2287.2,29.75,20.76,16109.5
Japan,Sweet potatoes,2010,2762.91,9.59,34.4,23131.9
China,Sweet potatoes,1992,1661.08,13.28,31.73,61865.3
China,Sorghum,2001,1974.17,15.38,33.55,4891.0
Australia,Plantains and others,2013,2247.71,71.23,14.74,54414.4
Germany,Maize,1998,224.31,13.62,34.89,24602.0
France,Yams,2008,1924.34,50.37,23.5,76165.9
United States,Cassava,2009,2011.39,17.35,31.72,45677.5
Brazil,Potatoes,1990,2406.06,10.52,31.51,33442.9
France,Yams,2014,2346.53,8.04,33.85,18328.9
India,Sorghum,2004,2193.56,127.83,18.95,11359.0
China,Maize,2002,947.06,43.37,33.65,36807.3
India,Sorghum,1998,1629.01,14.19,28.63,10730.2
India,Sorghum,1995,2506.28,26.07,23.08,8058.8
Brazil,Yams,1990,251.52,12.29,21.49,72209.2
Japan,Plantains and others,1993,2369.22,74.77,35.43,13380.1
Brazil,Soybeans,2007,1301.71,98.45,13.22,14244.4
Nigeria,Yams,1992,1581.0,34.87,25.53,71145.0
France,Yams,2014,1319.93,40.24,28.76,82922.2
Egypt,Wheat,2011,2547.97,232.13,24.28,17775.4
Argentina,Wheat,2018,1796.26,36.71,29.96,21110.8
Mexico,Plantains and others,2003,1018.66,30.19,26.35,77522.5
Nigeria,Rice,2009,1534.66,245.53,26.98,47900.5
Egypt,Soybeans,2007,704.06,16.11,36.05,17262.0
Nigeria,Sweet potatoes,1999,2388.06,7.24,30.02,39188.7
United States,Yams,1990,2369.2,30.9,24.86,37196.8
Japan,Soybeans,2002,2955.0,42.02,16.74,9860.5
Egypt,Cassava,2012,1679.78,32.36,17.94,119057.0
India,Wheat,2019,1709.18,66.39,22.89,35050.6
Canada,Maize,1993,943.95,95.4,35.5,31943.8
Indonesia,Potatoes,2010,1359.28,50.61,23.17,225325.8
India,Potatoes,2014,490.27,5.14,20.16,200272.8
Nigeria,Wheat,2016,1897.5,57.03,22.53,29596.7
Mexico,Potatoes,2005,2996.23,149.54,12.07,70683.1
Japan,Plantains and others,2012,1519.16,18.34,37.72,36870.7
China,Maize,2009,1100.96,23.44,21.43,41629.4
Indonesia,Sorghum,2010,2519.31,36.27,19.69,8864.8
France,Yams,2018,491.2,21.33,18.76,112729.8
Canada,Soybeans,1993,2641.32,98.89,35.41,7607.6
Canada,Rice,2023,706.31,6.11,17.81,51928.5
Indonesia,Sweet potatoes,2003,1167.08,32.83,21.49,180937.8
Germany,Maize,2013,2140.77,36.6,14.54,20935.6
India,Wheat,2004,2978.47,72.43,32.18,7373.9
Mexico,Maize,2018,2875.8,32.77,16.85,18470.3
Nigeria,Plantains and others,2014,1201.54,76.9,15.53,113233.2
Germany,Potatoes,2012,203.46,97.49,25.16,153454.4
Canada,Plantains and others,2007,701.32,18.85,26.35,90207.0
France,Maize,2020,2489.97,7.82,30.18,22341.9
Egypt,Maize,2009,1737.1,98.09,36.86,25205.8
India,Sweet potatoes,2006,1017.19,7.51,35.47,55353.2
Argentina,Maize,2008,2757.4,37.33,35.94,12477.2
France,Sorghum,2008,1586.57,52.79,22.18,16256.9
Argentina,Maize,2018,1235.65,9.16,15.59,41129.9
Indonesia,Cassava,1998,1261.28,8.13,22.87,133814.9
Australia,Maize,2007,1965.75,14.45,16.22,34778.7
United States,Plantains and others,2012,1381.41,77.4,15.03,104867.3
Egypt,Maize,2007,2113.31,18.9,27.8,35381.1
Brazil,Plantains and others,2002,473.69,54.09,22.97,79458.1
Nigeria,Rice,2021,1850.84,51.29,19.59,44060.7
Nigeria,Maize,2018,1416.02,65.62,29.24,49382.8
Germany,Wheat,1992,2547.9,15.0,27.75,8976.7
Germany,Soybeans,2004,1249.25,77.33,12.17,18137.0
France,Potatoes,2017,1785.87,85.42,37.5,70218.0
Brazil,Sorghum,2009,304.96,28.46,26.7,14351.7
Canada,Sweet potatoes,2013,2284.79,32.15,24.64,82408.6
Brazil,Sweet potatoes,2003,981.78,44.5,21.75,153615.0
Australia,Wheat,1994,1527.29,45.69,37.88,12814.3
Argentina,Plantains and others,2004,1275.69,48.99,30.86,62688.8
France,Potatoes,2001,2447.93,28.0,29.12,59791.4
Egypt,Maize,2017,2331.54,20.24,20.85,27094.2
Australia,Sorghum,2009,1892.78,13.56,35.35,6029.3
Argentina,Maize,2017,670.27,131.51,23.87,57539.3
Egypt,Rice,2001,2608.99,16.07,12.09,13063.9
Japan,Potatoes,2001,1260.46,9.48,34.39,73258.3
China,Sweet potatoes,1999,492.22,26.58,16.21,135365.5
Canada,Maize,2002,2749.44,38.83,25.31,25488.9
Indonesia,Maize,1995,2613.69,50.42,27.38,21211.2
Japan,Rice,2009,858.17,45.91,22.02,40719.0
South Africa,Sorghum,1992,1662.2,57.94,16.46,14861.6
Germany,Soybeans,1997,1438.69,86.11,36.11,14318.3
India,Cassava,1991,2364.86,36.04,17.3,46803.2
Egypt,Sweet potatoes,2003,428.27,18.24,37.02,55905.1
Australia,Sweet potatoes,1998,568.59,26.6,19.93,162095.3
United States,Rice,1991,684.15,56.14,35.9,21796.3
Canada,Potatoes,2000,1240.57,49.57,30.3,137189.8
Indonesia,Potatoes,1994,2370.92,35.39,28.38,73588.0
Japan,Rice,1996,378.72,171.09,28.23,31541.4
Germany,Sorghum,2001,1236.34,23.38,19.26,21391.2
Brazil,Soybeans,1997,2458.34,5.2,17.13,8011.0
Germany,Plantains and others,1991,1154.07,7.43,34.5,28731.5
France,Plantains and others,2013,903.67,138.88,13.7,96493.6
Egypt,Potatoes,2013,845.03,20.3,17.98,241868.6
Egypt,Maize,2019,2632.53,52.24,12.53,17166.3
Indonesia,Yams,2015,2042.02,8.33,22.17,81607.0
China,Soybeans,1994,585.84,72.81,34.88,13296.6
India,Sorghum,2005,751.23,66.17,27.02,16357.2
Argentina,Sorghum,2011,2352.95,104.5,21.49,8337.7
Mexico,Potatoes,1997,1210.24,15.11,35.26,77151.7
India,Wheat,2006,2430.56,20.87,32.69,6132.5
Nigeria,Plantains and others,2007,2782.71,66.74,32.42,21346.1
Brazil,Maize,1990,1091.12,386.89,27.08,41614.9
France,Soybeans,2012,2397.75,29.28,14.78,9078.8
Japan,Cassava,2019,2162.25,44.94,28.92,50340.1
China,Maize,2007,2831.95,44.4,28.0,16351.1
China,Sorghum,2017,2991.98,86.56,30.97,5189.7
Brazil,Cassava,2022,1551.0,91.73,33.84,50011.1
Australia,Plantains and others,2002,1295.89,5.68,18.63,102550.2
Egypt,Maize,2000,522.88,13.67,31.53,43118.5
Mexico,Soybeans,2003,2420.36,38.55,31.02,9863.5
South Africa,Wheat,2000,868.15,86.31,22.25,40052.0
France,Sorghum,1997,2905.62,53.69,12.15,6510.1
Australia,Wheat,2011,2026.88,16.46,24.23,25622.5
France,Cassava,2018,1255.39,73.08,33.66,62890.2
Brazil,Cassava,2014,687.67,31.66,32.03,54537.5
United States,Cassava,2016,1200.38,76.09,13.58,118749.4
Brazil,Plantains and others,2011,643.93,96.83,34.6,41050.0
South Africa,Sweet potatoes,2011,567.94,224.9,20.66,145472.0
Egypt,Maize,2007,2886.99,15.23,16.11,19452.7
Egypt,Sweet potatoes,2011,2805.24,21.6,19.5,80926.0
Argentina,Potatoes,2003,2599.29,89.57,13.6,82631.0
Brazil,Soybeans,2021,240.13,166.8,33.55,18521.6
Mexico,Soybeans,2011,2050.04,18.91,36.41,6649.1
South Africa,Rice,1992,1352.65,115.51,12.24,28562.5
Japan,Rice,1995,769.6,21.86,33.19,29089.5
Brazil,Soybeans,2009,418.33,42.38,32.57,20748.1
United States,Soybeans,1995,1819.26,155.42,15.85,18437.6
United States,Rice,2017,2003.18,9.8,12.54,33479.2
Japan,Sorghum,2007,2497.96,149.24,29.13,4785.6
Egypt,Plantains and others,2020,1108.5,64.31,27.28,101326.5
Mexico,Maize,2009,1397.63,46.75,30.27,38668.4
China,Sorghum,2013,1793.19,20.96,28.01,12610.5
Brazil,Potatoes,2009,837.1,115.54,34.4,74146.1
Canada,Plantains and others,2000,2826.37,57.97,37.23,15196.5
Nigeria,Maize,2004,2011.35,5.79,16.69,30034.2
South Africa,Rice,2015,2014.71,46.3,31.8,34742.2
Australia,Soybeans,2012,2484.53,23.72,17.94,12938.9
Japan,Sorghum,1996,565.61,67.74,29.7,11124.1
Australia,Sorghum,2017,2197.43,84.56,35.52,4545.7
Germany,Potatoes,2020,2682.94,18.12,30.36,62089.7
South Africa,Wheat,2007,667.98,19.58,32.36,15281.7
Egypt,Sorghum,2017,2982.14,71.95,22.21,11385.5
Australia,Plantains and others,2006,2537.83,37.67,34.86,19056.6
United States,Sweet potatoes,1998,1950.34,85.01,13.78,100874.1
Indonesia,Maize,2009,488.44,46.29,27.43,56125.0
United States,Plantains and others,2012,2262.03,25.26,30.21,33916.8
Canada,Cassava,2019,2636.32,17.33,23.85,59100.7
Japan,Sorghum,2018,2432.44,32.86,15.13,8345.3
Argentina,Sweet potatoes,1997,1716.35,87.5,36.98,52012.3
Germany,Wheat,2005,2491.44,44.66,35.03,6694.4
India,Rice,2010,2576.41,38.29,28.04,23004.8
Germany,Yams,2008,1249.75,33.14,17.4,104917.9
United States,Rice,2018,2156.46,37.09,25.46,46894.5
Germany,Wheat,2022,2073.47,24.84,22.64,24924.4
China,Cassava,2019,2114.56,80.61,26.34,61286.4
Mexico,Yams,1990,2733.36,90.34,30.87,20871.8
Germany,Yams,2015,2990.84,21.29,32.27,23359.8
Japan,Maize,2014,245.94,9.3,18.7,40370.0
United States,Rice,2019,201.43,40.16,18.12,33401.3
Mexico,Rice,1995,466.01,8.59,25.12,39007.2
France,Soybeans,2001,2132.73,8.15,34.29,9542.3
Australia,Sweet potatoes,2019,2989.92,5.79,37.16,31287.1
Brazil,Maize,1996,1018.95,41.89,25.27,50485.5
Japan,Plantains and others,1994,2832.03,160.54,34.91,13138.2
Mexico,Cassava,1992,846.95,219.07,15.97,106523.2
China,Soybeans,1992,2277.27,62.43,34.1,6871.1
United States,Cassava,2023,2667.79,14.41,21.02,63410.8
Mexico,Cassava,2008,2344.09,20.8,29.34,30159.3
China,Maize,2010,2596.56,75.09,20.98,22950.1
Japan,Potatoes,1990,2367.6,11.14,26.51,53585.5
South Africa,Soybeans,2012,325.06,31.44,20.28,23698.8
Canada,Sorghum,1995,1824.02,49.92,27.26,11998.5
Germany,Potatoes,1993,895.81,17.55,26.27,152242.2
India,Cassava,2011,1845.63,48.16,26.13,79974.2
Australia,Sweet potatoes,2021,2514.16,26.25,14.22,68937.9
Argentina,Rice,2011,818.81,72.11,12.72,30482.3
Mexico,Yams,1999,2992.88,179.13,32.22,17903.4
France,Cassava,1994,636.94,19.67,35.19,42097.9
Nigeria,Rice,2009,2579.39,84.9,37.66,11837.7
Argentina,Soybeans,1998,1975.34,72.16,35.86,11175.4
India,Potatoes,1998,2848.22,43.54,12.18,70945.4
Germany,Soybeans,2013,1321.13,129.88,21.34,28438.9
Australia,Cassava,2004,2163.47,139.35,23.93,70723.1
Indonesia,Wheat,1993,1189.41,32.5,29.52,25275.3
India,Cassava,1990,768.32,16.28,30.11,70057.2
Brazil,Yams,2010,225.38,83.64,19.41,98245.6
United States,Wheat,2005,1648.76,62.79,35.78,13994.5
Germany,Rice,2004,1457.28,13.93,14.46,43493.3
France,Yams,2002,2698.04,34.31,27.54,33580.5
Germany,Potatoes,1999,2131.31,50.05,31.46,58100.1
India,Sorghum,2006,2978.15,10.22,26.44,6592.3
South Africa,Sorghum,2004,1275.07,58.62,14.43,18321.7
Argentina,Sorghum,1993,2059.6,10.17,37.27,4676.1
Brazil,Soybeans,2004,926.53,99.66,17.06,24431.6
Argentina,Sorghum,2009,284.4,22.16,27.82,16342.1
Japan,Soybeans,2002,1764.35,9.73,19.4,17031.8
Indonesia,Potatoes,2000,1083.79,6.89,28.94,173742.4
India,Soybeans,2002,1941.25,55.27,17.76,15365.9
Japan,Potatoes,2012,231.99,23.79,24.64,167613.5
Brazil,Cassava,2009,2630.18,292.78,32.26,24781.4
United States,Potatoes,1997,2182.82,18.8,35.05,44526.7
Mexico,Rice,2004,225.18,55.17,14.94,26647.3
United States,Sweet potatoes,2022,686.64,13.9,31.86,105984.6
United States,Soybeans,2007,818.57,60.46,35.78,21490.4
Indonesia,Cassava,1998,2931.79,143.86,23.12,58737.2
Brazil,Sweet potatoes,2019,432.49,11.13,25.94,135475.1
Egypt,Soybeans,2015,723.73,27.37,26.44,33717.4
United States,Sweet potatoes,2016,2667.89,12.05,32.73,35153.0
China,Yams,1999,1106.69,49.05,19.84,87359.8
Mexico,Sorghum,2000,2580.54,23.46,20.8,8784.1
France,Plantains and others,1998,892.84,149.03,35.42,40607.8
Canada,Cassava,2014,1097.97,168.29,27.33,120585.5
Mexico,Yams,2023,2480.7,53.85,16.97,53399.7
Indonesia,Maize,1995,1011.3,30.41,33.86,32148.9
Argentina,Plantains and others,1997,2337.18,70.42,33.32,15776.9
Canada,Rice,1999,1323.44,90.71,15.29,40806.0
France,Rice,1999,2555.85,21.22,17.58,18296.8
Egypt,Cassava,2021,1611.69,156.35,22.93,144636.0
Germany,Cassava,1991,2284.62,41.72,17.85,52275.4
Canada,Maize,1991,2593.22,16.52,32.12,14329.7
South Africa,Cassava,2016,550.2,21.22,17.75,139675.8
India,Sorghum,2004,217.6,12.67,17.81,16985.3
France,Sorghum,2018,1161.61,28.04,20.95,23171.1
Argentina,Soybeans,1990,2172.99,97.24,26.04,14197.2
Japan,Cassava,1994,1634.35,30.59,36.18,34266.2
Australia,Yams,2004,1559.32,85.22,36.73,45350.3
Brazil,Wheat,1998,1136.36,54.77,13.79,30495.2
Canada,Yams,2016,2681.14,26.82,15.45,46522.8
Egypt,Yams,2016,1598.49,69.67,25.13,121691.2
Japan,Soybeans,2000,1472.6,9.94,19.33,21371.4
Indonesia,Sorghum,1991,1353.74,95.16,25.35,19783.0
China,Wheat,1993,461.84,43.22,24.95,26711.7
Argentina,Potatoes,2000,2546.27,109.53,26.06,70622.1
Brazil,Yams,2018,236.9,36.69,31.01,54534.9
Japan,Sorghum,1995,2621.53,102.36,36.74,2998.1
China,Cassava,2002,1701.79,44.46,19.46,88750.9
France,Potatoes,2023,233.54,26.56,14.39,205867.6
Nigeria,Wheat,2001,335.41,57.94,30.43,19963.4
United States,Rice,1996,920.63,69.75,30.38,42262.5
China,Wheat,2000,2028.81,51.0,13.27,19094.3
Indonesia,Yams,2020,1901.77,80.96,23.7,75505.3
Japan,Plantains and others,2009,1620.62,37.78,20.85,86569.0
Australia,Maize,1991,2414.57,143.05,28.21,22273.7
Mexico,Potatoes,2000,806.96,23.17,37.93,83302.6
Nigeria,Plantains and others,2007,1496.33,50.51,22.81,94387.6
Canada,Plantains and others,2021,2471.12,59.95,24.47,44312.1
Australia,Potatoes,1997,2770.67,17.29,36.07,34376.7
Egypt,Plantains and others,1991,347.95,27.73,13.23,75191.1
Australia,Rice,2014,820.2,121.77,24.77,52104.3
Egypt,Yams,1997,839.2,11.4,18.43,124274.9
China,Cassava,2006,2019.11,32.42,20.88,73325.9
India,Soybeans,1994,1411.04,7.15,15.61,18209.8
South Africa,Maize,2007,722.54,39.51,21.62,47636.9
China,Potatoes,2008,1413.38,83.8,29.2,139669.9
India,Sorghum,2017,1199.29,111.03,14.1,21100.7
Nigeria,Yams,2018,1035.81,112.64,35.44,53588.6
Japan,Soybeans,2016,2045.52,195.41,14.9,11950.7
Brazil,Rice,2013,1769.83,73.03,27.49,42147.5
China,Rice,2021,1777.49,84.86,15.44,38089.6
India,Sweet potatoes,2006,1989.63,184.66,36.61,50724.1
Brazil,Rice,2019,1508.47,153.36,22.88,48710.9
France,Maize,1997,255.98,78.41,26.26,45380.6
South Africa,Plantains and others,2019,909.03,21.34,14.43,89796.5
China,Rice,2000,1471.95,109.26,34.23,27514.4
Indonesia,Yams,1992,2011.77,7.86,30.64,45398.1
Mexico,Potatoes,1998,1938.49,31.39,15.78,143141.2
China,Soybeans,1990,2489.56,58.96,28.41,7590.5
United States,Potatoes,2006,478.66,89.9,32.72,86147.5
Argentina,Rice,2015,1645.14,30.11,25.48,57985.0
Canada,Sorghum,2016,647.8,27.19,18.06,21281.6
Nigeria,Cassava,1995,1996.85,13.4,18.98,68980.7
India,Cassava,2001,2235.89,5.77,17.89,55881.6
China,Soybeans,1994,1787.04,18.52,12.37,10780.0
Brazil,Cassava,1990,540.31,38.03,21.96,98020.0
Egypt,Plantains and others,2016,256.76,29.98,33.26,48281.2
Australia,Cassava,2009,2777.42,9.05,15.14,47433.2
Australia,Maize,2001,2355.06,20.35,30.91,19466.0
India,Wheat,2008,2293.53,118.13,34.43,7022.1
South Africa,Yams,2002,2495.72,41.42,18.0,45444.0
Australia,Potatoes,1994,1157.39,124.97,35.69,89361.6
Canada,Potatoes,1992,2591.24,164.17,24.74,67044.7
Germany,Maize,1999,2453.68,116.46,13.34,15649.1
Australia,Rice,1994,2166.94,72.02,29.1,28522.0
India,Yams,2005,2918.5,92.74,37.34,17372.7
Brazil,Yams,2000,488.08,89.68,31.98,44702.8
Australia,Soybeans,2008,210.58,193.24,30.95,24320.3
Brazil,Potatoes,2019,2490.05,19.08,32.04,39406.6
Mexico,Rice,2001,396.8,106.87,23.86,41586.1
Nigeria,Wheat,1994,1245.87,105.88,20.07,37758.1
Indonesia,Cassava,2006,1002.1,21.34,23.45,129070.5
Germany,Wheat,2004,2194.61,70.82,23.42,18404.8
China,Cassava,2002,803.85,67.65,25.88,95919.8
France,Plantains and others,2001,348.88,42.73,25.95,81739.3
South Africa,Maize,2005,1410.42,70.0,24.77,49123.6
Canada,Cassava,1991,1233.58,39.55,17.5,124991.8
Indonesia,Yams,2007,2195.36,28.81,28.69,41192.2
Argentina,Rice,2020,458.7,10.04,24.38,39414.2
India,Plantains and others,2020,205.83,177.22,18.03,114835.8
Canada,Cassava,2009,1991.85,42.42,26.1,77261.3
Indonesia,Yams,1998,2859.56,29.15,27.65,39166.3
Canada,Rice,2023,714.15,30.59,13.78,40857.2
Egypt,Yams,2008,2370.27,16.98,19.1,53078.2
Egypt,Plantains and others,2019,1244.91,223.55,34.19,55325.6
Indonesia,Cassava,1991,1112.47,31.46,20.26,128197.6
Japan,Soybeans,2021,1807.64,198.8,23.78,21736.6
India,Yams,1997,468.68,258.34,31.57,49310.9
United States,Wheat,2002,1790.49,55.1,37.99,15120.1
South Africa,Plantains and others,1992,381.66,40.2,27.64,65533.4
France,Maize,2013,780.41,26.39,26.07,49373.1
India,Wheat,2014,1587.29,157.69,28.25,24925.7
Argentina,Sorghum,2021,255.81,56.94,28.43,15474.7
India,Soybeans,2008,1491.08,35.91,33.08,18217.5
Australia,Maize,2002,1451.88,141.21,22.61,53148.4
United States,Sorghum,2003,1470.2,55.04,26.02,15720.5
India,Sweet potatoes,2000,1871.28,6.0,14.76,107921.1
Japan,Sorghum,2017,596.75,35.16,12.57,18589.5
Nigeria,Yams,2021,551.99,55.97,36.79,56137.0
Japan,Potatoes,2005,707.62,35.69,27.29,144979.7
India,Rice,2021,230.5,83.73,22.62,38529.5
Canada,Sweet potatoes,2014,2922.11,53.42,34.27,32277.3
Canada,Cassava,2015,2029.52,38.97,32.33,34740.1
South Africa,Soybeans,1993,2644.04,7.17,37.43,4487.8
Germany,Soybeans,2002,2223.41,40.26,22.28,14845.8
Germany,Wheat,1994,1951.32,95.7,13.6,20879.6
Australia,Rice,2011,1632.87,46.07,15.59,41475.9
Japan,Cassava,1992,949.83,8.09,31.06,62858.2
Argentina,Maize,1994,1567.98,44.97,30.06,36254.1
China,Soybeans,2011,542.78,22.96,20.0,22617.5
Egypt,Soybeans,2010,1313.18,8.85,21.43,33068.4
China,Yams,1998,2325.08,85.05,36.8,15760.9
China,Soybeans,2014,2077.99,31.41,24.44,17466.3
Japan,Rice,2017,1107.96,42.84,37.0,25466.3
China,Sweet potatoes,2016,1108.77,17.36,14.08,147807.8
China,Cassava,1991,1066.02,8.09,18.14,117918.6
Nigeria,Plantains and others,2015,2444.58,29.76,31.37,25421.4
Egypt,Cassava,2021,1152.4,15.97,20.57,165299.7
Argentina,Yams,2011,2162.78,26.34,23.85,65520.6
United States,Maize,1999,2221.16,18.34,37.35,12487.0
Brazil,Rice,2002,2405.49,71.16,23.74,24614.8
Mexico,Sorghum,2018,1443.17,79.0,28.26,14663.4
Mexico,Maize,1997,1056.2,50.17,20.65,49795.6
Australia,Soybeans,2003,820.05,29.74,25.42,33542.9
South Africa,Plantains and others,2001,729.68,151.38,20.91,102226.5
Argentina,Sweet potatoes,1998,1279.23,12.19,16.8,132815.7
Brazil,Rice,2015,1944.42,12.4,20.3,33546.3
Canada,Plantains and others,2002,1023.9,49.2,20.05,100062.7
Canada,Rice,2016,2185.54,183.42,16.21,33453.3
Indonesia,Soybeans,2023,1859.25,12.48,24.19,26976.6
India,Plantains and others,2007,2853.18,91.94,37.28,16205.8
Brazil,Sweet potatoes,2008,2459.64,28.09,26.75,48278.3
India,Sweet potatoes,2001,1383.18,9.77,18.84,158465.2
France,Rice,2020,1027.99,5.86,17.1,42551.0
South Africa,Sweet potatoes,2012,2113.8,53.26,28.07,64621.1
United States,Soybeans,2014,2230.94,37.78,26.47,16810.0
Brazil,Plantains and others,2014,1063.12,16.75,22.09,105001.3
Argentina,Cassava,2002,2135.05,139.06,15.07,75046.4
Mexico,Soybeans,2020,1107.43,197.72,14.22,21192.7
Mexico,Plantains and others,2010,695.09,44.34,26.38,88495.5
Indonesia,Maize,2002,349.08,18.73,33.63,30928.1
United States,Plantains and others,2000,2333.5,93.74,18.04,37914.5
France,Sweet potatoes,2005,2387.88,7.0,20.02,52893.1
Japan,Cassava,2011,400.63,22.31,13.15,114674.0
Germany,Cassava,2021,302.38,76.19,26.36,118017.1
Canada,Maize,2020,1530.53,23.42,25.18,61076.6
France,Wheat,2012,2255.61,81.85,28.89,13234.4
Indonesia,Cassava,2014,2490.35,34.04,25.42,54757.7
Japan,Yams,2015,1694.36,22.05,29.1,65436.0
China,Cassava,2013,1894.41,98.03,13.89,80141.2
Egypt,Yams,2003,1427.71,7.04,27.85,93094.8
Japan,Soybeans,2011,2895.19,13.39,35.75,6333.2
Indonesia,Potatoes,1998,2652.47,11.33,31.77,41295.0
Australia,Yams,1996,1918.25,34.92,20.37,81668.0
Germany,Maize,2000,1846.52,81.82,12.31,20819.9
Egypt,Wheat,2001,449.82,17.97,17.3,42982.2
South Africa,Maize,1997,2647.48,53.17,22.55,20064.2
Mexico,Soybeans,1998,571.91,11.81,20.38,24013.7
China,Soybeans,1999,339.21,58.2,14.01,16000.3
Australia,Sorghum,1991,2602.49,15.55,37.92,3046.6
Canada,Potatoes,2022,2134.64,52.03,38.0,56399.1
France,Cassava,2018,1638.43,20.93,17.46,126579.1
France,Maize,2022,1265.21,21.89,32.95,42453.8
Japan,Soybeans,1999,1576.79,68.2,25.43,21002.5
Australia,Soybeans,2021,448.98,37.46,13.62,20460.9
United States,Sweet potatoes,2014,634.1,53.96,13.71,174464.1
Canada,Sorghum,2012,1306.13,199.22,14.87,23755.6
Nigeria,Plantains and others,1992,2694.88,80.19,28.97,27924.8
Egypt,Maize,2000,2756.75,46.03,27.54,20964.3
Canada,Sweet potatoes,1990,2292.84,87.54,26.36,51677.1
Brazil,Cassava,1999,897.15,36.24,37.11,42118.3
Indonesia,Yams,1993,1296.19,91.09,17.13,106236.0
Indonesia,Rice,1994,1949.56,50.43,16.15,32713.8
Argentina,Cassava,2007,2801.68,21.06,25.84,52366.1
Brazil,Rice,2001,552.51,7.46,37.13,19333.7
Indonesia,Sorghum,2005,2586.4,5.63,19.75,9965.8
Japan,Soybeans,2014,319.12,11.91,14.76,15901.8
France,Cassava,2015,2331.67,25.18,27.03,45442.7
United States,Potatoes,1990,1143.31,304.69,37.44,78836.8
India,Maize,2009,2922.55,51.87,25.58,22364.5
Egypt,Sorghum,2014,2463.96,165.52,18.53,10063.6
Egypt,Rice,2013,428.03,28.73,37.85,17347.0
Canada,Maize,2020,446.73,89.08,34.34,41284.1
Nigeria,Potatoes,1994,1410.44,59.74,25.81,165593.7
Canada,Cassava,2017,605.83,98.05,28.78,112436.9
Mexico,Yams,2017,2648.43,69.56,18.49,50508.8
Nigeria,Sorghum,2020,391.98,131.31,23.73,23820.2
South Africa,Rice,2004,1081.72,106.99,26.54,42187.3
Germany,Sorghum,2011,1163.0,40.28,13.6,19448.6
Argentina,Potatoes,1994,741.26,21.2,36.55,74509.6
Nigeria,Sorghum,2018,2231.98,20.15,36.3,4132.8
Australia,Potatoes,2014,2798.55,14.61,34.95,36051.3
United States,Wheat,2001,755.83,40.09,29.4,27208.9
United States,Maize,2021,2763.2,121.33,21.85,27463.3
South Africa,Potatoes,1999,1859.87,13.75,16.94,134053.6
India,Sweet potatoes,2011,659.23,146.37,27.03,143936.0
Brazil,Maize,2016,1229.11,8.6,27.19,45352.1
Egypt,Plantains and others,1991,348.6,76.89,19.81,98957.8
United States,Plantains and others,2003,1615.66,23.2,30.92,46287.9
France,Soybeans,2019,1962.18,108.75,12.03,14445.0
Canada,Plantains and others,2023,463.74,42.96,31.42,72787.8
Canada,Plantains and others,2015,2485.4,20.32,33.57,17445.4
Australia,Sweet potatoes,2019,2819.25,43.09,31.5,48267.9
United States,Maize,2015,2906.57,11.75,13.15,17195.8
Germany,Potatoes,1994,2855.69,65.18,19.19,84419.7
Mexico,Cassava,1993,1393.49,18.18,19.09,118889.3
Germany,Plantains and others,1994,2208.33,19.42,27.36,38922.6
South Africa,Sweet potatoes,2016,792.22,56.11,13.05,154194.9
Canada,Cassava,2010,2144.31,20.63,35.73,32731.1
France,Sorghum,2013,2520.24,69.31,35.94,3073.7
Canada,Sweet potatoes,2007,846.87,102.65,24.13,198361.4
Canada,Sorghum,2007,613.32,25.84,12.53,20519.2
Australia,Sorghum,2020,809.35,33.85,27.28,21426.2
Argentina,Plantains and others,2013,2493.4,86.24,36.58,17582.7
Argentina,Rice,2014,2946.48,57.66,30.62,19721.8
India,Potatoes,1992,522.63,10.71,13.36,155351.7
Mexico,Plantains and others,1991,1895.19,18.99,16.93,62585.6
Canada,Maize,1996,1454.12,96.18,37.47,24611.6
Canada,Cassava,2022,1325.86,19.9,12.8,138340.8
Australia,Cassava,2003,480.83,22.69,32.75,53558.2
Germany,Wheat,1998,1353.18,71.43,26.33,29540.5
Indonesia,Plantains and others,2011,1960.75,25.92,25.77,71954.9
Argentina,Sorghum,1995,2466.5,65.55,17.47,8389.2
China,Sorghum,1999,2560.44,14.63,35.51,2537.0
Indonesia,Plantains and others,1995,248.62,57.03,26.05,88978.2
India,Rice,2009,2847.48,5.65,35.29,12425.0
Australia,Yams,2011,922.97,181.41,27.53,99807.7
India,Cassava,1998,2913.6,55.55,30.01,31268.2
Egypt,Rice,2012,2069.88,104.9,36.87,25027.8
Germany,Rice,2011,1055.86,18.62,24.69,52366.4
Brazil,Maize,2023,2309.35,20.82,28.38,20834.8
South Africa,Soybeans,2018,2851.7,62.47,17.5,10233.6
Indonesia,Yams,2017,717.27,50.46,34.34,62035.6
Germany,Plantains and others,2013,899.62,33.66,28.4,73694.3
United States,Rice,1996,1220.33,90.03,14.55,33908.9
Indonesia,Potatoes,1994,2961.98,177.18,22.79,96111.7
China,Yams,2013,2351.52,33.65,16.6,43669.4
Argentina,Yams,2021,1841.82,108.48,20.03,96495.2
Mexico,Potatoes,2013,1198.14,200.13,37.56,84838.5
Indonesia,Wheat,2007,1997.49,84.14,27.79,19222.2
France,Soybeans,2018,2879.23,22.0,13.63,7140.7
France,Sweet potatoes,2015,325.78,45.67,33.71,56381.2
Canada,Sweet potatoes,2017,2707.77,32.58,20.15,81941.9
Argentina,Wheat,2005,558.28,47.19,24.8,34975.8
India,Yams,2018,294.61,13.56,14.99,91210.8
Brazil,Wheat,1998,888.6,94.53,26.25,27723.3
Brazil,Plantains and others,2018,373.05,89.36,20.95,93338.0
United States,Rice,2018,2991.34,70.68,20.18,21441.2
Australia,Soybeans,2008,474.14,7.75,27.1,23203.0
France,Maize,2004,1777.61,181.89,20.97,43672.4
Indonesia,Maize,2000,1948.76,11.0,18.63,33545.9
United States,Plantains and others,2015,2247.38,20.78,32.94,20973.8
United States,Cassava,2019,2941.39,47.43,36.68,20804.7
Australia,Cassava,2003,1759.89,142.66,14.92,90730.7
Canada,Soybeans,2015,2558.61,36.86,37.06,5825.7
Argentina,Rice,2014,1237.16,162.35,32.72,43390.7
Germany,Plantains and others,1997,2379.41,100.27,19.07,34363.0
United States,Sorghum,1997,1787.4,93.45,20.48,17686.0
Indonesia,Plantains and others,1992,2877.46,111.33,31.96,25294.8
United States,Yams,1992,2266.93,83.19,25.34,40088.2
Argentina,Cassava,2006,942.12,29.26,12.45,126004.2
Mexico,Soybeans,2016,1515.56,22.23,24.42,25328.6
Indonesia,Rice,2004,315.3,62.54,34.13,28702.5
Indonesia,Potatoes,2007,2546.11,11.04,25.35,84175.1
France,Rice,1993,1985.74,13.93,19.38,32633.8
South Africa,Potatoes,1994,1997.29,171.06,27.27,110039.1
Brazil,Plantains and others,2005,692.35,69.17,30.4,54404.4
Nigeria,Sorghum,1992,1062.61,44.25,28.15,15433.8
Japan,Soybeans,2000,2199.34,107.24,16.75,9817.8
France,Rice,2013,1361.38,16.98,32.25,44240.4
Brazil,Sweet potatoes,2013,2530.55,14.63,34.46,25922.5
South Africa,Maize,1994,311.68,25.07,33.36,34108.0
Japan,Rice,2009,2536.74,17.98,33.2,13676.7
Japan,Yams,1995,2618.68,40.46,36.3,12541.6
Egypt,Plantains and others,2003,1828.26,38.35,20.35,94765.1
Egypt,Sorghum,2021,980.45,36.42,26.53,20865.2
Egypt,Yams,2021,1531.28,31.24,21.19,127577.2
India,Potatoes,1993,1407.26,7.69,37.81,64755.9
Canada,Soybeans,1994,2498.52,25.99,20.91,11780.1
South Africa,Yams,2004,842.14,8.15,16.95,92185.1
India,Sorghum,2022,204.05,26.78,34.3,8499.6
South Africa,Wheat,2015,2879.02,5.39,14.3,13470.9
Argentina,Yams,2008,1976.31,10.47,25.51,72217.7
South Africa,Sweet potatoes,1995,1177.31,9.42,34.19,57417.1
South Africa,Yams,2010,1676.38,27.14,12.06,77632.3
Argentina,Maize,1994,217.0,67.36,17.13,31878.4
Australia,Sweet potatoes,2017,815.32,91.27,23.4,176178.8
United States,Rice,2018,604.22,50.19,15.42,41627.5
Canada,Yams,1995,1764.87,11.34,12.9,81293.6
United States,Plantains and others,2009,2699.23,78.29,37.9,19378.6
Mexico,Sorghum,1995,2657.23,8.25,27.2,6006.2
Brazil,Yams,2012,1583.4,53.08,34.86,39526.3
Nigeria,Cassava,1993,1055.31,21.52,34.71,52016.8
Nigeria,Yams,2006,1764.4,18.73,26.48,86597.4
Egypt,Soybeans,2014,1273.59,20.62,33.33,25913.8
Nigeria,Cassava,2023,534.27,13.78,25.86,134828.0
Brazil,Plantains and others,1996,707.23,126.79,13.46,79474.0
China,Cassava,2015,1897.99,68.91,14.29,72041.3
India,Wheat,2020,2680.19,29.57,29.67,10455.3
Germany,Wheat,2002,339.07,95.62,13.67,29671.1
South Africa,Sweet potatoes,2012,406.87,21.06,34.14,62434.5
Indonesia,Maize,2003,1519.51,50.55,30.53,52406.5
Egypt,Soybeans,2015,1703.23,17.1,35.81,17928.9
Mexico,Soybeans,2000,2865.15,9.85,13.58,6505.2
Germany,Rice,2009,1607.62,7.64,17.75,39230.1
Egypt,Potatoes,1999,1643.58,60.57,13.75,166928.5
Egypt,Maize,2007,2684.43,42.59,34.82,17211.4
India,Yams,2015,1649.6,6.14,12.75,78074.8
France,Wheat,1999,1705.18,64.91,28.4,18890.6
Indonesia,Sweet potatoes,1998,1895.27,42.42,12.46,112625.6
Nigeria,Yams,2011,514.54,44.89,15.93,113090.2
China,Sweet potatoes,2010,2868.4,10.35,32.48,29872.1
Nigeria,Sweet potatoes,2002,2555.83,16.14,30.75,38360.3
Egypt,Cassava,2003,1644.85,18.6,17.02,123803.0
South Africa,Soybeans,2021,1690.38,17.65,20.32,20945.9
Egypt,Yams,2012,2316.17,103.23,24.64,48752.6
Brazil,Soybeans,1997,968.4,229.38,35.97,14620.0
Egypt,Yams,1998,1068.56,6.36,28.77,96466.7
Germany,Plantains and others,2001,1972.73,156.2,14.06,66197.3
France,Plantains and others,2015,1968.33,231.8,35.86,29477.5
Nigeria,Sorghum,2019,212.54,23.33,25.1,17205.8
Japan,Soybeans,2014,701.67,38.95,34.71,16638.4
Argentina,Cassava,1993,2064.01,12.91,29.54,46809.1
Canada,Cassava,2007,328.72,116.15,21.93,127427.0
China,Wheat,2019,2607.65,5.17,16.94,16689.8
Germany,Sweet potatoes,2017,2803.98,69.58,18.88,88165.4
Egypt,Rice,1997,2093.46,20.51,13.92,27641.9
France,Potatoes,2016,1131.52,20.06,13.25,191065.3
Nigeria,Cassava,2015,563.25,14.73,15.44,129565.2
United States,Wheat,2012,2231.02,38.79,37.99,7054.4
Indonesia,Yams,2011,2235.27,27.06,26.85,47505.8
Australia,Sorghum,2021,2981.62,18.02,17.41,9481.7
Canada,Plantains and others,2016,1585.12,36.99,27.07,83928.1
Egypt,Rice,2012,2920.71,131.15,17.22,19089.2
Germany,Soybeans,2012,1973.37,8.76,14.8,15658.8
United States,Sweet potatoes,1999,1086.0,74.69,28.65,130925.6
Mexico,Wheat,1999,2931.36,37.47,32.14,6848.1
Mexico,Sweet potatoes,2018,1467.92,78.92,33.73,73668.7
Brazil,Wheat,2007,1978.73,53.93,15.45,25049.4
Japan,Plantains and others,2002,466.26,18.88,21.8,76581.1
Mexico,Sorghum,2018,837.18,80.22,37.03,10186.8
Egypt,Sweet potatoes,2001,2084.13,86.15,13.28,91463.6
Mexico,Sweet potatoes,1998,1263.17,13.52,21.19,146969.2
Egypt,Maize,2013,2135.27,121.4,37.08,17240.8
Japan,Potatoes,1993,999.99,107.3,35.12,65093.4
Brazil,Potatoes,2011,774.71,59.21,37.17,89106.3
Indonesia,Maize,2013,803.82,65.21,32.05,49428.0
Germany,Plantains and others,2022,2518.45,30.06,36.6,15869.1
Japan,Plantains and others,1997,785.44,25.34,29.27,51699.9
India,Yams,2002,2275.98,13.66,28.01,42162.6
Brazil,Soybeans,1995,580.87,66.18,35.92,12272.5
Japan,Sorghum,2016,602.8,12.74,19.94,20454.1
France,Sweet potatoes,1990,2194.8,6.53,14.16,75292.8
Nigeria,Wheat,2002,1449.71,80.83,30.54,23849.4
Germany,Soybeans,2000,926.9,55.62,25.99,31217.1
Argentina,Soybeans,1992,2098.03,16.96,17.96,13944.5
India,Soybeans,2011,2825.42,8.91,25.43,11320.5
Indonesia,Yams,1998,2066.19,29.31,32.87,28533.1
Canada,Yams,1996,2958.53,22.49,28.76,33479.7
Nigeria,Yams,2009,1853.38,7.86,37.63,38981.2
Brazil,Wheat,2012,1812.09,64.85,13.16,26800.4
United States,Wheat,2018,2024.66,38.06,30.13,16996.1
China,Potatoes,2007,2322.39,48.91,14.53,78619.6
Indonesia,Plantains and others,2018,2863.43,117.44,25.35,45594.5
India,Cassava,1995,2148.05,66.41,21.34,74821.8
United States,Potatoes,2021,1144.55,86.04,17.23,235404.3
India,Wheat,2006,874.72,133.99,34.53,14387.3
Indonesia,Cassava,2006,2192.75,20.62,37.45,31586.8
Indonesia,Rice,2013,271.55,37.36,23.5,41414.4
Nigeria,Soybeans,1996,1050.47,50.71,24.26,31661.6
United States,Yams,2022,2672.59,136.54,18.66,55419.2
Germany,Wheat,2020,2872.72,27.83,16.49,20301.3
Mexico,Potatoes,2011,654.92,82.34,31.27,116820.4
Egypt,Soybeans,2022,2545.45,9.98,26.64,12708.9
Argentina,Maize,2022,1069.11,51.79,21.52,62130.3
China,Potatoes,2020,1880.4,47.38,17.14,140883.0
United States,Wheat,2017,518.73,52.76,17.83,45540.4
India,Sweet potatoes,2013,1445.78,55.06,20.69,167925.6
China,Sorghum,2014,1795.61,17.16,15.76,13905.6
China,Wheat,1994,1065.35,73.29,13.24,27987.4
Egypt,Wheat,1996,1415.95,25.87,27.8,26811.1
India,Yams,2006,1448.33,38.24,18.18,109510.8
Germany,Cassava,2010,876.66,16.58,22.32,132447.2
Canada,Sorghum,2018,797.83,51.55,21.96,24779.0
China,Wheat,1997,2112.52,62.01,28.56,17358.4
Canada,Wheat,2007,216.79,15.07,24.33,32802.5
Japan,Sorghum,2015,600.4,109.11,22.53,18645.0
Egypt,Plantains and others,2011,1390.5,60.68,27.72,81224.7
Brazil,Sorghum,1991,408.12,24.18,20.3,16115.6
Germany,Maize,2003,1617.88,162.63,37.29,18275.4
Canada,Maize,1991,1111.41,6.07,14.82,36819.5
United States,Maize,2011,1341.48,199.83,20.05,55397.6
Germany,Potatoes,1995,839.82,5.88,21.98,166539.9
South Africa,Cassava,2013,1692.48,112.49,23.69,103497.7
South Africa,Sweet potatoes,2010,982.99,7.76,15.28,168328.8
Argentina,Sorghum,2008,2777.41,48.97,32.27,4710.1
Germany,Sweet potatoes,1991,1068.63,37.55,12.5,128199.0
Germany,Soybeans,2001,751.05,82.3,18.0,21455.4
Indonesia,Cassava,1991,2477.01,29.3,12.75,53895.9
Nigeria,Cassava,2001,1443.25,32.57,26.11,112691.9
Brazil,Wheat,1996,2730.39,6.5,15.65,11854.5
Mexico,Soybeans,1996,635.11,60.79,12.67,15424.0
China,Sweet potatoes,1995,1151.4,74.28,29.57,93874.4
Argentina,Wheat,2022,1650.41,9.9,16.33,35161.1
Indonesia,Cassava,2018,1938.9,34.67,24.53,100285.5
India,Wheat,1991,1699.94,6.58,29.84,17687.7
South Africa,Rice,2005,2335.76,19.3,19.75,26387.0
Canada,Sorghum,2021,926.92,13.52,19.47,27866.0
Mexico,Plantains and others,1992,2035.14,20.95,13.33,52825.5
Brazil,Sorghum,2012,972.52,15.74,30.06,12352.9
Argentina,Sweet potatoes,2019,2314.36,69.71,13.13,68039.8
Argentina,Cassava,2013,618.78,132.71,18.06,155734.9
Egypt,Soybeans,2019,1444.19,131.32,32.67,25061.0
South Africa,Yams,2003,2404.67,7.57,17.11,39680.8
Australia,Rice,2016,509.67,43.0,12.97,30090.8
Germany,Plantains and others,2013,1483.56,78.14,23.87,86650.9
Mexico,Rice,2007,1055.1,52.0,32.35,42406.1
France,Maize,2010,2436.96,185.88,16.71,20413.9
South Africa,Plantains and others,2021,2820.61,14.68,32.59,16931.6
Australia,Rice,1992,1209.16,34.33,33.49,39447.6
Mexico,Cassava,2003,1349.32,68.66,29.99,75106.8
United States,Yams,2016,2327.81,6.44,29.44,29831.5
China,Soybeans,2014,1244.31,67.59,29.52,26813.0
Mexico,Maize,1994,673.59,29.9,33.38,35347.3
Argentina,Sweet potatoes,2006,1593.73,27.8,29.22,88619.8
South Africa,Sweet potatoes,2004,762.16,87.42,32.94,59285.4
Egypt,Plantains and others,2019,871.53,17.71,21.6,117467.0
France,Sweet potatoes,1993,2101.42,37.19,31.39,48003.0
Nigeria,Potatoes,2023,1303.52,66.84,15.84,255118.5
Indonesia,Wheat,1992,2151.44,5.6,28.57,16169.2
Canada,Potatoes,2011,2933.04,117.27,17.31,104242.2
Australia,Yams,2006,1296.84,123.59,35.36,43250.6
Australia,Plantains and others,2023,1769.02,100.79,25.83,77723.2
South Africa,Sorghum,2022,1343.98,90.92,33.14,8206.8
Germany,Sweet potatoes,2017,1543.53,24.56,35.85,62339.5
Nigeria,Plantains and others,1990,703.48,86.2,27.07,76481.9
Germany,Cassava,1995,1772.79,5.34,37.51,37267.0
United States,Wheat,1994,1905.65,52.0,30.89,14654.3
China,Yams,2001,1480.57,59.54,19.7,85644.1
Argentina,Maize,1998,998.89,42.9,31.32,41725.4
India,Potatoes,2003,2633.52,6.99,15.79,71890.9
Canada,Soybeans,2021,923.73,6.62,33.89,21227.6
South Africa,Soybeans,2004,1599.78,16.96,28.5,20424.4
Mexico,Soybeans,2010,2694.97,49.96,26.0,11112.5
China,Wheat,2011,1376.33,125.15,18.09,35471.9
Egypt,Potatoes,1992,2541.78,24.65,21.17,82753.7
China,Plantains and others,2001,570.27,51.78,30.92,43656.0
Brazil,Potatoes,2008,2059.81,103.77,37.38,48469.0
Germany,Sweet potatoes,2008,2578.0,71.28,35.11,28870.8
Argentina,Rice,2014,1391.06,51.21,26.9,53154.7
Japan,Plantains and others,2001,1971.57,123.98,22.11,52634.2
Argentina,Wheat,2015,1365.22,26.23,13.5,36499.6
Australia,Potatoes,2016,1374.89,89.81,19.35,249904.4
Indonesia,Maize,1994,246.58,112.49,27.29,42124.6
Brazil,Wheat,2019,1863.76,6.81,32.28,13136.8
Indonesia,Soybeans,1997,2196.78,17.69,14.85,11490.8
United States,Wheat,2014,2157.38,75.31,31.7,9770.0
Australia,Sorghum,2012,2049.38,5.01,13.64,12483.0
South Africa,Potatoes,1999,605.99,45.44,29.64,125912.5
Mexico,Potatoes,1994,2695.79,128.34,25.19,61515.2
Germany,Sweet potatoes,1999,453.66,13.53,15.54,138363.1
Australia,Plantains and others,2000,810.23,7.67,31.68,44900.9
Egypt,Rice,1999,2381.86,54.1,18.64,29144.0
South Africa,Potatoes,1990,2110.39,29.38,28.45,71103.5
Mexico,Cassava,2014,2754.65,114.25,16.5,59470.5
Australia,Plantains and others,1994,397.56,26.37,37.45,34814.0
South Africa,Sweet potatoes,2012,2028.64,57.28,36.7,42449.5
Argentina,Rice,2021,354.02,24.17,26.62,44139.4
South Africa,Sorghum,1990,1430.13,194.41,21.87,17352.2
France,Sorghum,2023,1363.66,25.61,14.59,20882.9
South Africa,Yams,2020,2467.61,11.42,19.84,46340.5
France,Sweet potatoes,2016,1128.51,11.51,22.74,180029.5
United States,Yams,1995,1921.4,30.36,29.63,53417.7
China,Cassava,2018,2319.43,12.33,37.1,17402.9
Nigeria,Soybeans,2008,2693.0,29.1,12.89,8108.5
Brazil,Potatoes,1994,1003.39,57.19,21.32,179541.4
Japan,Cassava,2022,1817.62,130.5,27.15,83143.6
Brazil,Wheat,1990,1283.91,89.69,17.79,30394.3
India,Sorghum,2019,1349.92,41.17,17.65,23293.1
Argentina,Maize,2007,2235.38,142.63,18.17,26551.5
France,Sweet potatoes,1996,1859.24,30.14,24.9,101777.4
Argentina,Wheat,1995,370.88,302.66,25.59,27402.6
Brazil,Rice,2017,424.33,133.99,13.06,29776.5
Brazil,Maize,1993,720.62,15.51,30.03,39766.9
South Africa,Cassava,2008,2185.06,15.66,26.64,54508.9
India,Cassava,2000,2750.79,89.95,37.59,23032.2
Canada,Plantains and others,2020,2203.57,68.84,21.86,51695.7
South Africa,Wheat,2016,2779.75,19.31,18.23,14472.2
Brazil,Sweet potatoes,1999,2522.38,70.01,15.9,61343.7
China,Rice,2020,2147.06,82.42,23.62,31840.6
Argentina,Maize,1996,1276.4,8.9,31.22,40833.4
Australia,Plantains and others,2021,2361.22,29.93,29.24,31550.2
South Africa,Sweet potatoes,2023,2052.37,11.24,20.95,108745.4
South Africa,Sweet potatoes,2013,1784.95,99.16,37.34,44577.5
China,Soybeans,2019,410.17,100.26,19.28,24578.9
United States,Rice,2012,1349.93,90.04,30.08,51088.1
Argentina,Rice,1997,907.94,8.5,15.31,34366.8
Argentina,Soybeans,1991,1295.68,28.12,29.56,23586.6
Canada,Plantains and others,1993,1737.33,21.32,19.07,71671.9
Canada,Wheat,1996,2267.75,59.78,28.8,12528.9
Japan,Potatoes,1994,2585.39,38.36,16.12,68880.7
Australia,Sorghum,2011,2324.29,8.25,31.96,5028.1
Egypt,Soybeans,2020,1147.57,14.0,14.67,22946.5
Egypt,Maize,2010,1063.13,69.48,24.78,62205.1
Indonesia,Rice,2018,2187.04,22.9,35.92,22785.3
China,Wheat,1999,2058.38,11.3,27.65,16204.9
Germany,Sorghum,1993,1325.96,15.57,27.42,13901.4
Mexico,Sweet potatoes,1999,1093.73,21.66,34.38,68630.9
Japan,Sweet potatoes,2012,814.32,18.06,25.53,118697.9
Germany,Plantains and others,1990,2486.51,100.32,18.12,35044.4
Germany,Yams,2006,2422.59,36.55,32.91,20979.7
South Africa,Maize,1998,748.95,124.22,36.21,28023.8
Mexico,Wheat,2014,1779.85,29.76,28.42,19634.5
Mexico,Potatoes,1993,2508.46,65.64,22.03,68224.1
Indonesia,Soybeans,2020,1311.87,112.36,14.86,24220.1
China,Plantains and others,2015,2171.29,12.54,28.13,38267.2
Australia,Sorghum,1994,2260.39,29.05,14.25,8192.3
Argentina,Rice,2016,696.02,171.53,14.8,41160.3
Indonesia,Plantains and others,1992,383.3,65.57,26.01,85548.8
Canada,Maize,2020,2832.81,29.61,19.83,20694.9
South Africa,Soybeans,2023,1715.72,114.46,28.45,24856.4
Brazil,Maize,2018,1306.41,10.55,14.52,40455.9
Argentina,Sorghum,2009,1325.8,18.77,20.42,19235.6
France,Yams,2002,1455.43,83.56,23.66,86778.6
Canada,Maize,2013,2580.74,19.27,36.28,14217.2
Argentina,Rice,2010,1878.63,65.34,35.61,25360.4
China,Sorghum,2013,2185.27,163.92,37.5,3932.4
Japan,Cassava,2010,1667.64,50.31,21.42,105103.0
Australia,Sweet potatoes,2021,2885.95,24.29,30.55,54961.3
Mexico,Wheat,2010,2931.99,26.51,18.71,15375.0
Argentina,Cassava,2003,2313.16,25.05,19.55,48016.9
China,Wheat,1991,838.12,56.6,35.98,11334.4
United States,Rice,1993,2919.09,63.63,14.66,15264.3
Indonesia,Rice,2003,655.21,7.39,17.98,38419.4
South Africa,Wheat,2006,414.59,50.37,34.56,12513.5
Indonesia,Cassava,1991,2071.63,13.55,28.84,60895.5
Egypt,Yams,1994,433.59,42.79,17.58,124016.7
Germany,Potatoes,1993,2074.56,12.63,31.13,56004.4
South Africa,Potatoes,1991,613.72,11.95,28.5,113897.9
China,Cassava,1992,543.5,48.94,35.71,38945.3
United States,Rice,2012,320.97,36.68,31.58,35649.4
United States,Maize,2017,2809.89,18.04,20.31,26194.7
United States,Potatoes,1996,1810.3,104.32,26.3,141416.9
Mexico,Soybeans,2004,315.02,19.55,37.59,9568.5
Indonesia,Soybeans,2017,1241.63,106.29,31.09,28735.9
India,Sorghum,2015,1477.07,87.64,32.36,8843.0
France,Yams,1993,1731.44,11.91,12.95,69706.2
France,Maize,1995,1477.85,71.68,16.05,33693.9
Japan,Rice,1991,1029.62,64.29,33.33,30258.0
Egypt,Rice,2021,1222.93,67.92,17.78,58738.7
Brazil,Rice,2017,685.44,28.76,19.57,40344.6
Australia,Soybeans,2009,427.02,65.26,13.95,22583.1
Argentina,Cassava,2017,1782.88,9.11,25.02,93081.4
Australia,Soybeans,2021,2533.04,17.3,33.67,9676.7
France,Sweet potatoes,1999,1196.05,38.57,32.56,65699.8
Brazil,Potatoes,1990,1093.43,14.74,28.58,117211.2
Nigeria,Cassava,2006,2212.38,7.59,32.34,36988.8
Mexico,Plantains and others,2018,1533.97,154.12,27.15,78868.3
Egypt,Plantains and others,1992,2278.43,110.92,23.06,38768.5
Nigeria,Soybeans,1996,2052.78,22.85,23.25,16403.3
United States,Wheat,2014,1591.6,11.87,12.19,31176.0
Brazil,Plantains and others,2006,1266.66,10.03,26.77,70150.3
Egypt,Wheat,1995,2576.88,30.5,37.82,5584.3
Egypt,Maize,2023,344.2,14.37,14.65,39256.4
Nigeria,Potatoes,1995,2289.93,74.26,17.11,93705.1
Nigeria,Plantains and others,2001,1092.09,34.46,29.39,76686.1
China,Rice,2008,1649.61,36.99,17.55,36559.6
Canada,Potatoes,2014,825.88,18.71,34.4,101724.3
Japan,Cassava,1999,933.09,88.47,25.48,116845.7
South Africa,Yams,2020,983.43,7.94,17.06,108733.5
Argentina,Plantains and others,2009,2790.12,6.18,28.98,32168.7
Egypt,Sorghum,1999,2953.3,22.33,14.4,8455.5
Nigeria,Yams,2023,1177.46,18.87,29.47,101168.7
South Africa,Soybeans,2017,2918.15,6.26,18.79,9166.8
Indonesia,Sweet potatoes,2017,968.2,92.67,16.27,212325.6
Nigeria,Soybeans,2022,2025.64,13.63,27.07,20517.4
Brazil,Cassava,2010,2031.58,15.05,34.08,31564.5
Brazil,Potatoes,2009,1777.84,11.49,20.2,144020.5
South Africa,Wheat,2014,1203.57,37.01,35.28,14947.0
Indonesia,Yams,1998,906.36,35.74,14.84,111535.4
Australia,Soybeans,2013,2342.07,98.34,22.01,13515.9
Indonesia,Soybeans,2006,368.03,53.47,27.12,29285.4
Nigeria,Potatoes,1993,304.35,87.05,12.69,164743.8
Germany,Rice,2014,1846.15,22.19,17.97,41958.3
China,Yams,2016,704.52,118.54,37.76,50893.6
Canada,Maize,2018,2424.4,22.54,37.03,11116.5
South Africa,Yams,2011,2722.92,59.56,35.97,17665.9
Mexico,Sweet potatoes,1991,2061.96,16.78,21.28,79273.1
India,Sweet potatoes,2008,1027.45,11.64,24.83,153334.2
Argentina,Sorghum,2015,2447.98,91.48,30.14,6764.9
United States,Sweet potatoes,2009,2498.86,29.69,17.15,79110.5
Canada,Cassava,2006,463.62,41.66,23.53,132079.6
France,Soybeans,1993,565.13,18.39,28.09,20824.4
Indonesia,Wheat,2007,1593.63,22.97,37.92,15659.4
South Africa,Yams,2013,1361.43,112.29,23.65,113105.6
Canada,Maize,1991,2114.97,18.69,27.49,30416.4
South Africa,Potatoes,2001,2616.08,112.94,33.52,32863.1
Brazil,Soybeans,2014,1649.2,81.96,20.47,24614.7
South Africa,Sorghum,1991,2496.84,15.56,19.06,7171.4
India,Soybeans,1998,1646.72,86.07,22.34,19556.7
Brazil,Potatoes,2017,300.97,9.46,30.33,119769.0
China,Maize,1996,2310.12,34.67,29.74,17398.0
South Africa,Wheat,1997,840.29,13.45,28.2,25764.5
Nigeria,Wheat,1994,2344.78,89.5,12.81,15974.7
India,Soybeans,1992,2453.95,43.05,33.46,7933.8
China,Rice,2005,757.61,26.7,31.82,31676.3
China,Potatoes,2019,2944.44,70.8,31.17,49090.9
Nigeria,Cassava,2019,261.06,22.0,13.27,108813.0
United States,Yams,2015,1778.85,83.84,31.29,56162.6
United States,Soybeans,1992,1259.66,24.92,24.48,24742.5
Brazil,Sorghum,2001,482.7,104.99,12.68,15931.7
Egypt,Rice,2007,2726.31,74.28,36.03,14182.4
France,Yams,1993,2322.91,54.77,28.45,28539.5
United States,Sorghum,2019,1873.7,137.82,36.02,8295.0
Argentina,Soybeans,2016,2897.85,84.26,22.6,13361.4
Canada,Potatoes,1993,525.12,15.78,20.95,199294.6
India,Sweet potatoes,1997,807.29,45.73,14.22,142204.4
South Africa,Sorghum,1994,2085.95,129.0,36.86,4219.7
Mexico,Soybeans,2004,2367.08,122.62,27.66,10829.9
Egypt,Sweet potatoes,1990,377.82,15.27,22.84,141728.6
Egypt,Maize,2009,2197.07,28.04,26.24,28519.5
South Africa,Plantains and others,1992,2224.5,46.11,32.89,15495.8
Argentina,Rice,2018,2524.39,21.05,26.37,23293.9
China,Wheat,2002,2908.65,109.79,19.3,14325.5
France,Rice,1995,2789.95,46.37,15.63,16118.1
South Africa,Plantains and others,2017,2620.76,74.24,15.14,41373.4
Indonesia,Rice,2023,2238.12,119.66,34.17,33021.5
France,Yams,1997,2020.32,75.3,26.41,55852.5
Mexico,Plantains and others,1997,2986.96,60.34,36.25,16338.7
Germany,Maize,2017,1345.78,62.32,17.04,46589.7
United States,Sorghum,2015,801.52,123.66,30.62,14160.1
Japan,Yams,1990,1829.26,94.66,18.86,67618.3
Indonesia,Sorghum,1995,2141.75,60.66,24.15,12118.8
Australia,Maize,2003,2154.21,59.95,16.02,20334.4
Egypt,Sweet potatoes,2012,1219.25,6.32,16.6,187808.5
Egypt,Maize,2016,1720.9,111.98,37.28,25523.1
France,Plantains and others,2017,1237.57,61.88,29.46,74121.9
Germany,Soybeans,1997,1439.03,43.79,24.03,26796.4
Japan,Cassava,2023,2106.74,154.71,19.39,79167.4
Germany,Sorghum,1998,253.68,24.58,31.52,8811.8
Canada,Yams,2020,809.31,17.42,27.7,94104.2
Japan,Yams,2012,363.89,66.06,25.08,86860.6
France,Rice,2010,2647.57,41.49,16.11,15568.3
Indonesia,Yams,2000,650.01,95.59,29.07,90672.7
Egypt,Cassava,2006,2208.84,250.1,23.79,75238.1
Canada,Plantains and others,1991,237.69,24.63,13.92,75118.5
India,Sweet potatoes,2018,1411.63,6.3,15.48,143716.6
Nigeria,Potatoes,1994,1589.58,19.09,12.0,136091.1
Germany,Yams,2014,2899.9,12.01,27.73,40495.4
Australia,Maize,1993,2449.74,11.51,33.76,14083.5
Egypt,Sweet potatoes,2019,313.22,49.29,21.0,175575.9
Nigeria,Sorghum,2004,885.97,12.17,14.84,21171.0
United States,Sweet potatoes,2003,2003.23,97.88,26.44,109452.0
Australia,Rice,2003,2712.09,81.24,24.01,17281.4
Australia,Rice,1990,2471.54,41.02,13.02,16939.1
Brazil,Sorghum,2011,612.77,23.29,24.08,18509.1
Canada,Sweet potatoes,2015,894.57,21.04,33.37,77320.9
Indonesia,Potatoes,2002,2889.58,144.1,35.48,40214.6
China,Potatoes,2005,2145.94,6.24,15.44,86596.0
Canada,Wheat,1991,2898.1,206.49,31.59,8978.5
China,Cassava,1993,1600.2,89.71,16.08,99171.2
India,Wheat,2018,2228.33,7.14,24.62,17245.2
South Africa,Cassava,1995,832.56,27.79,20.07,121261.3
Canada,Yams,1990,727.75,19.76,25.86,81225.1
Argentina,Yams,2000,2181.82,71.29,16.28,58864.2
South Africa,Cassava,2000,1274.37,12.9,13.15,109136.8
Egypt,Yams,2011,1677.58,146.97,28.1,80661.9
Indonesia,Cassava,2016,2713.52,71.65,20.83,69373.0
Australia,Rice,2014,2528.59,58.43,25.25,27198.1
Nigeria,Soybeans,2023,398.61,52.1,14.66,24263.2
India,Potatoes,2008,2835.87,23.39,22.06,78235.4
France,Wheat,2014,2623.0,56.9,15.53,13327.6
Germany,Rice,2014,1764.41,19.73,12.81,31732.7
Japan,Plantains and others,1997,970.79,61.91,30.36,45995.0
China,Potatoes,1992,1658.46,28.14,37.1,59038.1
Egypt,Sweet potatoes,2007,1531.44,61.53,20.33,157205.0
Brazil,Wheat,2000,2423.18,56.67,32.85,5472.9
Australia,Plantains and others,2010,1883.23,210.58,20.22,88894.0
Australia,Maize,1995,2726.75,22.53,12.24,12124.5
Argentina,Yams,1994,2024.28,14.26,32.51,28473.2
France,Cassava,2004,1213.91,104.98,20.28,122866.4
Germany,Plantains and others,2002,2497.95,14.62,28.95,26122.9
Argentina,Potatoes,2000,1360.4,100.71,37.27,83593.5
Argentina,Potatoes,1994,1359.99,15.74,31.56,97758.9
Mexico,Wheat,2008,314.79,25.33,28.28,25473.5
Brazil,Maize,2008,1680.76,52.23,25.42,45598.4
Indonesia,Soybeans,2005,939.18,11.85,33.31,19953.8
United States,Plantains and others,2012,609.64,25.68,13.08,90099.4
Nigeria,Sweet potatoes,2010,2836.63,54.15,28.23,52729.2
Brazil,Sweet potatoes,2013,1148.67,133.26,13.27,143090.8
Germany,Maize,2019,810.25,49.27,20.99,51570.0
Mexico,Soybeans,1998,576.34,158.93,27.42,27544.1
Indonesia,Potatoes,2009,1425.56,6.41,16.31,216924.4
China,Rice,2008,2133.61,56.7,30.72,29264.8
Japan,Plantains and others,2020,2211.08,68.59,24.47,43994.0
Brazil,Maize,2017,1824.05,24.25,36.93,19533.8
India,Maize,2014,254.89,67.97,14.65,38245.2
South Africa,Potatoes,2006,301.84,17.65,28.03,153747.5
France,Yams,1991,924.53,41.57,28.18,80327.4
Japan,Yams,2010,1691.09,6.12,28.11,61367.8
Egypt,Maize,2001,2677.69,82.76,17.08,20812.6
Canada,Wheat,2010,2274.56,129.8,34.47,8037.9
Argentina,Sorghum,2012,2727.95,44.03,22.96,9048.4
Argentina,Sorghum,2019,2884.19,34.36,25.51,8637.2
Brazil,Rice,2015,2752.45,9.91,26.38,16998.6
France,Rice,1994,2416.76,89.64,20.05,26187.4
Brazil,Plantains and others,2018,300.46,21.63,28.96,59427.7
Canada,Sweet potatoes,1994,606.59,143.9,20.16,172341.4
Germany,Wheat,1990,598.64,11.83,36.94,13470.2
United States,Potatoes,2017,970.15,148.92,21.82,204918.7
Australia,Potatoes,1996,815.18,14.67,23.31,192953.3
Nigeria,Plantains and others,2000,1540.3,72.36,25.36,84228.7
Argentina,Cassava,2007,362.67,8.09,21.64,99906.4
Germany,Plantains and others,2008,864.25,56.47,13.35,99838.8
Egypt,Sorghum,2016,2111.73,92.38,30.61,9643.6
Mexico,Potatoes,2016,1142.07,22.07,20.99,220075.5
France,Potatoes,2010,2109.56,120.44,21.11,115053.3
Argentina,Sweet potatoes,1990,855.61,21.21,16.96,157703.4
Australia,Potatoes,2014,2275.21,19.39,19.36,101204.7
Nigeria,Cassava,2011,1977.96,12.78,21.07,96173.8
Indonesia,Wheat,2001,2116.43,15.57,37.69,10027.1
South Africa,Potatoes,2004,984.82,7.0,12.36,171745.0
Australia,Rice,1995,988.66,17.93,34.07,34030.7
Australia,Cassava,2023,1689.43,75.96,23.37,127788.6
Brazil,Rice,2022,423.37,16.61,15.78,33298.6
South Africa,Sweet potatoes,2019,579.73,88.98,36.16,69609.0
Indonesia,Wheat,2012,786.66,5.22,32.38,19733.9
Canada,Sorghum,2014,822.16,78.6,30.08,15085.5
South Africa,Cassava,1996,1175.54,40.09,25.38,92775.3
Argentina,Potatoes,2008,1759.91,62.29,30.17,112242.8
Nigeria,Rice,2022,721.33,29.22,37.76,26444.0
Australia,Potatoes,2002,1532.24,6.4,27.95,134509.4
Japan,Soybeans,2007,1996.6,94.55,30.22,15504.5
Canada,Plantains and others,2008,1305.02,23.89,20.36,104154.3
India,Plantains and others,2013,950.47,13.31,33.08,44333.8
Japan,Soybeans,2008,2245.19,21.98,13.44,7769.1
Indonesia,Soybeans,1991,639.71,20.76,23.6,29194.1
Argentina,Rice,1995,1486.69,123.66,34.67,31619.5
Indonesia,Cassava,2020,2443.05,128.01,21.21,62495.7
Argentina,Potatoes,2015,2187.67,67.21,28.67,87904.4
Japan,Yams,2014,2366.64,174.78,35.1,19226.6
Japan,Soybeans,2016,891.73,16.24,36.91,14867.7
Japan,Plantains and others,2005,1428.75,6.32,20.51,77456.3
United States,Cassava,1997,2029.57,10.67,32.24,29500.6
Nigeria,Sweet potatoes,2020,1428.6,409.86,25.37,176182.6
Mexico,Soybeans,2008,1344.76,72.28,35.4,14961.8
Japan,Maize,2000,1000.43,9.86,24.99,49032.9
Canada,Sorghum,2000,988.85,80.65,21.91,24034.8
South Africa,Plantains and others,2017,2943.07,59.34,21.76,41331.4
Japan,Potatoes,1997,737.88,10.63,20.05,174503.5
Germany,Yams,2018,2748.94,9.15,14.96,51333.2
Argentina,Potatoes,2013,2073.71,73.5,15.46,135320.6
India,Rice,1991,2336.69,72.36,32.05,22863.8
Brazil,Yams,2007,1762.08,17.61,27.68,66733.5
France,Yams,1991,367.15,15.98,29.37,60552.7
Indonesia,Plantains and others,2020,2050.84,132.73,26.72,70661.8
Nigeria,Sorghum,1999,1149.99,41.96,25.45,20433.9
South Africa,Yams,2014,1934.25,16.99,36.2,28639.7
Mexico,Potatoes,2019,245.13,6.43,24.25,180812.5
South Africa,Wheat,2001,2516.52,122.97,22.21,12554.8
Canada,Sweet potatoes,2005,2360.01,31.02,36.76,26354.3
Australia,Soybeans,2009,855.58,75.1,17.84,30797.2
Mexico,Wheat,2007,1811.03,16.69,22.02,26178.7
Germany,Rice,2008,296.57,10.82,31.39,32667.9
Australia,Plantains and others,2015,614.87,15.37,23.64,110634.7
Indonesia,Sweet potatoes,2015,2282.7,12.23,35.2,33642.0
Japan,Yams,2001,1444.44,119.87,21.32,99379.9
France,Wheat,2016,1536.62,13.84,28.03,25849.7
Indonesia,Maize,2016,938.4,107.14,35.11,38421.4
Egypt,Sweet potatoes,2020,2193.97,31.37,30.56,61275.6
Argentina,Sorghum,2003,998.95,15.48,16.34,18823.7
Japan,Potatoes,2023,1824.65,68.75,20.61,176015.3
China,Sweet potatoes,2005,463.83,67.01,20.4,146235.5
Argentina,Potatoes,2023,320.11,10.19,25.55,169371.3
Mexico,Sweet potatoes,2012,925.93,97.18,36.78,78954.3
Germany,Yams,2011,2604.13,24.9,30.51,28311.3
China,Plantains and others,2007,1980.52,21.73,28.98,44269.6
Mexico,Maize,2002,2771.54,12.24,22.73,18776.4
United States,Plantains and others,1998,2606.21,11.5,16.05,33504.0
Canada,Maize,2014,1808.73,6.01,37.8,19864.0
Indonesia,Sweet potatoes,1997,1938.56,5.4,26.8,82981.5
Australia,Cassava,2000,2573.53,24.76,29.71,37636.1
Egypt,Sorghum,2012,2827.67,45.8,30.24,6251.1
France,Potatoes,2011,2110.03,7.87,21.4,107902.4
Brazil,Rice,2009,420.6,81.86,35.29,24321.4
Egypt,Wheat,2009,1915.47,38.69,28.99,22741.9
Germany,Potatoes,1990,2762.89,49.29,12.72,58774.2
Brazil,Soybeans,1991,570.64,10.5,30.86,18293.8
Canada,Yams,1990,1598.4,86.17,19.25,102827.9
South Africa,Maize,2009,660.61,117.83,19.68,47618.4
India,Plantains and others,1993,2857.87,218.23,18.11,41721.9
Germany,Potatoes,1997,231.39,31.55,35.39,72748.3
Indonesia,Potatoes,2015,1157.25,57.16,29.54,175409.8
Brazil,Sorghum,2014,2311.61,116.52,20.94,7954.8
Canada,Maize,2015,915.42,27.88,36.6,40488.2
Brazil,Wheat,2002,1678.16,11.04,19.03,26071.0
India,Sorghum,2009,1999.58,111.12,32.87,7029.2
United States,Sorghum,2006,2607.67,24.97,35.9,3272.0
South Africa,Maize,1991,653.72,10.4,13.14,26028.3
Nigeria,Maize,1995,2400.84,9.93,37.35,10346.7
Indonesia,Sweet potatoes,2015,328.91,28.12,25.48,158613.4
Indonesia,Plantains and others,2002,2794.95,10.14,33.46,17051.3
Mexico,Sorghum,1994,1467.64,11.72,17.58,16917.5
Canada,Plantains and others,2012,1114.84,8.65,35.13,38245.2
France,Plantains and others,2017,1600.39,93.89,20.25,103224.9
Germany,Rice,1999,746.43,56.06,14.46,34250.8
Japan,Cassava,2012,1182.43,10.72,13.02,105765.6
United States,Wheat,1999,2063.57,10.41,33.39,9877.0
Egypt,Maize,2011,1679.17,54.46,36.65,32664.5
Argentina,Sweet potatoes,2007,2077.98,69.71,33.04,43239.0
Japan,Plantains and others,2000,2693.97,31.38,12.7,33782.5
United States,Yams,2012,1398.9,61.47,25.45,109864.2
United States,Potatoes,2008,2263.34,187.3,21.88,109516.5
Nigeria,Yams,2005,2682.28,32.11,29.39,33911.5
South Africa,Soybeans,2007,1782.76,16.8,26.2,21288.4
Egypt,Wheat,2002,2439.84,20.4,13.38,16360.6
South Africa,Sorghum,2011,2463.78,206.43,16.92,9262.9
Mexico,Wheat,2009,769.9,94.6,17.31,33830.3
Brazil,Wheat,2008,1629.3,21.57,19.39,32726.7
Indonesia,Sweet potatoes,2007,373.26,35.3,19.48,180893.3
Brazil,Sorghum,2000,1433.93,147.22,12.71,16336.0
Brazil,Maize,1991,2975.35,27.0,23.57,16661.3
Indonesia,Wheat,2002,776.09,25.73,17.92,40244.1
Brazil,Wheat,2022,2874.36,83.77,21.81,16386.8
Mexico,Yams,2008,1427.25,46.43,19.65,98227.3
Australia,Yams,1992,2271.08,19.08,34.62,16202.9
Germany,Maize,2001,472.63,32.19,25.65,51544.4
France,Sweet potatoes,2019,1152.09,85.86,17.12,172109.8
Egypt,Sweet potatoes,2002,308.31,38.56,18.64,184163.9
Australia,Sweet potatoes,1999,2581.28,66.84,19.06,76485.2
United States,Wheat,2002,1880.58,88.56,33.88,12658.8
China,Rice,1993,1170.73,50.05,27.29,45197.6
Germany,Sorghum,2012,1074.12,33.49,27.43,15960.2
Japan,Rice,2008,1898.14,25.1,22.87,41835.0
South Africa,Cassava,2005,1142.21,38.8,23.43,108821.9
Egypt,Yams,2013,750.52,101.27,32.72,55811.6
France,Cassava,1993,397.46,8.36,37.1,40059.7
Australia,Wheat,2009,1125.88,24.02,32.84,16241.4
Egypt,Soybeans,2019,1332.27,45.09,13.62,25336.4
Indonesia,Soybeans,2019,629.62,10.42,25.6,32482.1
Brazil,Sorghum,2015,2769.77,17.79,15.12,7541.3
Brazil,Cassava,1996,940.13,47.37,25.86,93078.6
India,Plantains and others,2004,1121.02,16.55,22.47,90069.5
United States,Yams,2022,775.65,11.16,26.1,110494.6
Argentina,Maize,1990,1675.86,24.79,31.66,39510.8
France,Rice,2001,1553.64,27.94,19.06,43314.5
Indonesia,Sweet potatoes,1991,457.38,55.67,21.28,148330.2
Australia,Rice,1997,1807.16,27.83,26.51,52846.7
France,Wheat,2001,376.31,50.15,29.4,24125.3
Japan,Wheat,1992,2949.02,95.21,22.74,12077.1
Brazil,Sweet potatoes,2021,1508.04,90.0,17.62,145982.3
Canada,Yams,2017,794.13,94.35,22.75,112610.2
Argentina,Cassava,2014,1809.59,36.4,28.83,87746.4
Egypt,Cassava,2006,2729.67,12.71,29.11,39723.3
Canada,Wheat,1997,444.72,148.77,32.44,18312.4
Egypt,Wheat,1995,461.32,26.68,15.53,33549.0
Brazil,Cassava,2020,1494.79,44.14,37.53,49597.7
Germany,Yams,1995,526.28,70.63,21.6,110683.6
Nigeria,Sweet potatoes,2016,1556.62,119.92,35.05,79789.0
Brazil,Yams,1999,1271.76,10.64,15.49,86457.1
France,Sweet potatoes,2014,891.43,93.19,28.45,134750.0
Nigeria,Wheat,2013,2286.65,32.88,33.84,8085.9
Mexico,Wheat,1990,1852.07,44.96,27.86,19316.2
Japan,Cassava,2009,2518.57,171.87,25.89,44673.8
Argentina,Rice,2013,1549.81,13.25,21.48,47167.8
Indonesia,Potatoes,1991,360.43,6.13,21.17,194865.6
Mexico,Potatoes,2021,1646.31,6.85,36.87,75355.1
South Africa,Potatoes,2014,2180.69,187.25,20.91,101009.3
Australia,Wheat,1996,2091.37,27.83,24.52,22586.8
Australia,Rice,2011,403.7,51.29,37.82,20455.9
China,Wheat,2023,293.32,63.46,26.41,27028.2
Indonesia,Sweet potatoes,2009,2485.16,17.4,30.95,44320.8
China,Sorghum,2023,713.82,62.53,27.86,17925.6
India,Sweet potatoes,2004,2207.71,27.47,21.18,86163.0
Canada,Wheat,2008,1698.96,190.21,30.58,21812.1
United States,Potatoes,2011,1180.56,56.54,26.08,187927.6
Argentina,Soybeans,2012,738.42,9.55,28.31,24899.4
South Africa,Yams,2013,1679.47,41.21,31.86,45309.1
Japan,Rice,2011,1172.02,13.66,37.11,19840.0
Australia,Soybeans,2000,1363.95,108.86,13.66,22499.9
Brazil,Yams,2008,1782.34,20.71,37.6,31632.4
Argentina,Maize,1997,2268.52,69.44,32.62,16509.1
Germany,Maize,2000,1269.69,161.0,22.64,53889.4
Canada,Potatoes,2014,1863.15,131.04,21.28,165403.8
Indonesia,Soybeans,2016,2077.21,56.79,17.76,18117.1
India,Rice,2018,1903.95,13.7,18.8,39934.6
Canada,Maize,2018,1779.7,116.42,37.84,22249.7
India,Wheat,2023,1457.58,26.08,30.69,23566.1
Japan,Potatoes,2010,2795.57,21.42,29.6,54363.1
Canada,Maize,1992,2026.0,7.29,19.58,26516.0
Indonesia,Potatoes,2004,2210.37,8.2,30.45,69004.7
Nigeria,Soybeans,1999,2858.14,43.35,27.07,11080.6
Mexico,Maize,1998,2023.8,34.06,22.34,27115.7
China,Wheat,1997,1733.52,79.31,22.29,23823.8
Australia,Potatoes,1995,1191.08,45.28,23.32,181048.9
South Africa,Yams,2020,2317.1,14.2,35.06,19816.9
Australia,Wheat,2002,1315.39,68.18,34.79,15882.6
Mexico,Sweet potatoes,1996,2686.33,15.97,23.43,58422.5
Japan,Sorghum,2019,811.18,6.27,27.7,16715.7
Japan,Cassava,2023,1736.56,30.63,19.88,108942.8
India,Maize,2007,2532.58,68.14,24.45,21493.8
Japan,Sweet potatoes,2013,311.38,114.91,34.18,58877.5
Canada,Plantains and others,2023,1918.65,34.72,27.75,73958.8
Indonesia,Sorghum,2006,1597.87,26.84,36.27,8415.7
South Africa,Potatoes,1990,2503.87,17.16,29.56,42740.7
Mexico,Wheat,2014,2027.52,25.91,16.82,23941.7
Nigeria,Sweet potatoes,2000,1800.26,45.96,19.98,151400.7
Canada,Potatoes,2020,2217.61,83.86,21.67,133017.7
Japan,Sweet potatoes,2005,446.51,68.73,30.3,93085.8
Argentina,Wheat,1995,2942.55,23.72,36.86,5744.5
Brazil,Yams,2019,1972.08,89.89,12.75,76191.2
France,Potatoes,2014,390.54,16.76,12.21,194341.2
Nigeria,Sorghum,1999,481.38,29.5,12.18,20047.3
China,Cassava,2016,901.42,88.87,15.35,126658.0
Brazil,Sorghum,1996,2845.08,55.3,13.36,6981.8
Brazil,Yams,2005,278.18,187.61,33.3,38991.9
Canada,Yams,2020,1978.05,15.57,27.03,62606.5
Japan,Maize,2002,620.82,113.49,37.8,20892.2
Germany,Plantains and others,2005,1120.88,30.02,23.74,97427.2
Brazil,Sorghum,2001,1512.53,58.0,26.03,16306.2
France,Sweet potatoes,2000,2117.93,103.57,22.81,88382.4
India,Plantains and others,2007,223.6,50.41,13.46,81739.8
India,Soybeans,2002,310.74,14.77,19.63,24638.2
Indonesia,Maize,2020,1029.02,19.17,23.66,67583.0
France,Yams,2011,619.84,33.86,17.15,108434.1
Australia,Maize,2002,1775.08,97.54,31.78,29052.4
Nigeria,Plantains and others,1992,1096.92,44.67,27.77,82519.9
India,Potatoes,2000,1247.49,44.12,34.13,80148.3
Egypt,Wheat,2017,792.26,157.38,22.66,48247.5
Canada,Sweet potatoes,1993,1452.5,24.13,37.23,61130.9
Canada,Sorghum,1995,1077.86,42.64,19.24,22497.6
Japan,Soybeans,2021,2627.45,40.67,27.78,11544.5
China,Wheat,1999,406.03,26.55,28.22,22078.6
Mexico,Sweet potatoes,1999,1108.33,24.57,20.5,146835.2
Argentina,Potatoes,2009,255.65,18.3,36.58,80029.4
Mexico,Soybeans,2015,1789.9,13.88,13.81,15099.3
Brazil,Sorghum,2004,2585.68,98.83,29.19,5269.8
Mexico,Soybeans,2013,2649.36,59.01,33.81,8845.9
Brazil,Yams,2022,1082.76,31.55,21.33,120517.9
Canada,Wheat,2019,1372.34,42.45,12.5,34385.9
India,Wheat,2015,2798.27,9.59,23.94,15594.6
Canada,Sorghum,2007,452.38,82.11,20.42,25796.4
China,Cassava,2012,1712.74,113.33,34.8,36160.8
France,Yams,1990,1893.09,15.48,13.55,60144.9
Germany,Rice,2016,576.96,7.75,15.12,40980.3
Nigeria,Sweet potatoes,2002,1625.67,93.23,17.92,149738.6
China,Yams,2017,1214.96,11.87,14.65,102605.9
Egypt,Yams,1998,1186.38,11.73,26.07,84125.5
Brazil,Plantains and others,2008,1528.3,22.02,23.79,73663.3
Australia,Plantains and others,2013,1387.37,19.35,23.11,111062.8
Indonesia,Sorghum,1990,2987.92,77.97,30.0,5802.9
Indonesia,Rice,1998,2297.31,10.97,32.57,27819.5
Canada,Maize,2009,1951.32,36.2,27.8,36481.9
Argentina,Potatoes,1992,620.11,73.14,27.44,146267.2
United States,Yams,1994,2107.8,11.22,31.34,34334.7
Australia,Maize,1991,297.66,6.99,36.68,21176.0
Argentina,Rice,1998,2011.84,174.54,33.93,24826.7
United States,Sorghum,1990,267.42,7.24,12.77,15434.8
Egypt,Sweet potatoes,2022,1580.99,82.52,24.87,167961.5
Indonesia,Wheat,2014,1669.83,62.72,20.8,37733.2
Brazil,Sweet potatoes,2009,2616.53,5.64,16.72,64496.2
China,Sorghum,1996,1760.04,8.34,28.17,10612.5
Argentina,Wheat,2008,2182.41,16.73,19.07,18827.0
Germany,Potatoes,1999,1679.81,24.86,19.53,161299.4
Canada,Yams,2006,868.22,55.44,34.2,50781.7
China,Yams,2011,1602.5,126.74,31.0,47105.1
Australia,Wheat,1996,1717.84,19.91,18.95,31309.4
Australia,Wheat,2014,2961.4,13.33,12.88,15179.9
United States,Soybeans,2009,1286.83,21.86,30.35,23673.5
China,Soybeans,2019,1136.99,123.66,13.95,19421.5
Germany,Wheat,1997,2289.18,16.24,33.11,5900.9
Germany,Cassava,2015,1603.49,60.86,16.82,116255.8
Australia,Soybeans,2020,2533.0,41.31,36.54,5636.7
Germany,Sorghum,1997,507.79,8.5,13.15,15617.5
France,Rice,2021,255.68,8.11,27.53,36860.1
Mexico,Potatoes,2001,2719.41,65.47,37.12,35721.6
South Africa,Sorghum,2004,2061.54,67.02,36.32,4885.1
France,Sweet potatoes,2022,1513.77,72.87,38.0,69335.8
India,Yams,2020,1068.71,24.0,32.96,50962.7
Mexico,Sorghum,2010,1350.23,41.01,13.69,17285.3
Nigeria,Potatoes,2015,698.64,27.42,35.55,98997.5
South Africa,Sorghum,2007,208.22,26.48,13.86,16085.5
Egypt,Cassava,2023,930.35,30.13,33.84,62492.1
Japan,Yams,2007,681.86,63.73,26.65,89218.8
China,Sweet potatoes,2020,598.58,30.41,20.02,175966.5
Brazil,Sweet potatoes,2010,2032.94,11.01,27.13,79587.4
Nigeria,Potatoes,1991,399.94,116.37,16.52,171499.1
China,Yams,2007,1522.01,6.3,32.05,36768.6
Germany,Sweet potatoes,1990,991.53,34.81,12.37,135960.2
Argentina,Potatoes,1998,2146.89,27.17,16.22,113861.5
United States,Yams,2022,1147.31,13.17,28.47,88086.4
Indonesia,Plantains and others,1993,1087.81,57.3,23.95,100359.2
Canada,Wheat,2000,2547.96,69.54,18.43,15151.1
China,Yams,2012,2837.91,9.94,24.66,40459.5
Mexico,Maize,2016,1604.61,14.05,20.65,44588.0
Indonesia,Sweet potatoes,2013,496.46,38.13,34.11,65364.9
Australia,Sweet potatoes,2015,1225.06,66.62,24.1,169280.3
Germany,Rice,2014,991.99,25.09,30.19,42185.7
South Africa,Wheat,2019,1810.47,75.08,25.33,28219.1
France,Rice,2018,2583.36,9.08,20.07,20144.7
China,Yams,2016,2667.86,7.0,28.88,27310.7
Nigeria,Yams,2022,2001.58,33.33,32.77,37926.1
Canada,Sorghum,2012,2167.64,39.12,20.41,13674.8
Australia,Soybeans,2022,1582.61,102.49,35.27,18413.2
Brazil,Rice,1996,947.56,5.77,22.58,33763.9
France,Rice,2023,2198.34,92.83,14.61,29206.9
South Africa,Sweet potatoes,2017,2400.44,162.18,35.44,27696.6
Indonesia,Rice,1992,2977.8,47.08,28.17,18219.1
China,Soybeans,2009,2878.65,49.42,13.69,7506.2
Indonesia,Rice,2009,1210.12,10.75,32.24,44918.8
Argentina,Wheat,2014,1284.2,174.78,14.19,36157.1
Brazil,Cassava,2001,221.46,54.21,26.96,88697.6
Australia,Potatoes,2021,772.32,26.98,13.93,265514.7
South Africa,Rice,1997,1657.93,40.7,28.41,35032.0
Germany,Wheat,1991,1097.19,30.34,29.54,20409.4
France,Sweet potatoes,2018,1954.85,88.34,37.65,46461.2
Nigeria,Soybeans,1993,985.89,107.55,35.3,19900.0
Canada,Soybeans,2007,967.88,69.97,20.45,32773.7
Australia,Plantains and others,2000,1344.28,72.59,14.62,93014.3
Germany,Sweet potatoes,2019,1609.89,8.41,34.98,67522.6
Australia,Cassava,2018,690.98,85.32,24.43,145391.0
Egypt,Plantains and others,2011,938.49,41.84,37.16,45911.4
Canada,Yams,2013,1732.3,8.22,22.5,87875.2
South Africa,Sorghum,2014,831.1,13.25,28.78,16823.3
Indonesia,Cassava,2004,1815.34,9.01,31.6,55815.0
Japan,Plantains and others,2004,2154.25,11.98,29.29,34432.1
Argentina,Maize,2000,1601.01,35.1,32.12,35045.8
Egypt,Cassava,1994,1550.49,120.74,25.26,109317.8
South Africa,Sorghum,2019,1584.24,127.19,30.42,13131.3
Japan,Cassava,2017,1883.28,41.52,16.38,97186.9
Egypt,Rice,1990,2646.46,87.27,32.42,16900.3
Brazil,Yams,2005,2088.14,57.02,14.63,56809.0
China,Wheat,2000,2070.1,44.76,32.9,7977.6
Indonesia,Potatoes,2022,2721.65,29.62,16.5,99714.6
Germany,Potatoes,1997,1361.1,24.12,33.55,82774.7
Japan,Yams,1991,296.95,6.55,33.81,34949.1
Nigeria,Sorghum,2020,1408.46,14.72,24.3,22822.1
United States,Soybeans,1997,718.77,71.3,27.39,21823.3
Indonesia,Maize,2001,1779.1,35.58,28.65,39159.2
United States,Soybeans,1994,1099.41,53.46,33.87,21042.2
Egypt,Maize,1998,2745.82,23.03,31.6,20785.8
Australia,Cassava,2015,799.89,60.15,31.2,83340.0
India,Plantains and others,2000,231.5,20.15,20.41,84581.9
Argentina,Yams,2010,267.8,23.91,15.35,100143.4
South Africa,Potatoes,2012,409.27,18.92,36.88,72088.4
Nigeria,Rice,1996,2653.67,61.79,19.28,18698.6
Japan,Sweet potatoes,1990,1170.43,42.41,19.22,125519.4
Nigeria,Maize,1998,935.84,30.4,21.94,62283.3
Nigeria,Rice,2010,1046.66,104.84,31.94,45325.4
China,Wheat,2017,1126.91,39.22,13.49,39084.7
Germany,Cassava,2018,1227.83,29.99,15.07,124379.4
Canada,Potatoes,2014,2169.68,29.39,20.5,119188.0
Japan,Maize,2011,249.02,33.77,20.74,42567.3
India,Sorghum,2011,876.99,9.35,33.89,8764.7
Japan,Sweet potatoes,2016,1752.59,195.0,32.43,58217.9
Nigeria,Wheat,1993,1316.55,169.67,29.78,26958.5
Argentina,Soybeans,2003,649.73,113.97,24.65,31384.4
South Africa,Maize,1995,880.27,21.48,27.59,38383.3
South Africa,Yams,1999,2041.44,15.06,22.24,55194.4
Argentina,Rice,2009,1443.19,44.76,34.88,33481.5
Nigeria,Sorghum,2014,2015.64,26.06,32.01,7788.1
South Africa,Sweet potatoes,2000,1199.83,8.51,18.22,130291.1
Argentina,Soybeans,1990,969.63,130.89,23.37,26113.6
Japan,Soybeans,2003,2049.48,5.44,22.41,15412.4
Australia,Soybeans,1998,2539.43,48.12,34.03,7674.3
South Africa,Rice,2000,992.24,15.36,24.06,43815.7
Indonesia,Rice,2000,2147.4,15.16,25.27,42874.8
Mexico,Rice,1997,1962.26,7.59,19.55,34352.0
Indonesia,Maize,2003,2502.61,33.21,32.39,17693.8
Argentina,Potatoes,1996,2804.9,23.3,33.93,31519.2
Canada,Sorghum,1996,1286.04,102.13,31.21,12264.0
Mexico,Yams,2016,2277.17,52.66,33.53,18895.6
France,Soybeans,2008,643.13,11.58,19.0,24966.8
Japan,Rice,2016,1486.02,171.91,17.69,42998.4
China,Wheat,1998,416.77,8.41,31.74,17018.1
Egypt,Maize,2007,1248.19,90.76,12.67,40723.7
Indonesia,Sweet potatoes,1997,914.48,7.88,29.79,124627.1
Canada,Potatoes,2020,799.2,79.21,20.33,286167.8
Indonesia,Cassava,1996,2919.79,55.04,37.63,22609.6
Nigeria,Potatoes,1999,1501.64,9.33,25.32,170543.2
Mexico,Plantains and others,1994,1979.71,13.9,31.93,30613.5
India,Yams,2000,1492.32,236.51,25.11,92450.7
Nigeria,Potatoes,2012,2678.51,55.08,12.51,91635.3
Canada,Wheat,2005,380.99,48.99,15.38,35489.6
South Africa,Cassava,2018,2802.57,8.47,19.9,46493.2
Argentina,Sorghum,2018,2326.8,33.91,25.11,9083.4
Germany,Wheat,1990,1870.13,121.36,17.22,26622.5
France,Plantains and others,2016,2201.72,172.16,27.03,47689.3
South Africa,Soybeans,2013,2642.34,58.61,20.07,10869.4
China,Soybeans,1997,1928.64,37.97,37.3,7806.5
Canada,Wheat,2019,673.84,7.25,16.92,41082.9
Brazil,Plantains and others,2007,1233.19,20.88,22.9,86903.0
Australia,Maize,1994,2748.03,36.05,14.31,15008.6
Germany,Rice,2022,711.85,11.64,13.17,36787.6
France,Soybeans,2014,2689.88,7.55,34.08,8006.0
Argentina,Soybeans,2021,2862.14,24.62,22.89,12440.6
United States,Sorghum,1996,2591.72,82.44,34.04,3999.7
France,Potatoes,1995,912.85,37.15,18.25,219453.4
Australia,Soybeans,2012,1687.78,157.65,16.02,22779.9
Brazil,Cassava,1994,1361.26,23.06,27.89,78266.8
France,Rice,2008,2086.73,46.32,34.14,25361.2
France,Wheat,1996,1446.95,61.49,31.54,15503.6
China,Wheat,2023,1215.8,15.65,28.43,28008.6
France,Soybeans,2002,2205.99,26.49,32.78,10810.6
India,Plantains and others,2013,2636.14,7.01,29.1,27997.2
Brazil,Sweet potatoes,2009,1006.26,30.98,26.81,130146.2
Indonesia,Maize,2014,2501.65,5.71,22.49,23980.8
Canada,Maize,2008,261.16,44.56,28.4,50223.9
France,Potatoes,2007,2633.92,7.38,30.74,52735.0
United States,Sweet potatoes,2010,912.75,8.16,25.78,155194.5
Germany,Sweet potatoes,2016,1169.02,106.28,36.95,70860.8
Canada,Cassava,1998,846.02,8.24,22.05,134070.8
Egypt,Rice,2012,862.29,129.92,13.77,47931.2
South Africa,Plantains and others,1996,1614.63,18.74,22.0,67633.4
Japan,Rice,2001,2945.1,26.35,33.75,12316.9
United States,Soybeans,2011,1086.61,62.02,15.96,25420.5
France,Sweet potatoes,2015,633.33,78.98,18.93,193395.0
Canada,Plantains and others,2009,2710.99,212.44,22.46,43273.1
Argentina,Cassava,1998,1472.04,93.6,16.61,107241.7
Germany,Soybeans,1996,1017.22,13.56,26.28,23560.0
Mexico,Wheat,1991,394.9,53.23,12.93,23987.1
Egypt,Cassava,2003,2980.74,19.66,22.92,57159.5
Mexico,Plantains and others,2022,2379.62,36.4,35.82,16760.9
Egypt,Sorghum,2019,1114.36,19.52,23.53,26966.1
Indonesia,Yams,1998,423.16,66.64,23.93,91802.8
France,Wheat,2001,342.91,76.34,20.23,38980.1
South Africa,Plantains and others,2022,1661.96,42.75,29.87,60402.9
South Africa,Sweet potatoes,1999,2976.71,30.94,14.77,51471.0
Indonesia,Cassava,1999,289.35,7.86,25.99,109540.2
South Africa,Sorghum,2001,2123.97,41.73,31.36,5732.4
France,Potatoes,1998,1420.25,96.16,26.65,139930.1
India,Potatoes,2021,534.07,14.01,35.15,86902.8
Canada,Rice,2003,996.11,9.83,35.24,34611.0
Mexico,Soybeans,1995,1934.48,93.95,33.73,14263.2
Mexico,Wheat,2003,2499.15,90.44,27.57,11636.0
France,Soybeans,2007,845.53,50.84,26.99,27295.6
Australia,Sorghum,1990,2340.69,142.02,13.37,7870.4
France,Wheat,2021,2215.11,114.21,17.65,18886.7
Canada,Rice,2007,2161.83,95.53,24.62,45015.3
France,Rice,2000,280.74,125.82,35.16,20518.4
Germany,Rice,2021,334.34,21.78,28.22,37090.0
South Africa,Sweet potatoes,2021,2215.94,26.94,32.38,36669.5
Canada,Rice,2019,1008.02,204.31,23.43,57456.9
Australia,Yams,1996,2258.44,48.03,16.23,44402.7
South Africa,Soybeans,2007,832.56,10.27,22.0,26342.7
Japan,Sweet potatoes,2004,1711.14,10.71,30.09,79108.6
Nigeria,Cassava,1995,1604.47,14.15,29.76,72213.8
Nigeria,Wheat,2012,2047.6,14.24,23.65,24371.5
South Africa,Yams,2013,542.82,13.87,31.65,62448.2
Nigeria,Cassava,2009,2296.89,34.2,21.81,49356.3
Australia,Wheat,2006,2880.76,79.68,15.88,15941.4
United States,Sweet potatoes,2009,972.38,34.5,17.51,174268.9
India,Maize,1992,1975.6,27.11,24.96,29429.3
Nigeria,Cassava,1996,1826.14,39.15,21.2,101269.3
United States,Potatoes,1999,1912.58,14.18,32.06,63058.3
Japan,Cassava,2013,278.19,38.19,26.2,98395.9
China,Cassava,2004,2807.93,56.44,34.81,20687.8
China,Sorghum,1994,1156.57,21.79,37.05,6695.1
Japan,Maize,1995,219.8,39.33,31.17,31717.0
Argentina,Yams,2005,490.19,34.26,32.98,46160.3
United States,Maize,1993,288.78,49.77,31.33,41779.4
United States,Yams,2007,1695.58,81.39,14.45,102291.3
Indonesia,Rice,2004,2194.42,31.57,36.45,20984.7
Egypt,Maize,1997,1586.27,69.02,34.75,35543.0
Egypt,Maize,2013,2970.27,39.28,34.47,18264.1
Australia,Sweet potatoes,2001,1551.27,127.51,32.55,63105.7
Indonesia,Sweet potatoes,2013,2561.73,138.92,29.12,59526.6
Mexico,Yams,2013,828.0,89.63,37.51,50495.7
Germany,Rice,2012,948.84,41.69,37.26,23445.8
Egypt,Maize,2009,1708.87,35.99,26.38,55559.8
United States,Potatoes,1997,2175.36,49.47,37.21,40780.1
Mexico,Sweet potatoes,2006,2432.4,50.46,28.95,42729.6
India,Sweet potatoes,2011,2084.1,51.89,28.81,68710.9
South Africa,Sweet potatoes,2011,447.41,47.55,22.34,141339.2
Nigeria,Plantains and others,2000,780.39,31.51,17.28,99467.2
Canada,Maize,1998,902.21,35.87,16.18,47044.9
Argentina,Cassava,1992,2750.04,61.44,20.65,47586.4
Argentina,Rice,1994,2958.47,41.45,23.07,18760.9
India,Plantains and others,1996,2887.36,32.06,20.16,35427.9
Canada,Yams,2016,2214.82,96.31,37.72,28994.9
South Africa,Plantains and others,1999,2458.33,9.51,26.06,32755.6
Japan,Yams,2014,366.94,54.34,17.34,94709.7
Mexico,Cassava,1997,2491.2,163.49,28.02,38298.5
China,Wheat,2023,1668.0,47.85,29.42,24522.5
Egypt,Potatoes,2023,466.01,6.17,26.27,213361.7
Mexico,Sweet potatoes,1992,2772.17,119.28,16.17,67633.2
Brazil,Sweet potatoes,1994,2483.15,42.0,17.9,58481.4
Indonesia,Sorghum,2002,506.86,7.01,21.05,21700.5
Mexico,Wheat,2006,1960.21,19.03,12.54,19710.7
Mexico,Potatoes,1990,287.59,76.61,36.39,58575.4
United States,Rice,2005,2603.99,73.11,12.4,14240.5
Canada,Sweet potatoes,2020,212.07,90.37,20.71,184030.7
Argentina,Sorghum,1990,978.36,14.95,31.77,8552.3
France,Maize,1999,2873.07,82.93,33.96,15052.9
China,Wheat,2007,656.45,69.66,23.57,35174.5
Brazil,Maize,1995,1518.88,140.6,20.89,43515.3
France,Potatoes,2014,2632.3,70.4,13.45,76162.6
Australia,Sorghum,2008,2988.19,13.5,30.74,5367.7
France,Sorghum,2016,2065.75,15.31,29.2,7238.6
France,Potatoes,2019,1189.65,18.97,37.4,87037.7
Argentina,Sorghum,2001,893.62,88.37,20.09,22328.5
Germany,Sweet potatoes,2023,2232.84,10.22,31.64,41206.3
United States,Plantains and others,2011,2276.47,10.46,26.95,40298.3
South Africa,Sorghum,2013,200.19,114.76,12.2,16381.0
Australia,Yams,2011,1491.31,63.05,23.88,95022.7
Germany,Sweet potatoes,2022,336.28,74.5,36.83,61845.4
Nigeria,Potatoes,1997,1811.32,25.94,29.58,114557.1
Egypt,Wheat,2002,809.48,26.02,15.84,46688.6
India,Yams,2016,790.43,7.92,31.24,59595.2
Argentina,Sorghum,2011,1352.55,37.34,29.7,13891.6
Australia,Plantains and others,2006,2207.56,31.28,33.99,19886.5
Canada,Yams,1997,2752.36,81.41,17.45,47722.0
United States,Wheat,2023,2703.03,13.08,29.22,13612.4
Argentina,Sweet potatoes,1992,2176.37,29.16,20.33,80203.0
Japan,Wheat,1994,2190.01,42.36,32.02,8398.6
India,Potatoes,2018,2177.34,84.92,21.78,131762.6
South Africa,Soybeans,1992,2869.92,112.24,15.36,7864.4
France,Wheat,2001,645.94,26.67,23.31,32560.2
Australia,Cassava,1999,2389.46,9.64,14.08,38462.0
Mexico,Yams,2009,2475.52,57.25,36.27,18367.1
Brazil,Cassava,2014,2085.62,93.37,34.74,32623.6
Argentina,Plantains and others,1990,1236.22,98.6,13.82,90254.1
China,Potatoes,1997,746.43,79.68,18.81,169183.8
Canada,Sorghum,2023,442.37,12.74,35.35,9577.6
United States,Rice,2015,1480.29,8.44,30.75,48212.0
Nigeria,Soybeans,2007,1359.17,122.03,17.09,26997.4
Germany,Yams,2001,2668.12,137.57,31.58,23400.8
Indonesia,Soybeans,2009,2560.2,56.15,12.23,8742.0
Egypt,Soybeans,2009,1103.22,39.49,25.7,29088.6
Australia,Yams,2015,2006.56,51.57,19.26,75930.3
Japan,Soybeans,1993,1844.56,47.07,25.87,17419.2
Indonesia,Rice,2017,2554.59,80.69,35.46,17495.3
India,Rice,2012,1975.48,32.6,23.12,35904.1
Argentina,Sorghum,2016,2914.81,58.97,17.13,9816.1
Argentina,Rice,2005,911.44,78.67,17.96,40984.3
Nigeria,Sorghum,2007,998.01,13.45,37.81,9338.5
Nigeria,Potatoes,2010,1525.3,34.71,16.79,237307.6
France,Wheat,2003,752.56,57.34,22.24,37717.6
France,Sorghum,2004,2229.42,11.74,30.75,6135.5
South Africa,Maize,2005,1810.88,12.25,26.24,35300.9
Germany,Plantains and others,1994,1210.29,33.54,22.96,92937.9
Egypt,Sweet potatoes,2007,1421.22,41.57,20.34,170428.6
France,Potatoes,2022,1165.06,86.06,24.41,216519.8
India,Plantains and others,2023,842.65,42.76,15.53,118782.8
Mexico,Rice,2020,2612.56,49.81,30.86,18865.3
Mexico,Cassava,2012,2709.98,10.0,34.47,20571.5
France,Soybeans,2004,2017.81,52.28,29.88,15443.1
Indonesia,Soybeans,1991,2992.79,64.8,32.19,10059.4
Argentina,Yams,2003,1727.3,62.12,14.47,90757.2
Indonesia,Maize,1990,652.87,44.9,15.28,42193.8
Germany,Sweet potatoes,2001,283.54,37.94,19.07,140101.3
Egypt,Maize,2008,2804.32,110.7,33.54,18964.8
India,Plantains and others,1995,1106.95,51.26,12.35,82280.6
China,Plantains and others,2001,1003.97,207.94,29.8,59470.0
France,Yams,2002,1051.32,67.94,30.45,56892.0
Australia,Plantains and others,1999,257.74,30.42,31.87,49589.9
South Africa,Plantains and others,2002,2528.17,17.15,36.63,13408.3
India,Wheat,2001,1963.83,82.11,32.8,11348.1
Indonesia,Sorghum,2011,1242.17,154.44,25.34,22571.0
Canada,Potatoes,2012,1364.9,15.17,25.52,187567.3
France,Maize,2006,2230.35,98.5,22.39,27141.8
Egypt,Sorghum,2003,1148.57,13.92,22.49,18766.6
India,Wheat,2022,2116.46,12.65,21.2,23755.4
Egypt,Potatoes,2017,860.0,32.64,19.39,265364.9
South Africa,Sweet potatoes,1991,1139.77,9.87,28.12,111077.1
Australia,Wheat,2007,2716.01,18.11,12.92,12741.5
Brazil,Wheat,1994,295.29,42.58,28.99,19767.3
Nigeria,Wheat,2021,677.6,27.33,13.87,47434.6
France,Plantains and others,2017,1620.1,34.84,18.44,91058.1
Egypt,Sweet potatoes,2004,1268.41,71.48,16.38,170189.0
Brazil,Yams,2018,2989.01,25.98,31.66,24356.9
Brazil,Cassava,2007,2030.7,9.1,13.32,58416.5
Egypt,Yams,2016,215.74,12.23,13.98,107474.6
Nigeria,Potatoes,2012,2670.26,52.78,32.71,40692.9
Egypt,Cassava,2001,339.69,18.91,32.04,61948.8
Germany,Cassava,1991,2258.11,56.1,31.38,23626.0
Canada,Soybeans,1999,612.86,32.29,16.09,24212.8
Japan,Plantains and others,2018,1368.46,31.6,34.84,40905.4
Australia,Cassava,2015,1061.92,17.59,24.23,131680.5
India,Sweet potatoes,2022,2780.62,59.38,37.82,31572.7
Indonesia,Sweet potatoes,2014,2848.76,14.05,12.67,63843.3
Australia,Maize,2008,1040.26,72.59,17.95,55049.7
France,Potatoes,2017,2952.37,59.95,14.95,88139.6
India,Plantains and others,1991,492.33,8.87,25.18,64181.2
Brazil,Wheat,2008,1350.25,197.94,21.36,32012.9
South Africa,Potatoes,2012,2335.23,90.91,19.79,94072.9
South Africa,Potatoes,2014,231.67,105.68,25.61,165849.6
Mexico,Yams,2021,1580.92,5.6,36.84,40904.7
Germany,Wheat,2001,1735.68,10.36,28.0,20783.6
Indonesia,Rice,2006,402.69,85.21,26.43,48458.3
United States,Potatoes,2014,2126.35,42.29,34.78,47108.0
South Africa,Sweet potatoes,2022,231.66,60.93,18.88,154636.2
South Africa,Yams,1992,1218.13,36.7,20.3,94863.9
Australia,Rice,2015,1304.01,12.28,27.07,54653.0
Egypt,Rice,1990,1302.53,12.4,24.99,49870.0
Argentina,Plantains and others,2014,2340.07,72.76,12.39,41328.9
Nigeria,Soybeans,1990,2197.81,30.24,13.04,9033.1
Egypt,Wheat,1991,2745.58,37.97,20.28,15624.4
South Africa,Rice,1997,1595.39,91.38,16.77,40230.5
Nigeria,Yams,2000,1051.7,6.31,13.66,95068.3
Australia,Soybeans,1996,1857.2,12.67,25.51,18624.6
Indonesia,Wheat,1996,562.69,88.31,24.58,33880.5
China,Plantains and others,1998,2374.49,125.79,28.97,20713.0
Nigeria,Maize,1999,1344.9,104.13,21.29,51235.0
Germany,Plantains and others,2008,1812.08,23.78,23.55,66984.8
Japan,Rice,2011,1946.34,62.61,28.55,31887.6
Canada,Rice,2015,2029.65,92.53,35.13,25871.4
China,Potatoes,2006,1885.26,42.57,37.26,59394.2
Japan,Plantains and others,2014,2410.06,19.08,25.62,30143.1
Indonesia,Rice,2004,520.55,12.66,24.59,45551.3
Nigeria,Yams,2000,2620.89,14.85,35.4,16999.1
Argentina,Sorghum,2009,347.94,22.33,23.98,20738.7
China,Cassava,2000,442.69,85.91,35.7,42523.9
Germany,Wheat,2008,1038.85,101.62,25.16,33587.3
Egypt,Potatoes,1990,1434.74,157.81,23.93,217165.6
South Africa,Potatoes,2022,1285.21,19.54,25.5,188364.7
Nigeria,Potatoes,2016,2380.65,115.75,25.06,88437.8
France,Sorghum,2013,2618.32,89.47,14.25,8797.6
Japan,Wheat,1998,1978.63,14.27,13.94,20165.6
Canada,Rice,1996,2200.49,12.93,13.58,25235.3
China,Yams,2006,1433.21,7.51,27.17,69536.6
Japan,Maize,2016,809.91,52.19,20.79,53342.8
Germany,Wheat,2014,1327.83,56.78,12.12,34609.2
China,Cassava,2007,235.83,46.34,24.2,91337.8
Australia,Potatoes,2013,1381.41,65.32,28.84,172316.5
Australia,Soybeans,2008,2231.34,55.55,23.66,15160.3
Australia,Sweet potatoes,2011,533.04,26.02,15.06,151510.9
Japan,Wheat,2011,1631.73,158.41,25.92,26403.2
Argentina,Rice,2015,2614.23,39.38,12.59,13682.1
Germany,Yams,1996,737.4,19.16,32.26,48598.3
France,Wheat,2014,1359.87,17.94,29.77,24555.3
Mexico,Maize,2023,2626.32,24.02,31.48,18813.8
Australia,Soybeans,2021,2675.59,8.81,33.57,9423.7
Egypt,Rice,2002,296.12,35.91,22.04,42054.7
United States,Sorghum,2015,2231.18,77.87,35.51,5317.6
Nigeria,Yams,1993,2356.55,11.42,36.14,19663.1
France,Rice,1990,2456.74,160.51,18.64,22395.1
Australia,Soybeans,1997,1554.91,10.58,25.0,25246.9
Nigeria,Soybeans,2007,732.97,38.01,36.07,18235.5
Brazil,Maize,2019,2575.47,179.7,19.57,20590.3
France,Potatoes,2023,229.17,17.68,30.35,106144.3
Nigeria,Rice,1993,1822.21,40.85,18.71,37722.4
France,Sorghum,2007,631.8,52.12,12.68,19921.2
Germany,Wheat,2008,2404.69,63.58,34.75,6814.3
France,Sweet potatoes,2014,466.91,15.35,29.25,124424.0
India,Maize,2023,695.49,44.23,36.9,29801.2
Nigeria,Wheat,2008,2968.53,13.53,30.67,8414.5
Japan,Maize,1994,2603.52,108.14,24.09,18949.4
Egypt,Potatoes,2003,964.3,42.64,19.93,249635.3
Egypt,Potatoes,1991,1039.87,74.99,14.66,225841.0
Indonesia,Plantains and others,1990,2750.22,5.27,35.15,14593.3
Mexico,Wheat,1997,2505.68,26.67,30.81,8432.3
United States,Soybeans,2007,2968.77,19.43,13.76,8413.3
Egypt,Maize,2011,2035.01,38.99,32.69,30779.0
Canada,Maize,2002,479.0,41.6,26.71,51509.8
Germany,Sorghum,1990,269.87,39.13,15.38,16027.6
France,Soybeans,1993,343.35,94.57,18.23,20849.4
Australia,Cassava,1991,202.85,48.51,20.68,112324.5
Germany,Sorghum,2022,1681.33,18.08,15.51,18327.4
South Africa,Potatoes,1991,2508.86,24.07,12.11,66162.2
Egypt,Potatoes,2014,704.21,54.43,17.26,305743.1
China,Yams,2019,1491.24,24.22,19.21,115324.9
Indonesia,Rice,2012,1851.4,22.23,16.37,43252.1
Germany,Sorghum,2004,2722.0,65.06,16.93,9918.8
South Africa,Plantains and others,2006,1166.48,15.28,36.49,29889.9
United States,Yams,1996,1896.84,16.83,33.27,28383.2
China,Cassava,2008,412.69,51.26,24.48,116626.1
France,Maize,2003,2128.67,9.1,26.22,25921.6
Nigeria,Potatoes,1993,1668.12,34.63,29.28,131237.2
Nigeria,Cassava,2013,2841.46,149.21,13.12,56644.8
Germany,Rice,2012,1066.54,14.59,28.12,49017.8
Canada,Yams,2022,1718.32,11.58,23.44,114248.7
Canada,Wheat,2012,1442.73,39.04,34.43,15126.8
France,Sweet potatoes,1990,2310.21,36.37,31.7,30909.1
Germany,Wheat,1997,2664.31,115.61,23.82,13964.8
Egypt,Wheat,1995,1522.1,9.96,27.65,25238.6
Australia,Cassava,2018,1259.22,259.11,29.24,110418.8
Brazil,Wheat,2012,1654.39,27.85,29.74,21276.7
China,Rice,1997,1440.89,152.7,25.99,40120.1
Argentina,Maize,2003,274.64,5.4,17.83,35409.0
Mexico,Wheat,1993,1296.95,46.41,30.36,20166.5
Indonesia,Rice,2005,2590.79,35.15,37.96,9442.8
China,Soybeans,1997,1045.02,6.29,32.34,19145.6
South Africa,Maize,2000,1383.62,221.45,20.08,44943.7
Brazil,Yams,1999,2358.23,41.48,27.75,29562.8
Indonesia,Wheat,1996,1288.56,70.17,31.82,20228.8
South Africa,Potatoes,1993,1358.26,57.09,18.7,155480.5
Brazil,Sweet potatoes,2011,2298.63,123.27,22.95,62773.0
South Africa,Yams,2004,1653.34,90.38,12.92,88435.0
Canada,Yams,1992,1105.71,5.49,26.13,81324.0
India,Soybeans,2001,1416.99,17.2,22.98,22863.8
Japan,Sweet potatoes,2015,2810.1,40.86,34.03,27229.2
Brazil,Sorghum,2005,2109.96,88.43,28.76,7649.4
Indonesia,Soybeans,1998,2435.25,9.5,32.69,9580.5
India,Wheat,2007,2007.97,42.29,12.95,19664.6
Germany,Soybeans,2005,1588.31,10.61,14.67,16301.3
Argentina,Plantains and others,1991,1483.49,26.43,33.26,32120.8
Argentina,Wheat,2023,2178.88,90.21,28.73,14946.0
United States,Rice,2003,982.95,24.11,12.99,33048.6
Mexico,Sweet potatoes,1990,1155.73,64.4,33.07,54123.5
Indonesia,Sweet potatoes,2016,1326.74,159.97,34.09,90932.0
Japan,Wheat,1998,1146.8,6.35,15.3,28376.0
Japan,Rice,2000,1638.98,57.47,23.91,35436.1
Germany,Sorghum,2015,2415.64,61.51,14.38,9849.6
Japan,Sorghum,2023,2485.38,7.93,20.64,7669.3
Mexico,Rice,2012,1132.15,11.73,29.75,50391.1
Canada,Plantains and others,1993,667.64,60.48,22.18,104664.5
Japan,Yams,2009,1217.75,9.98,23.79,92321.2
Indonesia,Soybeans,2012,227.46,67.58,18.11,23536.0
Australia,Yams,2008,757.0,17.51,34.0,42494.1
Argentina,Soybeans,2014,366.11,9.73,18.8,25002.4
Japan,Potatoes,2019,444.94,320.01,28.51,175075.4
Germany,Potatoes,1999,240.51,18.17,27.75,172573.7
Germany,Maize,2006,845.75,34.4,22.52,55050.0
Brazil,Sweet potatoes,2015,452.71,16.5,17.21,146625.4
Argentina,Maize,1996,1344.22,34.24,18.56,42332.3
South Africa,Wheat,2019,2170.89,62.36,20.39,17461.8
Brazil,Sweet potatoes,2013,1915.72,52.47,30.86,63453.3
Argentina,Cassava,1991,2268.39,12.59,21.04,49709.0
Argentina,Sweet potatoes,2014,2993.21,17.62,30.21,51587.3
South Africa,Sorghum,2000,1204.63,8.97,28.15,15085.3
Nigeria,Rice,2008,1737.32,10.9,21.48,45482.7
Argentina,Cassava,1991,396.25,44.26,13.41,104043.6
Canada,Soybeans,2006,2983.25,71.13,25.47,12798.5
South Africa,Maize,2005,2313.28,65.67,35.41,11069.4
United States,Sweet potatoes,2010,986.93,5.52,35.84,78980.2
Mexico,Plantains and others,2008,2020.86,45.73,28.96,37422.9
Germany,Plantains and others,1997,692.2,60.59,37.14,33793.9
China,Maize,2011,267.69,28.81,17.58,49320.5
Australia,Maize,2022,1942.27,51.49,14.03,27940.9
United States,Sorghum,2009,1771.96,23.31,13.08,16801.7
Egypt,Soybeans,2013,2222.39,10.62,20.57,15255.4
Germany,Potatoes,2002,988.89,25.85,29.84,126069.0
China,Plantains and others,2016,724.2,51.17,35.42,39671.8
Brazil,Cassava,2009,475.5,49.72,31.28,62258.5
Germany,Rice,1994,2398.7,60.16,12.14,14184.0
Brazil,Yams,2004,1582.87,48.76,15.19,86728.7
Germany,Wheat,2011,382.71,41.28,23.02,37511.5
Nigeria,Rice,2021,1922.34,29.9,34.43,36798.4
Egypt,Rice,2014,2129.22,37.42,37.41,21621.5
Brazil,Potatoes,2006,2828.45,62.52,36.66,32847.6
United States,Sweet potatoes,2023,2497.44,55.1,29.41,53562.7
India,Plantains and others,2006,2020.85,98.02,21.14,60867.9
Germany,Plantains and others,2008,2932.25,44.28,22.84,43591.4
Japan,Sorghum,1990,561.71,48.16,32.6,6099.2
Egypt,Cassava,2004,2166.96,11.99,29.9,52486.7
India,Wheat,2010,2554.04,21.92,28.57,12970.3
United States,Rice,2013,929.78,24.2,29.32,55221.9
Egypt,Plantains and others,2003,300.97,30.44,33.7,40731.9
Argentina,Sweet potatoes,2003,2453.33,57.04,32.43,31176.1
Japan,Cassava,2013,669.13,105.25,19.58,128290.2
United States,Yams,2003,2485.13,61.9,15.99,45287.9
Mexico,Soybeans,1993,2199.35,31.8,15.07,9293.2
Argentina,Rice,1991,2186.59,41.37,12.19,19845.5
France,Sorghum,2019,2692.45,6.17,29.5,6185.1
India,Maize,2020,2377.13,115.94,25.76,24476.3
Argentina,Rice,2001,979.65,7.83,29.31,41397.8
United States,Wheat,2017,1198.5,59.36,14.47,40826.9
Indonesia,Plantains and others,2016,1487.43,77.07,14.32,105218.4
Egypt,Rice,2012,2420.1,54.87,22.89,32072.2
Indonesia,Cassava,2013,251.51,89.08,18.25,137198.2
France,Yams,2013,1260.46,124.63,34.55,45865.7
France,Maize,2016,1731.24,43.07,13.14,27469.6
Mexico,Rice,1995,2148.24,44.4,12.46,20415.9
Indonesia,Sweet potatoes,2010,1948.74,123.98,14.68,126592.9
South Africa,Sorghum,2023,1092.33,8.54,35.44,9245.7
France,Rice,1996,495.77,21.42,18.58,33242.3
Argentina,Sweet potatoes,1993,771.18,39.05,23.91,156705.4
Mexico,Wheat,2006,2621.84,123.0,21.75,12905.8
Germany,Cassava,2018,584.84,39.97,14.41,133436.0
Brazil,Soybeans,2015,752.8,114.86,37.16,12943.5
France,Potatoes,1992,1314.89,137.37,15.8,185328.4
Canada,Plantains and others,2013,1675.68,66.18,21.7,98911.6
Mexico,Sweet potatoes,1997,540.87,81.54,33.95,60245.3
China,Sweet potatoes,2009,873.65,126.05,19.51,153831.4
Germany,Soybeans,2017,1107.1,107.21,36.36,18322.6
Japan,Cassava,1998,1813.69,24.71,26.96,71862.4
Mexico,Soybeans,2015,2332.47,105.48,19.42,13960.7
Indonesia,Yams,2017,2441.3,56.1,27.16,42598.0
United States,Sorghum,1999,1864.26,142.33,24.13,13537.4
United States,Soybeans,1990,1192.99,49.82,37.06,11128.1
India,Soybeans,2004,393.41,112.01,19.2,25514.1
Germany,Yams,2014,1835.08,17.18,22.18,83013.1
Japan,Wheat,2012,770.57,17.31,31.72,18742.3
Nigeria,Sweet potatoes,2002,1315.89,93.32,22.97,174651.3
Mexico,Wheat,1992,1804.79,27.45,21.12,27136.1
Australia,Yams,1999,622.42,35.93,36.73,43083.4
Argentina,Plantains and others,1996,1930.45,38.49,31.74,34954.0
Canada,Potatoes,2020,1897.96,40.36,24.84,167135.6
Japan,Soybeans,2021,1870.06,51.6,12.39,11940.9
Mexico,Maize,2007,850.67,24.08,30.57,47160.6
India,Wheat,2007,790.35,40.32,16.26,32816.3
Mexico,Cassava,1992,2654.76,194.32,25.05,39128.3
Brazil,Sorghum,2006,340.39,40.04,18.57,16620.6
China,Sweet potatoes,2022,1906.75,9.77,30.09,66095.6
India,Sorghum,2018,630.49,9.26,20.29,21656.6
Germany,Soybeans,2018,497.06,120.41,34.91,20095.5
South Africa,Soybeans,2001,1499.57,56.27,21.7,23456.5
France,Sweet potatoes,2023,1949.04,41.14,19.8,130015.5
Germany,Sorghum,2023,535.36,133.33,29.23,16882.9
Germany,Soybeans,2000,1318.8,32.29,24.47,23427.5
China,Plantains and others,2002,418.69,16.03,20.72,83644.0
India,Yams,1994,1132.45,33.04,27.16,72563.1
Australia,Cassava,2000,466.81,153.61,16.86,108344.3
South Africa,Cassava,1990,2450.25,47.57,27.93,29316.1
China,Wheat,1999,1238.65,40.15,33.83,12624.4
South Africa,Cassava,1991,1175.56,65.67,12.49,90879.2
Canada,Wheat,1997,1992.96,117.66,25.51,23318.8
Egypt,Rice,2013,844.13,18.59,20.73,49582.1
China,Potatoes,1993,879.25,11.62,21.15,166486.0
Germany,Sorghum,2000,1184.73,114.15,13.54,19110.8
United States,Yams,1998,1314.94,35.99,24.21,105218.5
Germany,Soybeans,1998,509.81,61.71,17.56,24718.6
South Africa,Rice,2011,2781.77,90.85,29.43,18941.7
Argentina,Sweet potatoes,1993,1412.45,5.26,16.1,151106.8
Canada,Rice,1993,1542.06,16.98,29.17,41183.2
Germany,Sweet potatoes,1995,766.77,8.98,31.3,80429.7
United States,Plantains and others,2000,377.04,67.13,21.55,89936.3
United States,Rice,1996,2114.23,35.09,18.43,33551.8
United States,Plantains and others,1999,1792.25,168.1,28.57,53737.2
China,Rice,2012,2519.7,99.74,34.08,18097.6
Mexico,Plantains and others,2010,1603.48,51.44,27.85,65154.7
Australia,Potatoes,2011,276.24,71.09,32.38,107742.1
France,Plantains and others,1999,2705.84,62.2,23.45,38885.8
France,Potatoes,2013,1192.31,29.12,33.38,97230.9
Brazil,Sweet potatoes,2021,1937.56,44.67,31.31,61625.5
Mexico,Rice,2012,1675.88,24.93,18.52,52244.0
China,Rice,2018,2364.8,67.79,26.37,30537.5
Canada,Soybeans,2014,1027.03,104.13,22.98,35738.5
Nigeria,Sweet potatoes,2007,985.7,42.14,32.52,78912.0
Canada,Maize,2022,2321.87,114.31,25.73,26775.5
United States,Wheat,2001,1196.06,57.28,27.2,30427.3
Nigeria,Sweet potatoes,1996,766.78,18.96,32.37,64749.9
Canada,Potatoes,2011,2448.15,87.99,15.12,85722.2
Japan,Wheat,2005,2619.22,26.41,28.51,9496.7
China,Wheat,2011,480.71,28.94,25.38,28068.9
South Africa,Sorghum,2003,2370.77,74.17,26.73,6487.0
Brazil,Rice,1997,405.95,65.16,30.98,29170.7
Mexico,Yams,2006,2179.56,14.27,15.52,52555.0
France,Sweet potatoes,1996,2296.64,16.83,15.75,59640.4
Brazil,Sweet potatoes,2009,1709.21,33.03,29.24,90270.9
Australia,Rice,2009,988.41,31.52,21.5,52566.8
Canada,Sweet potatoes,2014,2807.28,47.03,37.74,32813.2
Brazil,Sorghum,1999,1690.24,53.74,22.49,15411.4
India,Maize,1992,534.07,36.75,21.39,51756.8
United States,Soybeans,2018,1923.17,183.11,26.51,23043.5
South Africa,Sweet potatoes,1995,2552.28,7.29,35.56,20198.0
Canada,Cassava,1990,1299.16,19.59,35.97,48778.4
China,Plantains and others,1991,449.84,77.62,35.9,29537.8
France,Sorghum,2004,2641.75,85.89,19.19,8563.5
India,Potatoes,1998,2370.77,13.02,13.94,83693.4
India,Wheat,2019,1737.23,50.49,12.02,34114.1
United States,Wheat,2003,2575.61,17.75,31.94,8437.1
Indonesia,Rice,2015,2443.16,46.33,33.96,23477.6
United States,Sorghum,2014,1257.97,38.71,25.87,20669.5
Indonesia,Sorghum,2022,688.48,6.67,37.72,11472.6
France,Soybeans,2015,367.19,22.74,28.22,22569.1
Argentina,Plantains and others,1992,860.5,20.62,16.1,89580.9
Australia,Yams,2023,1321.99,26.68,31.67,69372.4
India,Plantains and others,2020,2305.5,28.24,37.71,18511.3
China,Wheat,2013,1865.51,157.83,28.82,19640.1
United States,Wheat,2006,667.35,89.25,35.24,15368.7
Egypt,Rice,1994,1149.33,10.19,16.64,44806.2
Egypt,Wheat,2012,2915.47,22.38,28.46,13305.0
Australia,Yams,2020,815.34,5.51,25.21,104947.9
Germany,Rice,2020,680.8,9.75,30.48,47825.7
South Africa,Cassava,2003,1712.71,26.42,21.07,97635.9
India,Yams,2004,1014.21,10.11,19.68,100041.1
Japan,Rice,1998,2392.05,24.69,15.76,18255.6
Brazil,Plantains and others,1993,1161.24,66.05,29.09,54259.9
Argentina,Maize,2017,758.44,71.77,21.04,54297.2
Brazil,Sorghum,2000,2313.72,21.28,30.66,3659.5
Australia,Yams,1990,2282.76,129.06,31.46,25822.6
Australia,Potatoes,1994,1834.91,158.46,25.31,142132.6
Canada,Rice,2001,2335.95,51.69,12.89,20203.5
United States,Cassava,2022,325.15,84.7,27.73,102497.2
Canada,Wheat,2007,223.54,21.81,35.12,17027.6
Germany,Yams,2005,1980.89,25.66,33.69,30631.6
India,Wheat,1995,484.78,16.31,12.98,29000.2
India,Sorghum,2001,1766.85,44.4,13.05,14043.6
Argentina,Maize,2001,1765.45,50.93,20.21,40070.2
Canada,Rice,2000,269.92,148.84,13.82,23839.2
Germany,Plantains and others,2007,972.28,23.4,28.27,78997.6
Egypt,Cassava,2000,508.37,62.41,22.57,128022.8
Egypt,Rice,1993,396.65,91.96,34.39,29982.5
Germany,Sorghum,2000,1158.57,178.57,26.44,16763.4
Japan,Soybeans,1992,279.49,9.04,30.78,15964.7
Germany,Sweet potatoes,2013,2989.69,10.51,32.95,28994.1
Australia,Plantains and others,2015,1091.34,91.88,16.21,109727.8
Australia,Wheat,2002,2517.69,29.41,21.06,15026.5
Indonesia,Maize,2021,2221.13,67.91,30.8,26963.1
Egypt,Sweet potatoes,1997,305.24,13.78,18.71,147525.7
Mexico,Sweet potatoes,2023,1171.6,31.87,21.83,163409.3
United States,Sweet potatoes,2009,844.29,12.36,37.62,71962.2
Canada,Cassava,2000,1107.18,40.05,37.82,59358.0
Indonesia,Maize,1996,2680.58,77.78,33.57,13231.8
Australia,Plantains and others,1993,2997.7,81.9,15.14,42056.2
Australia,Maize,2006,1787.6,62.33,34.36,32272.7
France,Potatoes,1995,2105.4,32.58,29.61,66483.7
China,Yams,2002,536.64,52.95,29.58,65323.5
South Africa,Sorghum,1999,2676.31,104.88,18.43,7732.4
United States,Rice,2004,2601.27,10.73,15.59,17108.9
China,Sweet potatoes,1991,2164.59,81.63,36.41,28173.7
Australia,Maize,2007,2947.47,11.4,12.46,13608.3
China,Yams,2000,1386.22,36.23,23.43,94959.7
France,Sweet potatoes,1992,684.27,26.46,36.68,58023.3
Australia,Maize,2007,2874.56,12.48,19.48,21177.5
Egypt,Maize,2020,1434.51,6.13,32.04,44357.6
Nigeria,Wheat,1994,1522.54,124.1,22.65,38972.8
Egypt,Plantains and others,2012,1579.66,179.57,33.33,44738.6
Mexico,Wheat,2023,1965.64,116.69,20.78,28895.4
United States,Sorghum,2006,2931.04,44.65,30.18,5692.2
Germany,Sweet potatoes,2013,567.48,66.65,13.02,155795.5
Nigeria,Rice,2023,272.63,17.26,24.56,48450.4
South Africa,Sweet potatoes,2018,739.62,8.66,21.6,195420.1
United States,Sweet potatoes,1995,1630.97,15.86,25.12,130716.0
Mexico,Cassava,2013,1610.39,15.03,16.19,95829.6
Australia,Potatoes,2021,1200.94,54.32,35.1,89858.7
Australia,Potatoes,1994,558.56,59.15,29.0,135610.2
Canada,Wheat,2011,229.1,106.73,15.12,34898.0
Mexico,Maize,2013,2107.0,54.47,16.25,22047.0
Germany,Yams,2020,427.52,41.26,28.06,89715.6
Australia,Sorghum,2002,863.51,10.91,15.13,19994.4
Germany,Maize,2011,1786.48,50.64,15.69,34614.9
France,Plantains and others,2016,913.31,9.45,19.51,86522.6
Brazil,Sorghum,2023,2604.18,17.79,21.4,7917.8
Japan,Sweet potatoes,2002,1471.74,17.75,37.65,63388.6
South Africa,Rice,2000,914.98,16.3,19.17,34289.7
Japan,Rice,2013,2634.71,221.01,20.7,17593.6
South Africa,Sweet potatoes,2001,949.75,22.5,21.75,139674.6
United States,Sorghum,2015,1620.3,122.55,13.47,18689.9
Brazil,Wheat,2000,2268.99,67.9,29.92,9895.8
Australia,Plantains and others,2014,1990.78,79.9,18.22,68418.4
France,Sorghum,2001,2327.32,12.68,16.55,7620.4
Germany,Wheat,1995,1718.41,39.66,20.22,31750.7
Japan,Soybeans,2001,2067.54,105.83,20.85,14436.7
Germany,Plantains and others,1992,1487.89,69.27,21.64,79364.7
Australia,Wheat,2019,1645.83,42.31,31.58,19739.4
China,Potatoes,1990,1683.01,237.18,32.58,70220.8
Germany,Soybeans,1998,730.91,6.86,30.15,25508.0
Germany,Wheat,2022,2357.91,51.1,20.16,16751.9
France,Sorghum,1998,2440.11,156.61,26.28,8153.9
Mexico,Sweet potatoes,1996,2262.35,15.22,19.87,79617.6
Argentina,Sweet potatoes,2002,1309.26,51.67,26.34,130793.4
Argentina,Maize,1995,2213.09,124.87,32.02,20271.7
Egypt,Sweet potatoes,2017,433.38,8.99,27.12,139688.7
China,Soybeans,2001,1168.8,5.95,12.56,14820.4
South Africa,Sweet potatoes,2016,1182.4,23.19,17.25,164059.3
United States,Potatoes,2010,2703.79,22.12,15.61,87451.2
France,Potatoes,2000,1073.41,18.31,23.0,174952.9
South Africa,Yams,2010,1780.78,55.54,13.84,87028.4
Argentina,Rice,1990,808.13,20.5,16.44,31889.1
Japan,Rice,2000,2949.84,8.87,24.75,15599.9
India,Sweet potatoes,2014,2411.44,10.67,19.7,67241.3
China,Rice,1993,1720.37,202.86,12.32,26049.9
China,Cassava,1991,2446.89,138.47,15.21,30333.1
Germany,Potatoes,2020,577.5,40.0,17.38,228382.7
South Africa,Cassava,2020,557.23,34.28,34.73,55764.9
Indonesia,Maize,1992,1965.51,31.23,31.83,28933.6
Nigeria,Maize,2000,945.91,31.24,12.91,34925.1
Egypt,Yams,2018,2006.01,50.33,32.95,41191.4
Brazil,Cassava,1997,644.46,10.62,28.85,78808.9
Egypt,Soybeans,2010,2957.48,33.49,35.34,8223.2
Brazil,Cassava,2012,282.24,31.43,12.7,95760.0
Nigeria,Potatoes,2006,1697.98,6.17,32.59,74174.9
Indonesia,Cassava,2019,849.5,131.05,22.14,169126.0
Germany,Wheat,2001,1986.27,114.74,36.75,9750.6
Indonesia,Soybeans,1999,1132.43,25.01,33.31,23254.0
Canada,Sweet potatoes,2023,1865.01,58.7,18.47,142079.1
Mexico,Plantains and others,2019,1848.34,19.54,37.56,34770.1
Canada,Yams,2009,871.39,36.35,20.08,147446.2
Canada,Soybeans,1992,2152.49,108.26,20.06,15428.3
South Africa,Maize,2009,2423.92,8.62,29.04,18404.1
Argentina,Cassava,2014,2407.62,22.06,36.59,25760.9
South Africa,Soybeans,2007,2240.99,46.65,20.39,11563.3
Argentina,Soybeans,2010,1230.51,129.43,23.01,30236.1
India,Cassava,2007,2452.7,19.47,14.46,50839.9
South Africa,Rice,2008,933.93,12.78,37.28,21207.1
Brazil,Cassava,1993,1495.39,13.96,22.2,85891.2
Nigeria,Rice,2003,1368.95,5.07,13.4,35889.1
Indonesia,Soybeans,1997,623.18,7.17,22.38,32836.1
Indonesia,Cassava,2016,331.21,100.14,36.64,72353.9
United States,Plantains and others,2009,817.81,69.66,12.75,103092.6
China,Wheat,2018,1612.29,155.8,14.6,32066.7
Australia,Wheat,1999,2738.56,37.15,15.71,16272.6
France,Potatoes,2013,2988.18,5.28,15.96,74035.1
Germany,Wheat,2018,2487.69,25.56,32.84,6741.1
South Africa,Yams,1998,1705.51,67.88,29.24,59939.2
Egypt,Soybeans,2014,2610.51,97.73,34.76,9895.0
South Africa,Soybeans,1992,2768.09,11.92,22.51,9800.8
China,Potatoes,2020,671.57,79.14,15.86,237835.8
Argentina,Rice,2019,725.56,156.6,16.91,43312.1
India,Maize,1998,1559.51,178.14,35.77,22718.2
India,Soybeans,2008,1863.85,252.07,34.2,17578.4
Mexico,Plantains and others,1991,2193.77,135.38,28.12,34046.4
India,Sorghum,1992,501.21,31.68,36.1,7499.0
China,Wheat,2001,2226.06,6.7,31.57,7208.6
France,Wheat,2016,2647.03,61.35,22.97,14572.0
China,Rice,1999,2843.77,31.6,26.74,16555.0
Argentina,Rice,2014,1125.48,13.98,25.08,55062.8
Germany,Cassava,1999,2925.58,39.87,34.27,21154.8
India,Plantains and others,2016,2411.34,99.54,14.03,43531.7
China,Sorghum,2003,1860.08,15.34,33.28,6035.6
South Africa,Maize,2010,1899.66,38.0,36.6,19537.2
Brazil,Yams,2018,817.97,55.2,32.18,52545.0
Egypt,Yams,1996,1027.14,36.91,35.79,46748.4
Canada,Potatoes,1999,2945.55,84.21,12.15,80010.7
United States,Sorghum,1990,873.82,77.05,25.92,16430.9
Australia,Maize,2013,2778.68,91.54,37.06,13436.4
China,Wheat,2004,651.83,24.73,24.76,27350.5
China,Yams,1990,2242.82,7.91,27.39,30292.4
Egypt,Plantains and others,2019,2158.92,19.71,25.05,62962.5
China,Wheat,2021,552.97,33.93,16.23,34442.7
France,Sorghum,1996,1077.71,61.46,19.97,20362.0
Brazil,Yams,2006,1845.75,75.02,20.56,81696.7
France,Rice,2016,639.61,66.71,28.97,44692.8
Egypt,Soybeans,2008,984.58,12.09,36.26,19288.8
Japan,Plantains and others,1993,482.46,18.53,32.79,33372.3
Brazil,Potatoes,2001,1210.8,49.43,32.54,78985.1
South Africa,Rice,2003,2234.72,18.78,13.92,20487.0
Japan,Plantains and others,2001,2108.56,80.62,22.65,50784.6
France,Rice,1993,1425.56,17.23,16.45,34468.2
United States,Plantains and others,1990,1332.89,38.88,26.29,72828.5
Germany,Rice,2007,791.41,6.06,12.61,25289.8
Mexico,Maize,1995,1588.51,12.04,37.36,18553.0
Brazil,Plantains and others,2020,2069.83,43.63,24.93,49534.2
Canada,Sweet potatoes,1993,2621.38,92.68,20.88,67367.6
India,Sorghum,2017,1455.22,8.1,15.48,17744.4
South Africa,Rice,2011,256.34,34.67,37.64,14109.9
India,Sweet potatoes,1999,778.1,57.17,27.16,142779.9
India,Potatoes,2021,1885.16,119.24,33.66,70884.6
Canada,Rice,2021,2653.91,40.59,28.85,22304.8
Canada,Cassava,2006,1648.5,51.12,12.47,106183.4
South Africa,Potatoes,1991,1577.67,75.84,26.07,134678.8
Nigeria,Plantains and others,1994,681.16,35.58,15.85,117525.4
France,Wheat,2002,1077.22,36.29,28.7,27181.0
Egypt,Wheat,2005,2195.59,34.4,20.93,22448.9
China,Plantains and others,2012,2739.13,9.57,22.7,37502.4
United States,Rice,2017,1958.8,31.95,35.65,26116.4
France,Sweet potatoes,2023,2282.65,17.88,17.33,70435.2
Brazil,Potatoes,2001,2758.67,35.35,14.77,70496.0
Canada,Yams,2010,2689.85,34.01,20.91,49013.7
Germany,Rice,1996,380.8,158.33,28.79,36735.0
United States,Plantains and others,2002,2656.99,20.48,28.17,24916.7
Brazil,Maize,2008,1341.04,28.19,30.78,43494.8
China,Soybeans,2012,2076.89,6.56,16.79,14394.8
Argentina,Potatoes,1996,2483.01,6.8,20.23,75813.1
United States,Rice,1999,2204.81,39.24,36.14,19308.4
Germany,Yams,2011,2734.34,60.3,29.45,34217.2
France,Rice,1993,1288.21,20.02,35.52,27968.9
United States,Plantains and others,2020,1906.84,17.3,33.29,29560.7
China,Sorghum,1997,368.54,132.79,35.11,7325.8
Nigeria,Rice,2019,723.51,102.62,16.06,45995.8
Australia,Soybeans,2001,1292.16,9.48,27.07,27429.6
United States,Wheat,2009,584.82,54.75,34.72,16549.9
Egypt,Yams,2019,2099.77,8.87,31.32,40498.4
Mexico,Maize,2005,494.73,104.95,25.09,54609.3
Canada,Yams,1996,1027.39,101.66,31.38,59606.4
France,Sweet potatoes,2012,1921.62,18.34,25.63,91646.4
United States,Plantains and others,2015,1050.34,61.04,15.88,119392.7
South Africa,Potatoes,2013,569.45,124.39,31.43,113342.3
Canada,Wheat,2002,1534.72,10.58,14.77,34796.3
Australia,Plantains and others,2008,588.7,15.62,21.45,88880.2
Mexico,Potatoes,2005,1935.32,58.51,14.58,145294.5
Indonesia,Plantains and others,1990,2443.57,25.24,17.59,45965.4
Australia,Potatoes,2017,2889.59,47.13,23.87,97938.6
Mexico,Yams,2012,705.71,58.59,27.51,91440.4
Egypt,Sweet potatoes,1999,1976.14,15.19,19.41,117343.0
Mexico,Rice,2000,686.01,37.66,14.4,27433.3
Indonesia,Wheat,2014,891.33,6.22,28.28,35505.4
Egypt,Wheat,2012,2134.67,72.31,12.83,20465.1
Japan,Cassava,2005,2152.75,46.83,23.8,54578.3
Indonesia,Wheat,2012,2969.73,15.17,20.88,17837.3
Brazil,Cassava,2011,2590.09,54.85,36.29,19886.1
Brazil,Yams,2019,1760.43,32.84,34.24,31263.3
Egypt,Wheat,2020,1842.56,107.08,34.25,15594.3
Australia,Wheat,1999,2025.66,79.7,14.38,21444.0
Germany,Plantains and others,2013,845.99,70.63,22.55,100772.1
Japan,Potatoes,2007,498.46,62.38,15.55,184542.8
South Africa,Soybeans,2001,1861.07,60.65,20.06,15533.4
United States,Potatoes,2009,2599.41,29.92,24.18,95249.8
China,Sorghum,2008,1530.08,66.2,35.28,6982.3
France,Potatoes,2014,1741.01,32.02,16.85,172513.6
Argentina,Wheat,2009,2113.16,97.11,18.65,22446.2
Brazil,Yams,1994,205.59,83.97,33.93,33604.1
Australia,Plantains and others,2000,1734.96,22.29,18.98,92754.6
Indonesia,Sweet potatoes,2001,938.45,159.29,34.42,72672.9
Brazil,Maize,2015,313.24,27.87,18.85,44982.8
South Africa,Sweet potatoes,2008,2695.97,290.38,36.54,25460.4
France,Yams,2005,202.88,82.49,25.16,97848.8
Brazil,Wheat,2020,2085.79,26.33,31.74,11768.8
Canada,Soybeans,1994,968.56,10.15,18.12,26450.2
Brazil,Plantains and others,2003,2905.56,285.54,27.76,32100.7
Japan,Yams,1993,219.03,31.69,31.08,47056.7
India,Wheat,1990,1652.0,34.56,16.69,24470.1
Indonesia,Plantains and others,1993,1904.78,18.63,14.2,62857.5
China,Rice,2010,2143.23,29.07,25.94,30639.0
India,Sorghum,2005,1724.62,21.87,35.75,6827.0
Argentina,Sweet potatoes,2015,612.22,13.51,26.59,130680.3
Argentina,Wheat,1996,1855.1,79.14,15.21,27911.4
Germany,Yams,2015,1143.78,124.72,23.72,134613.1
Germany,Wheat,1992,1635.02,58.53,32.07,14806.7
Australia,Cassava,2008,1955.87,7.32,32.51,45556.9
United States,Plantains and others,2023,1965.38,24.03,31.15,45022.4
Australia,Plantains and others,1992,2339.12,23.32,18.22,33263.5
Canada,Yams,2002,2657.98,29.53,35.42,18577.2
France,Rice,2021,431.15,49.45,24.27,43736.2
France,Yams,2008,284.41,10.82,23.27,87199.9
India,Rice,2020,1599.12,126.11,15.29,43929.6
Brazil,Cassava,1997,627.46,10.1,17.56,97846.4
Argentina,Sweet potatoes,1992,2733.13,9.83,23.76,48421.3
United States,Rice,1994,1288.49,93.31,24.73,46649.5
Egypt,Sweet potatoes,2003,1600.49,41.88,24.99,165133.6
China,Soybeans,2002,1978.03,116.07,36.32,9299.7
Germany,Plantains and others,1995,2669.61,46.94,15.3,34034.9
Brazil,Plantains and others,1994,1385.78,99.14,33.8,27061.8
France,Rice,2005,746.84,31.22,32.96,37797.6
Mexico,Wheat,1996,2605.32,10.93,14.29,12997.3
France,Soybeans,2021,579.49,27.41,29.34,31160.4
Argentina,Rice,2002,2858.22,10.94,18.23,20100.0
India,Rice,2003,1987.82,29.25,16.45,32459.6
United States,Yams,2021,439.87,14.9,18.27,133056.8
Indonesia,Plantains and others,2022,2243.58,49.41,32.02,29439.1
India,Sweet potatoes,1994,2718.96,78.35,28.21,49134.9
Japan,Sorghum,2017,1558.25,21.01,19.76,18662.2
Canada,Maize,2007,753.9,88.18,16.22,53231.1
Australia,Potatoes,2011,1406.8,32.15,23.45,201659.0
France,Soybeans,2008,897.44,42.46,17.08,25371.9
China,Maize,2011,773.94,147.62,12.63,31486.1
Nigeria,Potatoes,2004,1300.01,66.32,31.04,124704.0
Canada,Rice,2020,2924.73,6.47,20.17,20728.3
Canada,Soybeans,1994,818.35,31.2,23.28,24697.0
South Africa,Yams,2016,2641.77,30.42,12.33,37484.1
South Africa,Potatoes,1998,2094.64,24.59,34.99,42074.8
Brazil,Yams,1996,2997.87,157.8,30.67,25275.3
Canada,Plantains and others,1995,1228.86,8.8,31.19,56899.3
Germany,Plantains and others,2011,2637.52,35.46,21.45,44098.8
France,Potatoes,2007,1568.3,226.81,17.09,175665.7
Egypt,Plantains and others,2013,1494.26,15.9,31.96,49210.8
Australia,Potatoes,2000,1557.72,59.22,14.77,164938.9
Egypt,Potatoes,1990,1906.3,6.98,27.92,115491.2
United States,Cassava,1991,2839.08,31.99,23.97,44590.3
Brazil,Rice,1997,318.28,278.26,21.34,38368.2
Indonesia,Plantains and others,1992,1491.89,42.95,18.84,91859.3
Nigeria,Wheat,1997,788.77,80.73,17.3,44808.7
South Africa,Rice,2009,1144.19,12.85,27.69,49809.9
South Africa,Sweet potatoes,1995,2629.43,79.93,18.28,54653.5
Germany,Potatoes,2011,1504.73,12.67,16.63,168312.8
Canada,Sweet potatoes,2023,517.05,6.5,15.52,189679.0
Nigeria,Rice,2003,964.29,57.08,21.11,53847.3
Germany,Yams,1993,2972.96,5.63,23.74,38328.0
France,Maize,2015,1404.69,21.09,28.94,41294.7
Germany,Maize,2000,2022.26,167.77,17.01,29137.5
Mexico,Cassava,1990,1539.16,68.86,33.04,44172.8
Egypt,Plantains and others,2010,597.72,14.2,27.0,91754.7
Argentina,Rice,2007,1537.54,286.99,31.16,38537.1
South Africa,Sweet potatoes,1994,1980.5,82.2,30.51,58447.4
Germany,Cassava,1996,1715.69,57.12,19.16,108397.3
United States,Sweet potatoes,2004,368.87,8.91,22.93,159655.3
China,Rice,2008,950.19,22.97,34.99,26822.6
China,Plantains and others,1995,2643.09,7.9,28.97,20903.0
South Africa,Plantains and others,2003,2370.13,23.32,25.71,30892.7
Australia,Potatoes,2004,2735.48,70.24,32.02,49981.2
Nigeria,Sweet potatoes,2003,1620.39,53.99,34.22,64454.4
Nigeria,Sorghum,1996,2689.21,11.7,23.71,6855.6
Nigeria,Sorghum,2011,1852.39,113.41,28.56,12516.1
Brazil,Cassava,2022,813.09,27.44,32.54,62190.8
United States,Sorghum,2017,1354.35,34.5,19.85,26172.6
Argentina,Yams,1992,794.63,12.02,18.29,102879.9
Australia,Yams,2011,558.69,90.88,36.91,45471.2
Indonesia,Sorghum,2008,1845.77,9.08,15.12,16456.1
Indonesia,Sweet potatoes,2006,557.28,107.81,14.16,205017.6
France,Rice,1998,2986.79,31.97,25.04,19346.5
India,Rice,2015,1397.38,89.22,25.45,59609.6
United States,Sweet potatoes,2023,2010.83,42.63,21.49,130271.3
Indonesia,Plantains and others,2004,1424.58,75.49,16.27,94683.0
Egypt,Yams,1990,1928.37,14.71,32.96,29173.7
Australia,Soybeans,1995,631.16,24.32,35.91,17298.0
Brazil,Sorghum,2004,231.75,7.36,24.2,17051.8
United States,Sorghum,2023,934.4,18.95,15.88,27043.0
Egypt,Wheat,2018,2350.15,43.44,17.51,23012.7
Egypt,Maize,2006,1770.28,131.17,35.77,27255.3
Egypt,Sorghum,2011,2609.63,61.6,17.21,10069.7
Germany,Maize,2012,272.05,231.53,19.69,49731.5
Japan,Sweet potatoes,1990,1301.9,44.84,27.91,104539.5
China,Sorghum,1996,2127.43,231.58,29.3,7530.3
United States,Soybeans,2009,1137.89,20.47,32.51,26484.6
Japan,Yams,2007,814.2,28.42,27.8,74839.1
United States,Maize,2019,2625.16,5.4,35.03,14876.2
Mexico,Maize,2005,787.91,56.52,25.42,45210.1
Egypt,Sweet potatoes,2015,320.68,256.58,12.7,170567.1
Brazil,Rice,2002,1521.42,5.91,14.05,28293.3
Mexico,Cassava,2016,723.77,10.39,14.65,116779.2
Japan,Potatoes,1997,2361.83,11.22,25.07,61308.3
Indonesia,Wheat,2017,2185.64,98.48,30.23,13484.7
Argentina,Sweet potatoes,2019,741.45,37.37,15.04,184856.5
Brazil,Yams,2020,1699.08,36.69,27.27,69098.1
Japan,Cassava,2010,465.55,190.7,23.07,121218.3
Indonesia,Soybeans,1991,1934.04,79.83,36.52,10120.6
Egypt,Potatoes,1994,2766.48,7.17,32.86,35684.1
Argentina,Soybeans,2002,2200.88,9.37,20.97,12884.8
South Africa,Wheat,1993,1376.13,35.04,27.63,23027.5
Egypt,Cassava,2017,1450.38,10.96,33.7,59577.3
China,Potatoes,1990,2746.86,64.2,21.93,71229.6
Canada,Wheat,2003,1719.51,105.69,23.78,34466.3
India,Sorghum,2015,455.17,50.07,35.9,9022.7
India,Wheat,2006,2519.38,25.93,31.95,6726.3
France,Wheat,2018,866.23,60.74,26.22,33452.5
China,Soybeans,2004,1028.5,26.33,24.74,25552.8
Brazil,Soybeans,1992,2218.93,32.37,31.3,10371.4
France,Yams,2011,684.55,88.45,18.72,118231.7
Argentina,Rice,1997,691.67,70.72,12.02,25061.4
Australia,Cassava,2006,2637.8,10.78,17.4,55730.0
Argentina,Sweet potatoes,2022,2809.99,32.33,23.62,73803.4
India,Maize,2006,2848.53,77.03,16.93,18513.8
South Africa,Soybeans,1999,379.42,10.57,14.34,15826.7
Indonesia,Cassava,1992,976.09,61.85,26.22,109616.5
Japan,Sorghum,2014,1989.82,12.04,15.87,13103.2
Australia,Sorghum,2000,1595.97,48.46,24.19,17285.7
Germany,Maize,2022,2437.18,6.61,18.04,20090.6
South Africa,Plantains and others,2015,2891.43,32.04,21.55,41582.8
Brazil,Rice,2010,1334.5,174.97,23.61,54203.2
Egypt,Potatoes,1998,1321.75,30.23,26.2,165474.5
Australia,Plantains and others,2023,1683.3,74.38,19.22,105407.9
United States,Cassava,2006,2207.64,31.19,13.55,56886.0
Japan,Plantains and others,2021,383.24,42.3,15.37,82961.9
India,Sweet potatoes,1992,1025.32,38.56,21.99,133660.4
Brazil,Soybeans,2014,2471.74,82.84,32.04,9496.2
Egypt,Cassava,2012,2791.26,7.09,29.03,44884.6
United States,Cassava,1992,2175.65,40.89,35.91,22207.2
Japan,Soybeans,2002,2507.66,17.54,21.63,8379.6
Indonesia,Yams,2000,2545.6,21.72,16.1,44302.1
India,Rice,2018,2794.75,108.03,20.02,22141.4
South Africa,Potatoes,2005,2764.81,40.52,12.08,68201.8
Japan,Cassava,2002,2845.65,10.18,18.8,47279.3
India,Soybeans,2013,914.74,87.41,16.01,25328.4
Japan,Plantains and others,1997,1525.05,73.64,18.7,83118.5
South Africa,Sorghum,1999,1937.21,7.89,25.18,11160.9
India,Plantains and others,1999,2297.17,19.1,32.81,16005.8
Nigeria,Plantains and others,2013,1134.01,19.6,26.13,101343.4
Japan,Maize,2006,2897.12,40.81,24.2,20075.6
Argentina,Soybeans,1996,2288.19,15.25,19.82,11242.8
Argentina,Yams,2020,391.49,69.71,26.64,103367.3
Australia,Plantains and others,1998,1192.4,36.37,13.67,82456.6
Canada,Soybeans,1995,1902.66,5.77,32.6,15144.7
India,Rice,2012,661.63,41.51,36.18,28877.2
South Africa,Cassava,2020,663.0,12.92,23.12,118633.5
Brazil,Sweet potatoes,2020,562.41,11.69,32.96,75241.6
South Africa,Soybeans,2003,2933.85,25.35,28.38,10068.4
United States,Rice,1997,1340.66,23.72,26.85,43508.0
Mexico,Soybeans,1995,2514.55,25.83,18.45,10568.7
Brazil,Maize,2005,1766.53,58.97,21.22,39423.7
Brazil,Yams,2022,580.55,18.61,35.83,42786.5
Australia,Sweet potatoes,1998,1021.61,88.4,20.36,175620.6
Nigeria,Yams,2010,547.35,36.76,29.56,75222.9
South Africa,Wheat,2013,1341.01,33.38,21.07,34008.5
South Africa,Rice,2016,275.35,17.39,23.32,37745.1
France,Cassava,2023,431.63,128.33,18.72,134177.4
Germany,Rice,2011,1530.63,23.62,18.81,45515.6
India,Sweet potatoes,2002,1586.75,72.93,21.19,139619.7
Japan,Plantains and others,2021,2010.72,91.58,35.59,24708.3
China,Sorghum,2016,2880.4,30.86,29.72,5931.6
Indonesia,Plantains and others,2020,784.27,29.59,32.34,58937.8
China,Wheat,2005,945.74,113.57,21.8,36731.7
Mexico,Soybeans,2006,950.0,20.07,26.76,25078.8
China,Rice,2019,2139.14,49.65,33.05,25298.5
Mexico,Soybeans,1996,2245.35,24.27,23.72,11461.5
Japan,Plantains and others,2013,1797.7,29.74,12.9,62600.3
Nigeria,Potatoes,2017,2975.74,20.06,20.38,110270.6
Germany,Maize,2012,1252.65,153.14,31.79,43014.5
Australia,Maize,1993,815.92,41.47,27.06,50127.3
United States,Yams,1991,2048.19,103.68,14.48,62519.8
Argentina,Sweet potatoes,1991,1155.09,31.9,24.18,143275.1
Mexico,Soybeans,1996,1104.13,193.32,30.87,23336.2
India,Soybeans,1995,753.04,23.08,13.58,16437.8
Egypt,Wheat,1997,1425.81,29.73,21.97,42928.5
Canada,Maize,1991,929.98,60.02,13.9,38090.7
Egypt,Yams,2020,1912.21,186.57,34.25,33968.8
Brazil,Wheat,1995,1782.69,27.14,21.68,26575.0
France,Plantains and others,2017,2013.26,91.11,37.39,28154.2
Brazil,Yams,2012,1154.74,110.17,12.36,83593.8
United States,Potatoes,2023,2545.93,29.21,27.49,74563.4
Canada,Sorghum,2020,2309.42,19.05,29.56,7100.4
Argentina,Maize,2015,412.66,28.18,19.95,47791.4
China,Plantains and others,2021,649.95,19.42,24.01,100703.8
Brazil,Yams,2008,2938.03,59.05,21.73,47339.9
Australia,Wheat,2018,1215.71,67.56,12.83,41677.3
India,Sweet potatoes,2005,2086.19,119.94,18.33,97015.2
France,Cassava,2000,1671.28,74.07,20.88,101104.6
South Africa,Yams,2013,2160.93,22.94,33.21,26330.9
Nigeria,Maize,2012,2978.77,45.02,20.95,22414.5
Canada,Plantains and others,1997,2860.6,5.22,20.24,42307.7
Brazil,Plantains and others,2009,2461.02,100.98,23.51,34652.3
France,Soybeans,2004,2369.97,122.17,19.34,8863.5
Mexico,Cassava,1993,2658.87,10.49,18.54,40993.2
China,Cassava,2003,1947.84,41.4,35.02,28998.3
France,Sorghum,1993,2981.93,46.64,12.05,6656.0
Germany,Cassava,2018,1889.23,101.46,22.13,117197.1
Australia,Plantains and others,2015,1224.25,8.79,35.9,36483.2
Argentina,Potatoes,2009,2569.45,44.09,23.22,82581.6
South Africa,Rice,2019,2237.44,32.63,26.14,35141.2
Australia,Potatoes,1995,522.62,42.0,36.95,85989.1
Mexico,Rice,2012,1883.38,17.49,26.45,43339.6
India,Sorghum,2021,887.28,25.09,24.96,19313.5
Germany,Plantains and others,2012,2185.3,20.69,14.53,51403.7
South Africa,Potatoes,2008,2779.71,51.11,29.23,56681.1
India,Potatoes,2015,1486.61,30.09,30.99,120569.2
Japan,Rice,1995,2857.3,65.83,32.27,11576.9
United States,Yams,2005,1327.43,63.54,36.42,44064.0
United States,Soybeans,2022,1992.2,20.59,36.62,12053.4
South Africa,Sweet potatoes,2019,2964.16,73.57,22.78,68816.0
China,Rice,2006,2553.01,23.29,35.11,12296.3
France,Yams,2015,2819.58,101.68,21.26,45728.4
Indonesia,Maize,2005,2030.09,6.17,29.98,30470.8
United States,Soybeans,2007,945.57,85.08,17.04,26276.7
Nigeria,Wheat,1997,829.85,41.27,24.52,28140.9
Argentina,Cassava,2010,255.39,20.11,31.89,59050.1
Mexico,Maize,2009,793.95,28.76,37.57,22631.9
United States,Maize,2016,1127.81,56.51,16.37,51822.0
Canada,Rice,2017,2512.51,45.84,14.53,21333.2
France,Cassava,2013,2555.95,29.86,23.63,46351.3
China,Cassava,1997,1290.85,23.48,20.98,110527.7
Germany,Soybeans,1995,887.4,39.5,13.85,16180.1
South Africa,Wheat,1995,1339.35,18.55,26.86,22678.3
United States,Wheat,1990,1614.34,51.04,33.29,12692.8
China,Sweet potatoes,2013,1189.23,7.14,22.75,154367.9
Indonesia,Plantains and others,2013,2770.45,11.77,14.93,50420.3
Argentina,Sweet potatoes,2013,1629.56,25.59,21.15,148441.9
Indonesia,Maize,2011,2935.55,270.24,32.04,22463.9
India,Cassava,1997,1752.19,159.11,34.84,42626.9
Argentina,Soybeans,2018,2681.94,136.34,17.77,12169.8
Brazil,Sorghum,1991,2894.27,15.35,33.94,3091.0
India,Wheat,1992,2844.28,63.79,21.36,14475.3
Argentina,Wheat,1996,1004.75,10.5,18.05,36240.2
India,Cassava,1998,897.61,14.24,26.55,98167.9
Japan,Wheat,2002,508.9,26.7,33.12,14065.6
Argentina,Yams,2003,673.62,37.48,36.58,48414.1
India,Sorghum,1990,1119.73,60.42,33.77,6896.1
Japan,Maize,2013,2901.14,11.36,22.38,18813.6
South Africa,Maize,1996,578.12,16.64,36.12,23761.9
India,Sweet potatoes,2022,1164.8,18.2,15.7,192738.6
Brazil,Wheat,2001,2828.36,109.41,30.63,8219.3
Argentina,Cassava,2012,2950.15,38.05,22.28,43522.4
Japan,Cassava,2023,2645.22,23.98,27.47,42701.0
France,Yams,1994,1309.65,49.69,12.54,70991.5
Brazil,Wheat,2003,740.5,13.26,29.28,22700.5
France,Cassava,2020,918.48,24.64,35.31,64093.9
India,Potatoes,2014,300.49,32.61,37.71,71472.1
Japan,Sweet potatoes,2009,1863.93,72.22,13.48,111739.8
Argentina,Sorghum,2021,561.84,11.91,17.83,20199.2
Japan,Plantains and others,2016,1045.55,40.29,19.22,99169.5
France,Potatoes,2011,2262.72,17.58,35.65,39128.4
South Africa,Potatoes,2009,797.49,22.58,13.34,184914.3
Australia,Sweet potatoes,1993,2483.18,37.48,16.71,67667.0
South Africa,Plantains and others,1992,1220.86,26.44,15.43,82396.3
China,Wheat,2014,609.07,171.04,12.36,32409.8
Indonesia,Sorghum,2017,2050.62,161.43,34.47,6674.0
United States,Plantains and others,1991,1845.78,6.95,17.54,67290.4
Mexico,Sweet potatoes,2021,1379.26,14.84,34.25,68340.3
South Africa,Plantains and others,1990,1529.86,56.25,32.34,39803.6
South Africa,Yams,2003,2696.63,47.97,33.41,14315.6
United States,Cassava,2007,2664.33,67.23,32.43,26740.5
France,Cassava,2007,886.21,16.84,31.12,67965.4
Germany,Wheat,2004,1674.14,20.14,27.18,26541.5
Brazil,Maize,2007,873.25,90.48,29.16,49556.2
China,Wheat,2023,1101.21,93.66,12.92,35396.0
India,Sweet potatoes,2001,2196.23,22.78,23.65,70672.5
France,Maize,2008,2035.47,213.99,33.15,25057.0
Argentina,Rice,2015,891.36,14.45,20.72,49493.7
Canada,Sweet potatoes,2015,1219.79,25.01,18.14,218621.7
Mexico,Soybeans,2009,2812.2,42.35,25.13,12422.8
Argentina,Plantains and others,2010,2900.3,32.08,18.43,41275.2
Indonesia,Yams,1997,2914.13,78.38,25.47,43853.5
Argentina,Cassava,1998,2343.21,39.76,32.35,23805.6
India,Sweet potatoes,1994,644.81,78.92,31.74,84493.7
France,Rice,2008,1004.84,37.84,37.43,23390.1
Indonesia,Plantains and others,1990,2914.85,126.85,23.59,40800.1
Germany,Wheat,1997,472.83,47.4,12.4,28301.5
Germany,Plantains and others,1991,2252.6,36.42,18.63,41832.7
Mexico,Plantains and others,2012,1640.05,31.25,25.71,75098.7
United States,Yams,1996,1579.49,156.3,24.38,78632.7
India,Cassava,2001,2902.89,23.24,28.99,33961.6
Japan,Potatoes,1990,1719.02,199.24,23.01,132297.3
France,Potatoes,2014,2379.37,8.82,27.09,62933.5
United States,Yams,2012,1543.04,11.48,29.7,68753.5
Japan,Sweet potatoes,2002,1173.01,13.71,32.56,59614.9
South Africa,Cassava,1993,1131.52,13.79,32.33,48535.7
Mexico,Cassava,1994,2152.62,40.78,20.11,63505.5
Egypt,Sweet potatoes,2004,2677.34,23.55,33.12,33053.3
Argentina,Yams,1993,372.03,39.82,12.73,80780.5
France,Soybeans,2010,1283.9,56.51,22.52,27873.3
Germany,Yams,2001,1759.81,6.84,18.06,80721.2
Indonesia,Wheat,1992,2301.86,87.44,32.68,7417.7
Indonesia,Yams,1997,850.8,141.21,31.65,74543.0
India,Plantains and others,1992,1607.81,22.18,12.09,66138.2
Canada,Soybeans,2010,2921.75,31.46,20.22,12321.4
Egypt,Yams,1993,2258.4,15.11,20.8,55284.8
Brazil,Maize,2020,1871.03,66.12,31.46,36041.0
Canada,Cassava,2011,2411.4,19.22,26.13,49784.3
China,Maize,1994,1227.12,76.64,31.34,34611.7
Indonesia,Yams,1991,1615.0,106.79,37.17,35553.6
Japan,Rice,2006,947.57,8.91,22.92,47860.9
South Africa,Maize,1991,1813.42,14.87,15.66,27342.2
Indonesia,Sorghum,2007,394.24,23.83,37.58,9088.6
France,Sorghum,2022,472.06,81.07,23.44,22532.7
China,Cassava,2018,2419.26,16.68,17.0,49942.6
Brazil,Rice,2021,2664.37,19.74,21.19,20171.7
Indonesia,Plantains and others,2007,1418.3,29.83,16.62,100099.7
South Africa,Yams,2006,2558.25,186.13,20.5,44120.4
India,Sweet potatoes,2007,2167.38,80.7,33.59,35390.0
China,Wheat,1994,1630.05,52.45,16.21,28534.5
China,Cassava,1998,687.6,10.6,18.23,106770.0
Germany,Cassava,1991,2667.48,32.76,25.49,42137.9
Japan,Sweet potatoes,2009,970.06,58.7,25.96,129598.9
Indonesia,Maize,2000,2124.97,16.14,31.67,25658.3
Japan,Sweet potatoes,2015,310.62,16.4,17.19,151359.5
Mexico,Rice,1999,789.09,69.09,29.31,41908.0
Australia,Wheat,2004,541.63,37.23,23.89,34435.8
Egypt,Soybeans,2019,2395.89,161.46,31.96,12373.7
South Africa,Maize,2007,905.37,15.28,15.92,41785.5
China,Maize,2011,276.8,41.45,20.27,45704.9
France,Plantains and others,2023,1642.52,51.58,24.28,87850.9
Canada,Rice,2005,1437.21,9.45,34.49,34650.1
Mexico,Sweet potatoes,2007,1075.66,11.0,25.82,131032.9
Nigeria,Wheat,1995,899.02,68.59,12.79,34930.7
Nigeria,Sorghum,2017,852.16,33.95,26.64,19184.6
Canada,Sorghum,2005,920.69,81.46,17.27,22221.6
United States,Soybeans,2022,1069.58,31.03,17.84,30288.9
France,Soybeans,1999,588.23,34.33,20.09,25620.9
Nigeria,Rice,1991,1725.44,137.6,28.07,45982.1
Australia,Soybeans,2017,837.7,94.35,26.77,33138.6
China,Soybeans,2014,2290.53,46.87,23.03,11473.8
United States,Soybeans,2023,2040.88,5.77,19.84,19472.9
Nigeria,Soybeans,1999,2232.49,49.54,13.33,9649.2
India,Sweet potatoes,1993,1093.2,29.35,37.12,59829.3
Germany,Rice,2004,1803.04,178.16,24.59,45300.5
Argentina,Yams,1996,512.62,9.63,32.22,43077.1
India,Maize,1997,861.48,70.1,18.99,49450.3
Japan,Potatoes,1990,1344.36,41.21,21.18,138851.4
India,Wheat,2022,1691.34,50.11,37.74,14934.7
Egypt,Potatoes,1991,1062.77,45.72,25.24,220198.0
Canada,Wheat,2002,1790.72,41.23,18.64,31535.4
South Africa,Wheat,2023,336.78,11.69,26.47,29488.2
Nigeria,Maize,1993,777.07,61.4,13.14,33635.2
Egypt,Plantains and others,2005,796.41,20.85,28.1,92768.4
Canada,Cassava,2006,1966.06,41.45,21.86,99713.5
Mexico,Soybeans,2007,844.03,23.56,23.43,28998.2
United States,Rice,1993,2942.97,30.48,20.24,16665.1
Japan,Rice,2022,2243.56,19.08,21.52,36255.6
Japan,Sweet potatoes,1998,1988.26,98.22,12.37,82492.1
Australia,Soybeans,2006,2826.03,83.89,34.84,7718.6
Mexico,Maize,2007,1893.74,7.05,33.74,23507.2
Canada,Rice,2003,2510.99,50.27,35.08,17122.7
Japan,Sorghum,2018,1995.89,48.45,30.87,7947.9
Mexico,Sweet potatoes,2006,2940.45,28.97,33.47,25490.1
France,Wheat,1998,437.83,88.61,35.64,13252.0
Australia,Yams,1995,355.22,8.79,16.67,104230.8
Argentina,Soybeans,2008,2982.71,35.35,25.31,10927.0
Mexico,Soybeans,2015,1445.85,50.08,29.14,22624.7
Nigeria,Rice,2003,2608.53,13.27,23.41,22735.9
Germany,Cassava,1991,1594.31,10.36,25.36,89943.3
Japan,Sorghum,2023,788.32,59.76,25.44,19601.8
United States,Soybeans,2016,2129.24,63.41,24.29,17326.5
Brazil,Yams,2018,349.09,25.05,14.27,93588.3
Egypt,Potatoes,2018,2418.8,20.57,21.66,105398.9
Argentina,Plantains and others,2013,607.41,52.6,24.21,104362.3
United States,Sweet potatoes,1999,2179.3,33.46,19.85,90427.4
Germany,Wheat,2021,2327.96,77.54,37.94,7053.1
China,Sweet potatoes,2013,1966.27,49.64,32.3,50389.7
China,Potatoes,1995,483.77,14.5,30.83,96621.3
Canada,Cassava,2020,903.04,62.42,27.8,121958.1
Egypt,Plantains and others,1995,2884.86,5.74,18.25,45289.3
India,Rice,1990,1105.18,18.66,28.86,35210.2
India,Cassava,1995,1210.35,84.97,22.76,105852.0
Australia,Soybeans,2015,2497.5,63.23,37.38,5828.1
Nigeria,Plantains and others,1993,2109.61,10.59,36.91,22031.4
United States,Plantains and others,2018,2247.33,59.02,35.06,21398.1
Nigeria,Potatoes,1994,2335.19,25.51,24.67,82614.2
India,Wheat,2010,1480.97,13.95,36.42,13152.2
Indonesia,Soybeans,2010,1624.41,23.74,37.19,13014.8
France,Rice,2016,2381.54,13.51,24.14,27589.1
United States,Cassava,2015,1052.97,56.56,27.43,126840.9
Canada,Plantains and others,1991,2797.18,49.91,34.09,16321.7
Argentina,Plantains and others,2001,1042.83,25.02,12.31,79568.9
India,Wheat,2010,904.81,59.0,15.04,38660.6
France,Sorghum,1999,1486.75,60.75,30.32,9957.1
Indonesia,Cassava,2019,1824.83,50.49,32.49,54848.3
France,Sweet potatoes,1996,2622.76,40.66,33.8,25250.3
United States,Cassava,2004,438.57,28.67,12.34,116103.6
Germany,Plantains and others,1990,2059.59,10.48,29.29,32687.9
France,Maize,1994,1113.28,48.55,23.03,43321.2
Japan,Soybeans,2001,2177.95,124.77,28.43,12727.6
Australia,Yams,2010,2476.43,43.44,14.97,49165.7
Mexico,Potatoes,2023,1021.31,105.72,30.79,136365.1
India,Sweet potatoes,2005,790.99,99.78,30.09,109407.9
Egypt,Sweet potatoes,1995,1225.7,82.74,35.74,65249.0
Indonesia,Cassava,2015,738.97,94.78,13.06,135396.0
Argentina,Wheat,2005,2437.29,192.27,34.37,6734.5
Mexico,Cassava,2020,1550.9,97.2,34.19,51835.1
Brazil,Cassava,2006,1681.47,26.28,15.75,102809.0
Japan,Sweet potatoes,2013,346.3,136.29,12.04,128189.4
Indonesia,Plantains and others,1991,2708.4,33.82,29.98,27726.4
Egypt,Sorghum,1999,2497.26,22.49,23.08,8637.8
India,Sweet potatoes,2006,1446.82,55.02,28.57,96991.1
United States,Potatoes,2001,2852.73,29.88,17.64,99316.9
Germany,Plantains and others,2001,1343.77,138.61,14.33,92423.4
Nigeria,Sorghum,1996,316.13,51.84,20.27,20637.0
Australia,Soybeans,1992,1167.67,12.44,24.09,25371.7
China,Rice,1996,616.6,125.74,32.63,25103.2
Japan,Maize,1992,971.18,7.51,17.02,36931.3
Australia,Sweet potatoes,2001,208.0,46.0,18.36,132052.2
Nigeria,Plantains and others,2016,2841.47,34.47,24.52,46484.2
Egypt,Wheat,2022,2139.37,33.23,34.83,9481.6
China,Yams,2023,2446.66,112.91,31.71,25508.5
South Africa,Soybeans,2001,2847.1,60.0,27.48,10662.9
Australia,Wheat,2009,630.18,56.01,13.11,36540.1
Egypt,Potatoes,1992,2807.68,160.98,33.21,37545.2
India,Sorghum,2001,688.88,80.33,18.48,21567.5
Canada,Plantains and others,2022,627.71,33.48,14.09,96112.5
United States,Sorghum,1995,2979.0,93.15,29.44,5459.2
South Africa,Sweet potatoes,2023,306.4,37.69,37.77,59479.3
Indonesia,Rice,2005,650.58,19.19,30.51,37144.1
Canada,Rice,2011,1062.29,47.79,20.37,59173.3
Nigeria,Soybeans,2020,2062.2,7.88,31.8,16223.7
Egypt,Cassava,2006,2097.56,18.53,20.41,91649.7
Japan,Cassava,2020,343.79,44.87,13.66,104639.0
South Africa,Wheat,1999,1170.83,26.06,33.49,13197.8
India,Yams,2013,1025.51,51.17,32.18,57399.7
Brazil,Soybeans,1992,610.57,6.2,37.52,9132.0
Argentina,Sorghum,1992,1838.83,65.09,30.46,8163.9
Japan,Plantains and others,1998,2225.7,44.65,36.23,16563.7
France,Sorghum,2012,2632.6,83.33,37.11,3570.1
India,Sweet potatoes,2002,2965.98,37.85,34.29,27081.8
China,Cassava,2008,594.21,23.9,23.05,115365.4
South Africa,Soybeans,2005,417.88,31.35,24.65,25732.1
Mexico,Yams,2000,2398.68,30.86,14.39,40482.6
India,Potatoes,2018,1029.93,40.46,18.0,271704.9
Germany,Plantains and others,2023,1522.4,60.32,36.94,41650.2
United States,Sorghum,2015,571.99,25.42,35.0,7534.6
China,Cassava,2006,2961.3,18.48,20.8,48630.8
Indonesia,Sweet potatoes,2021,620.38,40.85,34.68,88841.6
Japan,Sweet potatoes,2019,2539.87,7.69,24.51,59694.2
Brazil,Plantains and others,2006,2264.94,111.8,17.48,38791.0
United States,Maize,2011,1025.34,9.98,28.53,45494.1
United States,Wheat,2011,936.5,79.14,32.62,17369.4
Argentina,Rice,1992,277.88,42.32,20.77,32986.8
China,Rice,2003,2313.18,37.77,14.18,17841.2
India,Cassava,2023,485.32,8.35,29.33,98571.4
China,Potatoes,2001,1743.24,57.43,12.91,135109.9
Argentina,Sweet potatoes,2005,2402.94,33.3,24.36,63762.0
Indonesia,Rice,2012,252.92,18.71,22.74,48194.0
Japan,Yams,1992,2568.0,55.39,35.95,15980.3
France,Rice,1990,2436.3,158.1,15.58,21615.3
Mexico,Wheat,1991,1682.18,57.63,30.2,17392.6
South Africa,Maize,1995,1076.06,42.03,12.22,25100.0
Indonesia,Rice,2014,1801.08,35.56,31.9,45674.2
Indonesia,Plantains and others,2007,209.82,116.07,31.16,56460.6
France,Cassava,1993,2679.79,36.84,25.94,35837.5
France,Wheat,2015,1079.3,22.72,37.9,16842.6
Mexico,Rice,2010,1002.44,126.4,23.83,52112.1
India,Sweet potatoes,2006,2625.58,122.01,25.49,60496.3
Nigeria,Sorghum,2012,1943.44,24.35,28.86,12448.2
Germany,Yams,2012,812.3,9.23,32.34,54426.8
Nigeria,Potatoes,2020,2874.41,17.81,13.48,102922.7
Germany,Yams,2003,2766.68,27.39,22.89,45017.1
United States,Potatoes,2020,574.79,20.37,13.17,228549.3
Argentina,Soybeans,2000,586.96,102.4,31.65,21576.5
France,Yams,2022,2646.71,103.56,15.98,52796.7
Australia,Sorghum,1997,1204.47,12.06,19.48,20370.1
Australia,Rice,2021,2033.53,16.9,35.6,27711.4
France,Soybeans,2008,1590.21,13.08,19.02,21277.2
Australia,Wheat,1999,233.86,35.99,25.59,29321.1
Canada,Soybeans,2008,706.83,52.5,29.11,29595.2
United States,Soybeans,1997,2493.65,19.03,18.04,9762.4
Japan,Wheat,2012,2715.65,25.07,25.82,12904.1
Japan,Rice,2012,510.53,44.33,36.98,22204.5
Germany,Plantains and others,2012,2548.22,21.52,27.02,33909.8
Nigeria,Wheat,2014,1942.52,106.49,19.93,34551.2
Argentina,Sweet potatoes,2007,1746.86,7.06,31.56,56487.0
France,Soybeans,1991,1923.01,28.27,14.26,14159.0
Brazil,Plantains and others,2002,431.88,6.6,14.8,72708.2
France,Cassava,1991,1093.63,5.64,17.73,109218.7
Brazil,Yams,1992,510.04,153.88,28.18,73653.9
Canada,Cassava,2011,1801.63,34.02,18.5,133682.8
United States,Yams,2015,2595.54,14.44,16.03,43920.5
Nigeria,Plantains and others,2002,2066.78,44.12,22.35,59895.3
India,Sweet potatoes,2016,2785.98,171.01,21.13,75794.9
United States,Wheat,2009,2687.81,31.8,12.16,15574.6
Brazil,Sweet potatoes,1998,689.27,128.96,35.77,65570.0
Germany,Maize,1997,615.52,32.83,18.78,44920.3
Nigeria,Rice,2011,1330.11,50.84,25.02,53907.8
United States,Cassava,2005,2266.47,78.24,34.71,25811.7
China,Maize,2018,493.19,114.26,35.85,32712.8
Indonesia,Potatoes,2020,803.99,37.13,17.87,233467.8
Canada,Soybeans,2000,1789.7,40.67,31.5,21956.7
Brazil,Rice,1990,1995.37,70.4,13.36,23457.3
Mexico,Soybeans,2000,922.22,44.07,16.56,24632.3
Nigeria,Sorghum,1992,2325.5,10.5,29.36,5187.0
Mexico,Cassava,1992,262.9,48.55,18.03,98267.7
Brazil,Soybeans,1993,1249.13,52.43,13.51,16118.5
Germany,Sweet potatoes,1995,1312.84,14.6,12.75,113674.2
China,Wheat,2002,1087.96,187.12,29.35,25332.4
Mexico,Sweet potatoes,2013,2480.17,65.57,32.08,33113.9
India,Wheat,2023,2697.92,94.16,13.13,15347.7
Indonesia,Sorghum,1991,1702.51,18.25,25.43,15112.2
Australia,Sorghum,2020,1321.67,98.4,21.8,25385.2
Germany,Soybeans,2008,337.44,6.04,36.22,13667.6
Argentina,Sorghum,2019,2449.29,20.24,34.86,3256.4
Australia,Sorghum,2011,1010.38,61.76,25.23,21460.5
Mexico,Maize,2001,2147.32,18.61,15.79,18636.9
Mexico,Sweet potatoes,2022,211.5,22.42,17.09,170180.6
China,Rice,1998,1899.1,73.36,35.46,23881.7
Mexico,Potatoes,2016,1716.75,50.71,23.57,172683.8
United States,Sweet potatoes,1991,2293.0,56.54,21.05,60747.6
France,Wheat,1997,217.7,60.96,33.11,11860.5
Egypt,Wheat,1993,1521.47,74.82,29.97,22811.1
Canada,Yams,2022,1137.54,81.98,28.27,112390.7
China,Sorghum,2023,1339.56,39.07,20.93,19726.7
India,Cassava,2015,741.46,61.78,14.65,104617.3
Argentina,Yams,2022,1794.71,87.9,18.12,114640.2
South Africa,Wheat,1992,515.08,70.08,37.77,14692.5
Brazil,Sorghum,2013,486.63,50.45,12.17,17544.0
China,Rice,2009,2595.08,18.78,28.16,18427.7
Nigeria,Potatoes,2009,494.22,12.34,27.99,183325.6
India,Maize,2005,1534.26,40.75,36.33,28639.0
United States,Rice,2014,1397.53,28.88,31.9,48003.2
Egypt,Yams,1990,598.57,39.07,37.59,44886.0
France,Potatoes,2008,1820.48,5.41,28.97,94590.4
Australia,Yams,2023,1858.23,91.73,19.77,107334.5
Germany,Maize,2011,1208.15,100.71,26.61,51982.5
Egypt,Rice,2006,1219.15,8.95,33.0,45424.6
Brazil,Maize,2011,1863.89,56.85,30.37,31436.8
Egypt,Wheat,2021,2843.6,31.45,34.37,6719.7
United States,Plantains and others,2014,1980.53,68.0,21.64,78859.2
France,Cassava,2018,854.46,15.18,31.39,77680.2
India,Rice,2013,1593.85,31.8,35.81,31020.9
Australia,Wheat,2003,800.33,25.6,21.12,30998.3
United States,Sweet potatoes,1990,427.93,27.31,15.46,133322.1
China,Rice,2009,2088.92,127.41,24.97,39083.1
Canada,Wheat,2000,1643.53,11.98,25.5,28266.8
France,Sweet potatoes,1995,2375.7,69.7,13.02,56665.5
Japan,Yams,2006,2675.68,228.43,13.3,42537.8
Mexico,Maize,2004,2530.68,26.24,30.58,20954.2
South Africa,Maize,2000,958.05,13.33,23.2,55114.5
Indonesia,Plantains and others,2023,1196.08,47.46,31.93,67603.1
Mexico,Rice,2022,2375.52,17.53,36.17,17354.2
Mexico,Yams,1990,2068.65,10.79,13.71,51408.5
United States,Plantains and others,1997,1197.62,128.85,37.37,41513.5
Brazil,Soybeans,2015,1899.81,106.08,30.58,17507.1
South Africa,Potatoes,2010,700.75,44.19,19.36,245111.3
Canada,Maize,2006,1599.57,10.19,13.95,35092.7
Australia,Potatoes,2009,2843.18,22.39,13.87,103299.6
Japan,Cassava,2003,700.09,31.96,31.19,61895.7
China,Plantains and others,2014,641.89,14.82,23.86,75864.5
Australia,Wheat,2020,1872.36,51.35,13.72,29278.7
India,Rice,1999,2548.18,30.28,23.85,24797.5
India,Cassava,2014,2898.17,34.07,12.34,51090.0
Egypt,Wheat,1994,225.81,65.62,22.41,35241.7
South Africa,Maize,2018,2670.63,82.08,33.34,14463.7
Mexico,Cassava,1990,1535.11,57.66,12.36,90976.8
Nigeria,Soybeans,1994,642.7,33.2,37.07,13549.8
China,Sweet potatoes,2010,298.53,22.65,36.45,59735.2
Japan,Soybeans,2016,602.15,50.26,28.81,29285.7
Mexico,Plantains and others,2020,2416.59,6.29,29.69,25988.0
Brazil,Yams,1991,2799.0,53.81,25.11,33989.0
United States,Wheat,2005,771.36,45.8,21.09,35891.3
Germany,Plantains and others,1994,1609.45,20.31,12.79,68445.4
China,Soybeans,2013,2840.82,12.12,32.78,8877.9
Canada,Cassava,2011,2389.91,122.12,23.75,53475.9
Mexico,Maize,1990,755.42,24.05,25.44,40708.6
Canada,Sorghum,2011,471.48,63.37,12.57,18354.4
Canada,Cassava,2010,2881.76,20.88,19.01,50294.2
China,Maize,2019,2277.99,31.55,27.94,23530.0
France,Soybeans,1994,1539.23,167.94,27.79,22768.6
Argentina,Yams,2008,462.05,21.17,29.06,68671.8
Germany,Wheat,2006,2558.63,88.93,37.41,5650.6
Canada,Rice,2002,2925.87,76.05,37.54,9822.2
Mexico,Potatoes,1996,2102.96,39.41,31.59,58064.7
China,Sorghum,1990,706.65,153.6,36.27,7324.4
South Africa,Cassava,2015,1407.49,134.96,23.46,104530.0
Brazil,Potatoes,2017,2534.93,76.86,29.78,56275.7
India,Rice,2013,1091.63,9.54,25.92,54281.0
Nigeria,Sweet potatoes,1993,475.43,56.41,15.71,150930.9
Mexico,Plantains and others,1997,1936.51,6.24,14.09,51666.7
Brazil,Potatoes,2006,651.85,10.89,36.31,74218.1
Brazil,Sweet potatoes,2005,1953.27,41.9,26.97,82790.4
Argentina,Rice,1992,2380.63,17.42,22.31,23966.6
Egypt,Sorghum,2009,633.12,27.52,12.54,20708.5
Brazil,Plantains and others,2016,1351.96,213.88,29.65,60459.4
Mexico,Wheat,2000,2291.43,23.2,24.35,14233.1
Australia,Yams,2002,372.4,46.07,28.26,81528.2
Japan,Soybeans,2017,2677.87,37.59,31.17,10230.7
Egypt,Sweet potatoes,2004,1112.02,6.54,32.17,72692.1
Australia,Cassava,2010,915.91,93.77,33.23,60100.3
Mexico,Sorghum,2008,2827.96,46.28,37.84,3948.2
South Africa,Maize,1996,1703.56,61.32,31.74,33921.5
Australia,Cassava,2002,667.97,71.67,28.57,107716.9
China,Cassava,2000,1827.9,92.05,22.69,74318.6
France,Potatoes,2017,2429.15,35.46,15.1,92389.5
Canada,Yams,1993,913.27,32.92,16.04,126832.6
Indonesia,Potatoes,1995,860.54,78.05,12.49,202319.2
Canada,Yams,1993,818.28,116.28,37.65,52372.9
China,Wheat,2003,2455.39,20.17,22.91,13791.1
Japan,Wheat,2006,2183.34,25.59,24.7,15999.9
China,Yams,2021,848.39,40.91,22.65,117555.9
France,Soybeans,2002,1046.0,13.84,36.12,14947.7
United States,Sorghum,2017,2485.35,282.3,13.17,10734.4
India,Sorghum,2012,2150.08,226.52,14.38,12075.4
Nigeria,Potatoes,2018,2001.53,44.71,16.04,165799.2
Australia,Rice,1998,1256.82,38.82,17.09,43665.0
China,Plantains and others,2002,1230.6,31.61,12.52,84337.4
Japan,Sweet potatoes,2012,2932.47,43.31,23.64,57090.8
India,Yams,2007,2449.13,96.97,29.96,28482.8
China,Plantains and others,1991,2977.43,57.34,27.66,30146.8
Brazil,Soybeans,1992,2104.01,34.96,33.48,10117.6
India,Potatoes,2002,780.98,24.81,22.89,202463.5
Argentina,Maize,2006,1580.04,33.18,17.94,40757.1
Japan,Rice,2016,407.89,38.33,24.96,41574.8
China,Maize,2017,631.17,23.88,20.51,49277.7
Egypt,Plantains and others,1995,903.66,81.68,34.03,52485.7
Australia,Sorghum,2000,968.06,14.64,34.91,7833.0
France,Yams,2002,1227.32,6.96,25.11,84959.2
Brazil,Sorghum,2011,2025.29,40.24,18.68,13083.7
Japan,Sorghum,2006,728.01,7.07,24.0,18615.2
South Africa,Cassava,2007,366.31,17.17,13.64,102145.6
Argentina,Sweet potatoes,1994,934.82,5.56,23.72,130408.0
Canada,Cassava,2023,1553.62,24.52,24.69,115814.9
India,Maize,2023,1507.18,30.7,37.06,29095.0
Mexico,Wheat,2008,335.36,48.79,16.57,30085.5
Brazil,Plantains and others,1996,2150.87,11.96,36.84,16764.0
Argentina,Sorghum,1993,543.97,9.99,14.55,17588.2
Japan,Rice,2021,2920.6,7.17,34.14,11693.0
Germany,Rice,2006,2143.62,275.65,22.96,36402.0
Canada,Wheat,2009,1175.8,25.59,20.54,41493.0
Canada,Plantains and others,2022,261.17,43.22,37.93,42699.0
Nigeria,Plantains and others,2023,1579.43,52.92,12.23,99630.7
India,Sweet potatoes,2020,1482.44,8.99,32.54,70576.5
Japan,Yams,1993,739.77,7.69,28.25,81126.8
China,Rice,2014,1918.8,42.88,16.47,37636.0
Brazil,Cassava,2005,917.33,90.87,24.04,103299.1
Mexico,Plantains and others,2018,1153.5,14.49,20.69,92833.3
Germany,Wheat,2002,633.77,42.05,18.37,30795.3
Japan,Soybeans,1998,2682.34,9.43,26.93,8127.5
Australia,Soybeans,2023,1721.4,66.51,32.88,21200.1
Argentina,Cassava,2014,2565.34,12.57,13.47,42504.5
Mexico,Rice,2003,2209.02,9.03,19.52,31031.5
India,Wheat,2020,1111.24,107.49,27.55,33297.7
France,Plantains and others,2008,970.06,82.02,19.48,112374.6
Canada,Potatoes,2019,534.1,41.9,27.0,183130.0
Argentina,Soybeans,2018,1191.98,23.53,31.86,23572.2
Canada,Sorghum,1997,330.57,21.83,21.66,20066.4
Brazil,Rice,2018,2463.74,53.48,22.63,25668.2
Germany,Potatoes,2004,2315.42,27.96,32.98,35092.8
France,Plantains and others,1990,833.34,22.69,14.63,87300.4
Egypt,Soybeans,1999,2804.63,72.18,30.8,11737.6
France,Soybeans,1994,366.95,24.29,19.36,21156.8
Argentina,Cassava,2004,1015.32,17.21,24.59,120876.6
Nigeria,Sorghum,1999,427.12,75.68,31.98,10408.2
Mexico,Sorghum,2018,1027.0,15.69,20.1,23373.0
Nigeria,Potatoes,2013,1906.87,35.43,31.18,97988.2
France,Rice,2014,2681.82,43.97,15.18,14900.0
Mexico,Wheat,2011,658.72,60.98,27.13,31893.0
Nigeria,Wheat,1997,930.22,73.3,15.3,45216.5
United States,Cassava,2005,897.56,49.48,24.25,137917.4
South Africa,Sweet potatoes,2008,1331.63,6.87,33.83,59908.3
Canada,Potatoes,2010,2564.9,8.57,33.98,37239.3
China,Maize,2001,2860.58,9.94,31.97,14296.8
Brazil,Plantains and others,2014,516.53,183.62,34.7,35243.5
Australia,Rice,2013,2042.97,70.45,32.43,35999.6
Canada,Maize,2013,2379.66,27.27,37.66,10167.8
Nigeria,Plantains and others,2004,997.65,7.49,24.02,100578.8
Brazil,Wheat,2013,276.79,139.05,22.94,30496.2
South Africa,Wheat,1999,774.09,79.22,17.82,35318.9
Nigeria,Plantains and others,1998,236.77,139.24,20.15,88287.4
France,Cassava,1996,1928.44,20.53,34.65,32287.6
Nigeria,Wheat,2003,786.37,133.72,14.15,38186.5
Mexico,Sweet potatoes,2021,347.7,39.31,37.39,58124.9
Japan,Soybeans,2003,756.78,68.52,25.12,27020.0
Australia,Sorghum,2019,2494.58,161.59,18.85,11317.8
India,Cassava,1995,2545.61,50.77,16.38,44064.6
Egypt,Wheat,1994,2798.08,140.52,20.09,16523.6
Japan,Yams,2015,2618.23,38.02,18.13,48496.9
Egypt,Wheat,2012,2517.46,18.23,23.48,14338.8
Egypt,Plantains and others,1990,403.87,85.95,29.97,57859.2
India,Sorghum,2009,2794.75,46.08,13.83,8437.9
Canada,Rice,2009,567.22,39.74,17.11,44923.6
Canada,Sorghum,2002,1055.92,73.68,28.27,17809.8
Australia,Maize,1993,1910.5,9.06,29.33,28925.6
Brazil,Sorghum,2004,734.01,19.93,26.13,13002.2
Mexico,Maize,2012,2188.76,13.32,30.95,22238.0
France,Sorghum,1995,272.12,35.52,20.47,16989.4
Australia,Sweet potatoes,2002,679.76,8.77,26.51,152131.7
Germany,Sweet potatoes,2004,653.9,36.83,31.21,93513.2
Japan,Potatoes,2018,2934.08,161.72,22.98,83031.6
Nigeria,Yams,2018,2822.82,84.15,28.89,42328.8
Canada,Yams,2022,1623.62,38.54,31.84,54446.4
France,Maize,2019,835.2,47.78,37.15,23641.2
South Africa,Wheat,2021,1171.39,31.14,16.77,39325.2
Australia,Soybeans,2020,2053.14,58.7,12.96,12887.9
France,Soybeans,2014,2027.25,166.59,33.38,14572.0
Indonesia,Potatoes,1998,1064.04,38.52,31.04,116088.9
Egypt,Soybeans,2009,2658.01,59.71,28.36,14180.9
Indonesia,Sorghum,1991,1289.64,75.47,20.7,21926.8
Australia,Maize,2015,2493.53,12.65,21.64,23088.6
South Africa,Cassava,2021,2614.67,42.8,24.37,51368.5
South Africa,Wheat,1998,1243.88,37.75,21.49,35358.7
Japan,Sorghum,1992,1260.96,22.64,14.34,14828.6
China,Sweet potatoes,2008,363.59,138.38,32.78,58411.4
Indonesia,Sorghum,2012,1269.26,57.82,22.45,20951.9
Japan,Sorghum,2009,1585.12,86.14,35.65,7899.0
India,Sorghum,1993,2234.61,36.2,17.98,7970.5
France,Yams,2006,1017.41,17.15,30.63,66389.5
United States,Maize,2005,1890.83,27.32,36.37,20978.4
China,Potatoes,2004,2514.13,78.3,19.19,79052.3
Brazil,Plantains and others,2017,1027.04,23.64,24.11,90548.3
Mexico,Rice,2009,2285.63,11.67,12.67,19057.1
South Africa,Sorghum,2018,2921.83,20.79,16.97,9105.8
Indonesia,Maize,1995,1803.03,59.85,32.74,30605.7
United States,Wheat,2019,1239.57,91.62,34.5,17875.3
China,Sweet potatoes,2008,2802.87,41.71,28.78,40492.7
China,Rice,1992,1286.92,56.38,14.91,30815.3
United States,Soybeans,2003,2499.54,45.17,17.34,10677.5
Brazil,Wheat,2013,2377.83,15.82,27.23,13419.7
Australia,Yams,1993,303.45,7.09,29.1,57589.6
Mexico,Soybeans,2021,1513.64,7.87,13.17,18711.3
India,Yams,2021,2964.43,86.04,14.86,47863.9
Germany,Soybeans,2023,1359.94,25.03,27.2,25138.3
Brazil,Soybeans,2007,1528.16,100.67,29.14,22268.2
Germany,Wheat,2008,1132.35,74.28,28.95,27928.7
South Africa,Potatoes,2013,736.84,27.86,35.1,89500.5
China,Sweet potatoes,2004,2491.25,63.28,35.76,22588.5
Brazil,Plantains and others,1994,2947.27,81.11,35.03,14046.6
Canada,Maize,1991,1129.25,41.3,28.47,47597.5
Australia,Rice,2001,1823.4,27.36,19.45,45401.2
Indonesia,Yams,2009,2062.53,39.63,19.2,75814.3
Nigeria,Rice,2006,2550.83,32.66,33.58,15513.3
Egypt,Potatoes,2006,2707.55,29.16,19.35,105924.5
France,Soybeans,1991,1300.91,68.85,27.39,25760.6
United States,Soybeans,2000,1208.76,60.62,15.24,21421.5
India,Plantains and others,2006,957.84,126.24,12.7,95765.4
China,Cassava,2018,1227.24,18.05,25.23,103751.2
France,Yams,1997,319.08,87.13,30.84,48782.6
Australia,Potatoes,1994,1056.31,51.9,22.92,252845.8
Nigeria,Cassava,2015,1497.1,64.97,33.3,56845.2
Mexico,Yams,2017,861.64,57.78,18.07,127432.5
Brazil,Sorghum,2000,2348.83,59.77,28.29,5448.2
Indonesia,Soybeans,2014,1278.69,136.24,18.3,34017.5
Egypt,Maize,2019,1415.18,17.34,17.8,51290.0
Egypt,Sweet potatoes,2006,302.4,147.99,14.93,180600.4
United States,Sweet potatoes,2011,2372.39,23.33,24.49,77587.2
Canada,Soybeans,1997,1575.16,15.19,24.56,26182.7
Japan,Wheat,2017,747.05,59.04,35.84,14072.8
Germany,Wheat,2021,1288.29,166.61,37.26,17544.1
Nigeria,Maize,1991,856.89,23.34,25.43,50314.0
South Africa,Maize,2015,729.94,66.57,15.08,40112.2
France,Maize,2010,2073.41,115.0,30.24,31715.4
Germany,Plantains and others,2006,1600.59,17.44,33.2,30639.3
Argentina,Maize,2023,780.46,110.28,32.5,52944.2
Germany,Plantains and others,2009,1031.94,12.98,34.71,34651.4
India,Yams,2007,2418.91,29.25,16.4,41540.0
South Africa,Sorghum,1993,2974.35,15.38,25.6,5763.8
Argentina,Potatoes,2008,2907.09,116.25,17.56,96646.2
Egypt,Wheat,2005,1858.54,105.92,37.12,13774.1
India,Sweet potatoes,2019,1709.38,98.57,20.39,168690.7
Egypt,Yams,2014,2586.52,15.81,22.81,54568.5
South Africa,Yams,2004,1685.68,58.45,26.91,63758.0
Indonesia,Wheat,2003,2034.92,26.41,35.9,9886.2
Indonesia,Yams,2007,1550.4,91.24,19.42,107203.7
Indonesia,Maize,2019,1884.44,11.39,28.49,44055.4
United States,Soybeans,1990,1683.05,41.81,14.78,17163.9
Argentina,Maize,2021,918.49,79.0,25.13,62072.8
Australia,Wheat,2011,231.24,16.2,22.55,32639.2
Indonesia,Sweet potatoes,2006,739.55,103.53,12.44,163019.8
Nigeria,Wheat,2009,553.73,38.25,14.5,37273.5
Egypt,Soybeans,2008,2881.27,170.95,31.34,12755.7
Brazil,Potatoes,1995,1549.78,94.95,26.38,132585.5
Argentina,Sweet potatoes,2017,355.53,22.54,24.66,146607.3
Argentina,Potatoes,2000,519.44,101.25,29.26,151219.3
Indonesia,Plantains and others,2011,1573.5,20.54,26.95,84459.5
Egypt,Rice,2009,2825.95,20.84,21.89,21917.9
South Africa,Maize,2008,1778.41,99.26,19.49,35734.2
Mexico,Wheat,1996,1979.61,34.15,18.5,20974.8
Australia,Wheat,1990,2830.48,21.4,20.42,13993.1
South Africa,Sorghum,2015,913.31,44.53,34.37,9361.5
France,Wheat,1990,1907.27,48.35,17.68,25839.4
Mexico,Potatoes,2011,524.95,8.44,15.0,197920.9
Indonesia,Rice,2015,1974.02,90.12,33.36,38016.1
India,Yams,2021,512.09,80.13,15.11,122661.1
Australia,Sweet potatoes,1992,1454.12,39.31,31.71,76860.5
Brazil,Rice,2014,1286.03,53.38,21.11,55629.8
Indonesia,Sorghum,1994,299.84,125.53,27.72,17382.3
Egypt,Sweet potatoes,2011,1015.75,22.7,17.8,188710.4
South Africa,Yams,2015,2054.75,19.29,23.7,58302.2
Argentina,Maize,1996,436.9,92.83,24.7,46736.0
Japan,Wheat,2012,2110.28,19.1,37.2,8416.3
Canada,Sweet potatoes,2003,1121.07,12.31,32.12,82438.3
Brazil,Maize,2012,1140.8,31.58,27.46,46709.2
Canada,Soybeans,2014,415.18,9.98,29.75,28513.2
South Africa,Sorghum,2018,2349.9,18.52,34.09,3185.1
China,Rice,2002,393.01,24.84,28.98,31461.9
Japan,Plantains and others,1997,2498.69,177.16,13.03,29960.1
Egypt,Sorghum,2013,2002.26,40.61,18.05,16940.8
France,Plantains and others,2007,651.93,46.15,26.54,87122.5
Nigeria,Wheat,1993,1045.69,60.48,13.31,34545.0
France,Yams,1990,1197.55,9.58,20.83,94512.5
Mexico,Cassava,2010,1626.8,23.47,35.59,47908.5
China,Cassava,2003,1398.05,33.39,21.22,110832.6
Nigeria,Plantains and others,1994,931.1,19.54,33.57,45015.3
Germany,Rice,1999,2570.57,114.89,20.42,19182.6
Brazil,Sorghum,1991,2492.93,10.69,24.5,6083.4
Egypt,Rice,1997,378.91,154.05,18.79,45156.0
Mexico,Maize,2016,2915.81,8.0,23.39,22469.9
Brazil,Sweet potatoes,1995,1201.27,27.12,31.11,75066.8
China,Plantains and others,1992,2297.43,88.14,35.44,14975.1
Australia,Wheat,1991,1740.54,11.7,30.83,15626.9
China,Rice,1996,2112.34,102.47,35.19,22662.8
France,Potatoes,2010,1134.12,33.98,32.59,100334.4
Japan,Wheat,2021,288.73,36.06,30.83,20456.8
France,Sweet potatoes,2003,240.22,42.77,19.3,139397.5
Brazil,Rice,2001,1241.89,34.82,18.31,39260.3
South Africa,Soybeans,2023,2440.15,111.06,36.32,6787.7
Canada,Potatoes,1991,2077.87,14.49,32.28,57987.6
Nigeria,Sorghum,2012,2825.39,17.71,14.44,8640.5
Canada,Potatoes,1998,659.6,11.83,24.28,185888.6
France,Plantains and others,2022,1035.39,68.98,28.74,78744.1
China,Wheat,2004,802.27,76.3,13.26,30285.4
Canada,Sweet potatoes,1996,2842.3,198.93,24.51,65559.7
Japan,Rice,1992,2900.24,53.13,18.67,15094.4
Germany,Plantains and others,1991,1344.16,22.32,15.46,92263.6
Egypt,Sweet potatoes,1994,757.35,50.98,26.74,157814.2
Nigeria,Sorghum,2021,2014.88,19.41,18.21,18654.6
Germany,Sweet potatoes,2022,2483.28,61.82,22.71,72191.5
Egypt,Cassava,2007,1843.93,5.84,22.63,112454.7
Brazil,Plantains and others,2018,1361.39,14.78,31.79,47911.4
China,Sweet potatoes,1997,765.52,230.91,37.21,62173.8
Nigeria,Rice,1990,1674.76,149.52,27.32,36101.7
India,Sweet potatoes,2015,618.17,99.7,37.76,79309.2
India,Sorghum,2014,2242.73,64.13,26.55,8607.3
Germany,Yams,1991,427.4,72.93,30.37,58593.4
Nigeria,Sweet potatoes,1997,585.31,57.13,13.23,164657.6
Japan,Yams,2000,209.43,166.65,37.9,31038.0
France,Plantains and others,2015,2777.14,137.06,25.52,39128.5
Mexico,Yams,1993,2402.58,49.23,33.7,14962.7
France,Plantains and others,2022,2146.81,29.9,15.53,56149.6
Nigeria,Cassava,1994,773.77,46.16,37.82,53671.3
Mexico,Wheat,2004,1307.23,112.76,23.06,37588.9
Australia,Soybeans,2021,396.26,47.78,14.38,24962.1
Japan,Plantains and others,1997,1259.19,121.28,12.96,84022.2
Australia,Sweet potatoes,2006,396.52,31.91,22.2,187733.6
Mexico,Sorghum,2014,2064.76,6.79,12.03,11435.3
Indonesia,Rice,2004,760.56,9.64,20.09,45996.4
Egypt,Sweet potatoes,2008,1919.05,63.29,20.37,146371.5
Indonesia,Rice,2001,2827.33,231.53,34.03,15285.5
Mexico,Maize,2010,1081.01,49.35,27.6,54770.9
South Africa,Cassava,1992,2917.59,91.95,28.0,35921.6
Nigeria,Yams,2008,2902.88,215.41,32.52,24868.6
United States,Maize,2003,1419.03,22.36,25.72,53778.5
United States,Cassava,1990,1725.99,10.51,33.57,38128.7
Argentina,Potatoes,2001,1263.42,87.33,14.17,160351.2
France,Rice,2014,2960.5,8.71,34.74,11262.9
Indonesia,Rice,2017,2329.08,41.81,32.3,29999.5
Canada,Rice,2016,2338.6,23.52,27.87,34245.0
Argentina,Wheat,1991,2216.92,32.47,21.19,16299.0
Egypt,Wheat,2017,2605.2,40.08,17.41,21252.0
Nigeria,Wheat,2004,1872.68,64.05,15.07,24072.1
Australia,Sweet potatoes,1992,2684.19,7.09,37.62,25316.3
Canada,Soybeans,2000,2307.31,90.05,20.0,10290.4
Indonesia,Rice,2008,1789.34,81.0,35.65,30913.5
United States,Plantains and others,2011,2360.46,28.83,30.43,25261.0
United States,Yams,2008,291.06,43.07,29.47,72577.3
India,Plantains and others,2016,2015.43,18.61,21.9,55959.6
Nigeria,Potatoes,1999,1499.56,54.69,34.0,80751.5
United States,Rice,2007,1655.74,29.79,32.4,42688.5
South Africa,Plantains and others,2008,309.93,62.76,22.01,95155.1
Egypt,Yams,2016,1274.52,18.42,31.23,72189.6
Nigeria,Sweet potatoes,2008,2223.3,33.04,26.87,63356.4
Mexico,Potatoes,1991,2806.71,88.22,15.82,78968.5
India,Yams,1994,1352.54,27.26,16.39,100165.9
France,Potatoes,2015,2886.89,28.49,18.56,97108.1
Egypt,Sorghum,2010,1082.31,24.51,35.41,11394.8
India,Maize,1992,2850.53,32.81,21.1,21032.4
France,Maize,1990,606.09,29.68,20.69,42943.0
Germany,Yams,2019,1254.25,34.61,22.89,115553.6
South Africa,Wheat,2012,2318.39,51.48,31.0,8687.6
India,Rice,2008,1052.78,37.15,29.9,47060.6
China,Potatoes,1994,578.52,27.63,27.78,147809.2
Germany,Sorghum,1996,296.97,20.56,16.94,14433.4
Japan,Rice,1995,1613.85,9.8,19.69,42446.6
Brazil,Sorghum,2015,1039.07,23.49,18.41,19985.8
Canada,Yams,2019,639.08,10.41,34.58,57887.7
Mexico,Cassava,2008,2852.42,37.59,36.92,19619.7
United States,Rice,2006,376.18,45.53,20.05,38871.3
Canada,Cassava,2004,2386.99,6.93,28.81,44182.0
Nigeria,Sweet potatoes,2015,615.81,9.66,31.36,85955.7
Nigeria,Plantains and others,2005,2280.48,7.54,17.23,48069.5
Indonesia,Plantains and others,2016,1253.39,15.13,26.18,85575.6
Japan,Soybeans,2012,943.11,43.87,23.55,24261.3
Australia,Cassava,2005,1542.08,8.2,12.46,99995.5
Argentina,Soybeans,2015,325.73,24.86,35.06,17701.9
China,Plantains and others,1998,535.75,85.19,14.54,82445.6
Australia,Maize,2016,1488.54,112.15,22.45,58837.0
Australia,Rice,1992,561.3,137.2,20.38,43060.4
France,Yams,2013,1756.48,23.35,18.22,76270.8
Germany,Cassava,2020,2068.47,32.32,26.21,71249.1
Japan,Wheat,1997,1001.94,29.29,35.8,13423.9
Germany,Cassava,2012,1768.79,33.98,36.63,35021.2
Brazil,Plantains and others,1991,1780.51,84.61,20.62,66138.9
Nigeria,Wheat,2019,1349.48,6.96,21.3,41336.3
Egypt,Yams,2023,1883.09,287.18,13.37,96764.5
Canada,Sweet potatoes,1992,278.75,5.52,21.53,141258.6
China,Plantains and others,2006,1748.03,140.04,36.09,35886.9
China,Potatoes,1992,979.29,81.46,20.14,164091.8
Australia,Rice,2010,326.65,56.34,16.28,37579.5
Brazil,Maize,2016,213.58,43.75,16.94,36178.8
Indonesia,Rice,2003,2499.23,40.23,25.56,22918.3
Japan,Sweet potatoes,2017,350.77,21.32,36.13,60343.4
Egypt,Maize,1991,1909.69,25.19,16.72,26299.3
Indonesia,Sweet potatoes,2019,796.49,38.85,15.87,204233.4
Canada,Wheat,2003,2343.48,116.98,13.75,16405.0
France,Potatoes,1998,2709.62,147.91,30.9,44681.6
Germany,Maize,2000,1922.15,93.2,29.11,30654.1
Canada,Cassava,2012,1015.62,76.92,15.2,125216.6
Indonesia,Wheat,1991,2440.35,86.44,13.56,16386.3
South Africa,Sorghum,2000,2848.6,142.46,26.17,6399.4
Argentina,Cassava,2011,1244.37,131.69,22.08,137626.5
Egypt,Cassava,2002,1196.68,13.17,20.86,133124.5
Canada,Cassava,1993,1534.07,22.03,31.97,58418.1
United States,Yams,1996,651.69,38.34,14.43,108332.1
Australia,Plantains and others,2019,1061.08,12.25,33.5,44431.4
United States,Yams,2019,376.12,27.84,26.97,90981.9
China,Cassava,2001,1037.97,22.85,37.79,41770.8
Argentina,Sorghum,1998,2847.38,52.82,12.69,6916.0
Australia,Sweet potatoes,2008,1204.19,140.57,29.44,119495.2
Japan,Soybeans,1993,2740.25,17.02,19.37,8532.7
Japan,Maize,2005,2293.79,26.17,31.89,14502.4
Canada,Soybeans,2010,2838.62,38.31,34.04,8473.4
Brazil,Sweet potatoes,2018,2688.61,39.23,35.27,24223.9
China,Sweet potatoes,1995,1041.66,80.08,16.43,137224.9
Egypt,Maize,2001,817.58,39.08,32.33,44923.2
China,Rice,2004,957.04,21.28,28.78,47170.0
China,Potatoes,2018,2758.53,33.57,16.33,81641.2
China,Sweet potatoes,2007,221.72,35.26,22.46,128632.0
Japan,Rice,2019,1370.23,56.03,21.77,51920.3
United States,Wheat,1998,243.06,97.33,14.39,32418.1
Mexico,Potatoes,2022,2601.97,28.46,18.8,95901.1
Brazil,Wheat,1993,1192.99,117.47,25.2,25621.0
China,Sorghum,1996,851.33,24.68,30.46,10326.3
Germany,Plantains and others,1996,1133.27,65.81,15.22,86230.9
Mexico,Plantains and others,2000,205.14,95.88,13.46,82308.9
Nigeria,Sweet potatoes,2003,464.11,43.84,19.7,193994.0
Germany,Maize,2002,1702.99,101.06,35.69,28274.5
Australia,Sorghum,2004,2594.67,11.36,12.46,7450.7
Canada,Maize,2017,917.15,109.71,37.69,26853.0
Brazil,Rice,2023,857.83,17.9,37.15,25744.1
India,Cassava,1996,716.98,51.57,20.88,115812.4
Mexico,Soybeans,2002,2563.2,122.85,26.14,10439.4
Germany,Cassava,2011,2128.19,57.04,26.24,64966.8
South Africa,Sweet potatoes,2013,728.24,34.77,35.32,65816.8
Australia,Sweet potatoes,2009,1714.8,40.72,12.34,127393.0
France,Plantains and others,1995,2150.84,27.47,14.04,39913.2
Canada,Sorghum,1999,2309.85,18.75,31.8,4458.0
France,Cassava,2023,2570.84,34.43,29.28,43196.4
Brazil,Wheat,2002,2510.71,37.74,18.8,14038.3
Brazil,Yams,2005,2776.57,5.68,35.41,17511.9
United States,Cassava,2010,1244.7,26.45,31.73,73485.1
Argentina,Soybeans,2006,1624.64,45.79,27.06,23598.9
Canada,Sweet potatoes,2003,2147.9,154.39,19.26,96292.5
Germany,Yams,2001,410.86,8.63,28.16,67387.3
Germany,Sweet potatoes,1992,2250.96,17.52,35.69,28995.2
Brazil,Potatoes,2002,1199.49,16.95,34.53,75314.7
Indonesia,Yams,1992,980.24,14.89,20.31,112715.5
South Africa,Sweet potatoes,2012,648.75,84.8,14.55,185999.0
China,Sweet potatoes,2001,1589.46,16.08,26.93,109608.7
Brazil,Soybeans,2022,1858.09,11.57,16.08,16329.4
Japan,Wheat,2005,674.19,45.63,25.32,31678.1
Japan,Sweet potatoes,2011,277.74,179.57,23.1,151636.2
Egypt,Wheat,1995,814.13,18.7,32.81,17392.3
Indonesia,Sorghum,2005,2290.11,33.25,23.22,9064.6
Brazil,Soybeans,2010,2153.6,33.32,36.08,9941.8
Mexico,Cassava,2006,406.74,68.32,19.52,122076.7
Nigeria,Yams,2010,955.11,14.67,17.74,124235.0
South Africa,Plantains and others,1994,791.53,10.12,19.17,79277.4
United States,Wheat,2014,1407.97,21.24,16.33,43217.4
Indonesia,Sweet potatoes,2021,1479.1,54.56,31.36,103788.4
China,Soybeans,2008,1516.18,316.65,21.26,20958.0
Brazil,Cassava,2013,1380.79,46.25,28.73,72113.9
France,Plantains and others,2021,351.12,115.35,18.34,111533.7
Brazil,Plantains and others,1996,257.39,11.76,30.2,48130.5
Egypt,Potatoes,2017,1289.82,12.45,12.06,208461.3
China,Rice,2007,826.21,60.45,22.36,43780.3
Canada,Sorghum,2018,1963.73,35.85,12.94,14883.1
Egypt,Sweet potatoes,2021,1845.38,35.74,31.78,84933.1
Indonesia,Potatoes,2020,1919.14,99.2,31.9,89092.0
South Africa,Cassava,2013,2982.87,31.61,17.18,55505.5
Germany,Plantains and others,2010,612.42,132.18,14.76,119575.6
United States,Potatoes,2019,2542.86,26.59,19.71,103950.6
Nigeria,Sweet potatoes,2016,2717.72,69.56,25.18,79978.7
Mexico,Wheat,2005,2808.62,98.93,34.16,5690.6
Germany,Yams,2010,2379.98,158.13,13.67,45328.7
Japan,Potatoes,1991,2916.82,65.01,29.3,51350.6
France,Plantains and others,2015,2678.59,82.07,29.79,28583.4
Indonesia,Soybeans,1997,2847.65,29.94,32.65,8624.9
Argentina,Sweet potatoes,2004,1486.95,57.99,26.69,109393.0
Nigeria,Plantains and others,2018,1740.64,213.83,29.16,61794.2
Australia,Plantains and others,2015,2456.87,94.63,28.04,35076.0
Argentina,Sweet potatoes,2010,1873.4,82.84,13.25,123379.8
Australia,Potatoes,2010,504.48,24.4,32.9,93266.0
France,Maize,1999,589.89,178.48,24.43,46706.1
France,Sorghum,2022,2813.75,49.12,37.69,3831.0
Nigeria,Plantains and others,2016,2988.24,28.63,19.61,42776.8
Argentina,Wheat,2004,1471.16,25.25,33.79,12463.4
United States,Yams,2007,664.2,50.59,25.34,115852.6
United States,Plantains and others,2021,1046.42,54.82,37.73,47538.0
Argentina,Cassava,2005,1633.6,67.02,27.92,76529.3
Japan,Rice,2007,599.15,30.89,30.26,33424.0
Canada,Yams,1999,2142.57,15.17,17.53,69208.3
Mexico,Rice,2009,2509.8,95.5,34.42,18262.0
Brazil,Soybeans,1992,2494.04,23.22,27.52,9015.3
Australia,Yams,2010,273.09,7.79,27.45,78757.7
Japan,Maize,2005,2137.84,16.57,30.61,21713.7
Canada,Plantains and others,2004,1623.66,41.81,26.42,73154.7
Indonesia,Potatoes,2020,1576.95,101.28,35.4,100649.3
Brazil,Potatoes,1996,490.92,76.84,32.46,82729.6
China,Maize,1998,2193.58,100.14,37.91,10894.1
United States,Soybeans,2004,2734.57,27.32,21.57,12250.2
Germany,Soybeans,2020,1822.38,34.61,34.5,16724.8
United States,Potatoes,2002,2298.45,246.55,28.74,71920.3
India,Soybeans,2015,1329.69,64.29,14.25,17983.2
China,Wheat,2019,2009.37,13.85,28.99,15874.5
Argentina,Sweet potatoes,1996,1781.18,19.84,20.55,117323.6
Indonesia,Sorghum,2015,1510.9,18.29,20.67,22234.0
Nigeria,Maize,2008,887.87,49.75,23.87,61242.5
Argentina,Plantains and others,2021,856.84,21.48,29.8,70880.0
Canada,Plantains and others,2015,2609.83,164.46,18.06,49468.5
Indonesia,Soybeans,2003,2638.57,115.49,20.38,13409.9
Japan,Sorghum,2006,2568.99,14.64,13.62,7204.4
Japan,Cassava,1998,696.0,60.16,19.25,105766.5
Germany,Cassava,2021,1596.2,22.69,34.98,44973.0
France,Wheat,2015,2441.58,107.48,13.15,15330.1
Indonesia,Sweet potatoes,2016,2001.21,59.13,21.19,125472.6
United States,Potatoes,2017,2671.21,8.93,22.74,103031.5
Japan,Wheat,2008,1970.22,128.88,33.07,9579.0
South Africa,Sweet potatoes,2014,442.43,27.97,26.65,150714.7
Indonesia,Potatoes,2002,1335.25,11.69,31.25,120253.2
Mexico,Potatoes,2016,1102.12,32.27,36.21,81614.9
Argentina,Cassava,2019,1500.21,96.42,32.21,69200.1
India,Maize,2003,1480.08,82.54,34.2,37115.6
China,Potatoes,1991,1246.9,56.72,32.05,81299.6
India,Sorghum,1991,2963.54,38.71,32.43,3453.4
India,Maize,2021,1441.55,33.25,32.1,48207.2
Indonesia,Soybeans,1998,2179.37,107.79,27.03,14517.7
Germany,Wheat,2007,921.5,40.24,22.17,33739.7
Argentina,Sweet potatoes,2012,2468.13,36.95,15.98,70987.9
Japan,Plantains and others,1996,2883.46,91.23,24.29,31090.7
France,Cassava,1995,1661.44,19.06,37.25,36758.1
Indonesia,Cassava,2022,2772.21,59.28,28.49,50801.7
Australia,Soybeans,2007,1322.18,17.27,15.76,22220.8
Indonesia,Sorghum,2007,2495.76,28.13,28.39,7350.2
Argentina,Yams,1990,2466.36,67.54,34.73,14412.3
France,Rice,2010,2824.86,16.46,16.33,16383.4
Mexico,Sorghum,1997,1301.43,12.31,27.23,14514.0
Germany,Yams,2008,705.39,18.94,18.65,116952.3
Japan,Cassava,2015,221.94,23.25,33.21,45270.1
Australia,Soybeans,2002,1544.79,51.16,36.24,14915.4
Egypt,Wheat,2004,641.7,34.34,17.2,40857.9
Germany,Soybeans,2014,827.05,23.7,12.01,18145.8
United States,Maize,1999,1397.61,21.12,32.61,39201.5
India,Soybeans,1993,1201.12,6.97,34.82,13416.0
Germany,Sorghum,2008,275.46,53.81,26.51,14514.8
South Africa,Rice,2012,1264.52,5.39,18.18,41864.2
United States,Rice,1992,291.66,11.18,26.32,32608.9
Australia,Maize,2021,1429.45,41.19,36.49,35259.7
Brazil,Sweet potatoes,2001,1387.51,5.17,36.39,50959.8
Nigeria,Rice,1993,441.95,85.54,15.35,27681.3
Germany,Sweet potatoes,2009,1732.16,5.23,32.63,52654.3
Australia,Yams,2004,208.63,17.05,14.5,103813.1
France,Rice,1996,2132.51,6.5,25.31,30544.3
China,Sorghum,2008,1522.25,40.02,17.96,18159.3
United States,Yams,1992,1933.72,25.17,32.61,27283.8
Indonesia,Maize,2007,1602.14,108.81,25.5,52031.7
Argentina,Sweet potatoes,2006,1245.21,53.95,17.18,164468.7
Egypt,Rice,2017,1247.69,84.27,21.3,58037.9
Nigeria,Sorghum,2001,2808.41,63.49,20.95,8642.2
Indonesia,Cassava,2000,2240.69,7.62,19.16,62638.4
Canada,Yams,2014,927.92,38.41,23.04,107631.2
Germany,Plantains and others,1994,333.24,16.95,35.24,33872.6
Germany,Sorghum,2011,2542.27,9.26,24.55,7695.3
Canada,Plantains and others,1993,438.06,54.84,21.73,99424.8
United States,Rice,2014,1789.47,31.0,19.24,40662.8
France,Plantains and others,2004,2166.47,9.41,16.23,48252.4
China,Maize,2013,1342.5,91.13,37.32,22485.1
France,Plantains and others,1994,1063.92,25.61,13.9,85809.8
Mexico,Maize,2002,771.94,57.84,37.48,28075.6
Canada,Rice,2009,541.89,71.09,18.85,45903.8
France,Maize,2019,814.75,84.34,31.53,49332.5
South Africa,Maize,1990,1386.24,18.68,32.7,34383.2
Egypt,Potatoes,2021,2359.73,105.71,28.78,82580.5
Japan,Yams,1994,750.21,16.51,14.14,76921.2
Germany,Soybeans,1992,1282.9,53.92,28.9,20849.6
France,Sorghum,1997,1896.86,39.94,35.91,5714.6
Germany,Sweet potatoes,1997,1014.92,77.81,33.18,65639.5
Mexico,Soybeans,2010,699.77,94.25,29.5,27463.7
Argentina,Rice,2015,1287.86,82.2,25.7,50753.5
France,Yams,2008,2486.09,17.31,33.61,18008.8
South Africa,Sweet potatoes,2020,383.14,79.58,17.69,182413.9
Nigeria,Sweet potatoes,2012,472.18,52.9,37.57,78856.5
Australia,Maize,1996,625.98,233.5,26.66,48247.9
Brazil,Soybeans,2011,2019.31,7.57,20.73,15110.0
Australia,Sorghum,2009,2776.74,9.12,26.34,7205.4
Nigeria,Sorghum,2010,1538.6,51.94,29.98,13804.0
Brazil,Rice,2001,2287.8,7.63,14.3,16572.3
Australia,Yams,2017,2250.46,66.07,37.11,26063.5
Indonesia,Sweet potatoes,2006,1168.28,9.67,32.01,83036.9
United States,Cassava,2022,2981.38,107.49,22.77,59896.8
Brazil,Wheat,2014,852.6,18.79,22.33,36915.4
Canada,Wheat,2018,879.56,15.9,29.12,31064.1
Germany,Soybeans,2016,1741.85,66.33,13.52,18337.6
United States,Cassava,2020,1222.27,42.54,23.96,130095.0
Indonesia,Cassava,1997,282.61,15.56,19.31,119515.3
Mexico,Sweet potatoes,2019,412.45,16.07,32.46,80141.4
Indonesia,Soybeans,1998,992.77,14.85,30.47,23732.5
Japan,Wheat,2019,2927.13,54.33,30.35,8460.3
Mexico,Cassava,2022,1656.51,29.5,14.0,114838.1
Brazil,Wheat,1990,1715.73,9.49,12.7,22602.5
Canada,Wheat,1992,2172.32,58.27,18.9,18738.9
Mexico,Wheat,1995,341.14,252.98,23.64,29852.3
Mexico,Sorghum,2008,2760.8,24.98,23.23,8067.3
United States,Plantains and others,1997,2780.4,136.95,32.42,19138.6
Canada,Plantains and others,2018,1101.11,18.82,21.61,119642.9
Argentina,Maize,2015,2767.25,57.16,20.48,21417.6
India,Maize,1993,259.14,57.65,18.32,38605.1
Brazil,Cassava,2009,2812.47,93.99,13.31,44049.8
Australia,Wheat,2022,1318.11,70.69,15.59,44056.4
India,Yams,1999,992.05,53.24,30.86,57938.6
Mexico,Wheat,2001,222.9,65.21,19.57,38232.2
Mexico,Sorghum,2015,2247.82,31.56,17.38,9412.1
Indonesia,Wheat,2020,817.71,45.0,29.78,32404.7
Egypt,Potatoes,1998,748.42,57.59,13.29,181917.1
Mexico,Yams,2008,1371.59,6.74,20.88,105689.9
India,Sweet potatoes,1992,587.36,21.82,25.59,127057.5
Indonesia,Cassava,2020,1712.15,37.32,31.67,65073.6
Germany,Cassava,1995,1856.42,24.56,27.84,70645.8
Japan,Sorghum,1997,2501.35,65.38,17.53,8689.8
Brazil,Maize,2016,2131.67,114.07,26.75,25473.6
China,Sweet potatoes,2017,966.59,76.07,29.22,119662.4
Indonesia,Sorghum,1998,2101.68,200.53,37.85,5702.9
United States,Rice,1996,723.23,91.27,24.18,40847.7
Egypt,Sorghum,1996,572.49,41.65,28.55,16403.8
Mexico,Yams,1990,2423.85,85.43,15.33,38748.3
Nigeria,Plantains and others,2004,2477.37,53.68,28.99,30551.4
South Africa,Maize,2011,263.09,14.96,22.07,40058.8
Egypt,Rice,2020,1887.06,46.41,31.84,46078.5
Argentina,Sweet potatoes,1995,1296.5,76.87,23.21,131750.0
Indonesia,Soybeans,2003,901.67,139.46,14.25,23492.1
Nigeria,Rice,2000,1284.26,46.37,23.51,53383.7
Japan,Wheat,2015,907.48,16.2,30.39,26915.2
Germany,Potatoes,2008,1061.98,67.06,27.73,171156.5
France,Sorghum,2002,447.86,38.46,35.34,7173.3
Germany,Sweet potatoes,2003,761.8,33.06,18.18,142474.7
France,Yams,2013,2427.59,23.54,25.3,37246.4
Brazil,Sorghum,2017,708.67,141.01,22.34,22932.3
United States,Sorghum,2011,1362.79,63.7,15.67,22674.6
Japan,Plantains and others,2011,2277.91,7.04,23.22,35804.0
Germany,Cassava,2020,1595.08,40.12,32.42,58389.4
Canada,Wheat,2011,2758.24,5.54,15.47,16722.0
Brazil,Cassava,2021,835.93,53.74,27.21,109126.4
India,Maize,2017,1796.69,108.77,31.1,40935.5
Egypt,Maize,1993,2553.34,20.84,29.44,19990.5
Japan,Plantains and others,2001,1384.19,21.89,29.62,51725.5
France,Maize,2008,465.94,25.0,28.31,41850.5
United States,Potatoes,2017,2947.4,35.25,36.26,39531.2
Germany,Soybeans,2002,648.33,21.19,24.16,27812.6
Australia,Sorghum,1994,490.23,33.11,33.51,8797.6
Australia,Sorghum,2022,1235.94,52.66,26.79,21105.7
Indonesia,Sorghum,2001,1499.72,75.54,36.73,9595.1
South Africa,Potatoes,2017,2134.57,6.94,23.48,103878.1
Germany,Cassava,2007,2645.81,94.68,34.45,21247.9
Brazil,Yams,2010,1981.66,46.81,20.27,66510.4
Canada,Soybeans,2006,1520.68,17.29,13.13,16217.6
Canada,Wheat,2020,2415.47,22.08,18.38,18458.1
South Africa,Soybeans,1992,2090.36,50.56,14.84,10345.6
Australia,Sweet potatoes,1994,2234.59,243.08,31.9,44744.4
Brazil,Sweet potatoes,1995,2639.35,12.15,27.09,47003.1
China,Yams,2021,551.46,38.57,35.59,36609.2
Japan,Cassava,1991,1908.7,104.91,15.72,71706.4
Nigeria,Plantains and others,1993,1525.13,20.4,19.51,81137.6
Germany,Sweet potatoes,2002,737.23,21.12,14.82,174701.0
Nigeria,Wheat,1994,1674.88,9.85,22.32,30803.2
Indonesia,Yams,2015,2157.77,111.87,32.07,36636.6
Indonesia,Soybeans,2001,1959.15,51.71,14.83,18499.0
France,Wheat,2005,2168.16,189.87,24.05,18709.0
Australia,Cassava,2018,1199.86,67.85,35.52,69099.7
Brazil,Sorghum,2005,1661.31,51.26,34.04,6228.4
South Africa,Plantains and others,1990,2591.86,75.99,16.59,33778.1
Argentina,Cassava,1997,1582.97,28.17,35.54,43944.3
Canada,Rice,2022,1778.6,30.99,20.99,51517.3
France,Rice,2021,2353.58,42.06,29.28,29918.3
Egypt,Yams,2008,1184.37,219.35,19.92,138633.1
Indonesia,Potatoes,1992,1436.74,11.97,20.87,174001.2
Brazil,Rice,2020,221.44,22.19,20.53,34068.0
Nigeria,Soybeans,2013,1854.96,31.7,18.8,19673.7
China,Cassava,2003,2936.18,25.08,12.0,36802.2
Mexico,Cassava,2020,2631.39,54.16,12.48,52331.7
Brazil,Sorghum,2020,1343.13,16.91,35.21,7593.7
Argentina,Potatoes,1990,2096.57,45.81,36.33,50044.3
France,Yams,1994,579.15,117.35,13.1,99943.9
Argentina,Plantains and others,2016,1173.34,107.79,22.21,110298.5
France,Soybeans,2013,474.75,91.01,28.7,26706.2
Brazil,Potatoes,1991,2269.52,31.98,15.54,78884.4
Argentina,Sorghum,1994,2749.14,87.34,18.28,7356.7
Nigeria,Plantains and others,1999,2140.12,172.49,32.53,25802.9
France,Maize,2001,2861.31,252.71,32.24,15939.9
China,Maize,1999,2438.7,21.91,22.04,17880.5
Egypt,Sorghum,1994,1718.51,57.58,27.4,13802.2
Japan,Plantains and others,1994,360.46,27.39,29.44,49581.0
United States,Rice,2008,2468.24,22.62,34.41,17603.3
Canada,Potatoes,1991,1182.5,6.77,29.88,134038.5
Mexico,Sweet potatoes,2017,708.38,9.68,33.23,65688.5
India,Rice,2000,1188.28,29.74,33.52,33243.6
United States,Maize,2004,1435.66,29.99,20.56,51317.3
China,Yams,2014,2422.49,120.02,28.48,30925.5
South Africa,Plantains and others,2003,1796.24,15.53,37.34,26713.1
Argentina,Maize,1995,1281.1,5.55,37.73,20220.0
India,Potatoes,2005,710.87,66.02,30.34,132727.7
Indonesia,Rice,1995,2531.74,42.03,28.07,21348.8
Brazil,Cassava,2013,483.8,56.85,16.42,116089.5
Argentina,Plantains and others,1999,632.33,10.38,17.59,83395.7
Brazil,Soybeans,2020,2326.6,31.78,36.5,6215.4
South Africa,Plantains and others,1993,2814.22,9.34,14.83,31781.3
Indonesia,Maize,1991,1411.65,33.22,12.94,35667.8
France,Sorghum,1994,2064.19,41.33,34.4,4143.1
India,Potatoes,2023,1594.05,5.97,14.24,159465.9
Germany,Sorghum,2008,1922.84,13.35,24.67,14036.7
Nigeria,Potatoes,2016,1804.98,13.24,15.12,196363.1
Egypt,Yams,2012,2527.93,40.38,12.73,47233.5
United States,Maize,1996,2349.61,48.95,23.36,23420.9
Egypt,Sweet potatoes,2016,1967.24,222.1,33.99,51941.9
Mexico,Cassava,2019,1665.51,29.27,19.81,121625.5
Canada,Cassava,2004,2026.32,66.7,15.6,82183.9
China,Cassava,2013,764.73,271.16,24.37,116098.0
Nigeria,Cassava,2012,1785.22,278.83,17.65,111035.9
Argentina,Soybeans,1999,2324.98,25.85,16.01,8671.0
Mexico,Wheat,2005,2894.29,124.54,26.65,13131.2
Germany,Plantains and others,2011,1711.4,48.18,17.87,91307.4
France,Rice,1995,2072.45,25.2,29.06,32343.4
United States,Wheat,2022,496.84,12.51,25.7,38695.8
Japan,Sorghum,2006,2535.72,26.46,33.61,2820.5
Brazil,Potatoes,2011,215.08,24.02,20.72,173547.1
India,Yams,2008,284.25,23.96,33.47,35921.6
Australia,Sorghum,2021,1544.07,9.79,17.37,18417.0
Japan,Sweet potatoes,2001,1295.42,198.78,37.1,61832.7
Nigeria,Sorghum,1996,2816.5,29.48,19.75,8217.3
India,Rice,2002,2692.45,48.65,23.76,21318.1
Australia,Sorghum,2015,2578.38,9.31,21.98,9353.7
Germany,Maize,1995,1777.47,58.12,15.44,28559.3
Japan,Sorghum,2023,267.91,33.35,35.91,8471.7
China,Maize,1993,1831.16,6.19,34.6,19310.5
Mexico,Wheat,2006,1999.01,34.88,27.22,16250.6
France,Cassava,2015,1487.22,92.39,14.87,119832.6
Argentina,Rice,2019,1911.5,163.86,20.83,45903.5
Germany,Sorghum,1997,1818.13,42.53,26.96,13783.3
Egypt,Plantains and others,1991,1632.36,21.09,24.66,82075.8
Indonesia,Cassava,2000,2196.99,86.79,25.81,62735.8
Indonesia,Cassava,2002,1922.1,101.09,30.47,56488.4
Japan,Soybeans,2006,2479.02,44.47,20.57,10428.5
Germany,Plantains and others,1991,1976.18,90.47,29.2,45473.6
Brazil,Cassava,1991,986.81,45.27,24.62,97750.2
Indonesia,Sorghum,2020,2635.69,21.18,16.99,10733.5
Indonesia,Wheat,2018,470.52,78.14,12.75,37780.9
Nigeria,Yams,2011,226.08,271.04,34.97,45596.3
China,Maize,2004,1841.58,140.55,13.34,22515.5
United States,Sorghum,2007,805.08,136.7,31.66,11431.9
Australia,Potatoes,2007,1325.93,11.5,28.37,145303.2
France,Maize,2016,571.62,120.85,30.33,41991.9
Egypt,Yams,2021,952.82,170.3,35.04,58571.1
Indonesia,Maize,2006,651.39,25.67,27.76,47273.0
Nigeria,Yams,2022,2831.23,138.54,30.68,36665.5
India,Soybeans,2015,626.49,14.03,21.19,26073.1
Argentina,Plantains and others,1996,1422.42,7.9,37.37,36730.8
Mexico,Plantains and others,1991,685.53,61.88,29.21,59826.7
Canada,Yams,2022,1374.05,46.61,29.79,82208.6
Nigeria,Plantains and others,2000,976.31,34.92,22.0,108853.1
Indonesia,Maize,2014,2592.18,95.92,25.35,24654.7
Nigeria,Maize,1994,2964.83,49.8,21.81,21462.6
South Africa,Yams,1998,1238.05,12.9,19.23,88529.3
Nigeria,Sweet potatoes,2016,2593.24,59.08,37.93,32923.3
Japan,Cassava,2017,1317.58,12.07,24.12,105402.6
United States,Potatoes,1998,1619.82,72.83,33.88,77392.2
France,Maize,2009,2614.27,38.22,23.76,19266.3
Argentina,Wheat,2003,1379.98,34.02,36.58,14016.9
South Africa,Wheat,2006,499.55,311.87,15.78,30344.0
South Africa,Sorghum,2022,2911.36,31.39,13.82,8388.7
Egypt,Wheat,2001,2668.72,54.47,17.59,17650.5
Brazil,Sorghum,2012,382.22,31.15,31.44,10593.0
Argentina,Potatoes,2005,948.66,80.85,31.31,119992.8
France,Maize,2007,2774.43,57.42,33.33,16622.0
China,Maize,1998,2619.39,80.09,18.3,17221.5
India,Rice,2019,2935.82,25.14,37.06,10207.2
China,Soybeans,2023,831.95,21.37,20.62,26223.2
Germany,Maize,2004,2977.14,10.75,12.26,11686.2
Egypt,Potatoes,2013,2770.26,24.99,34.43,42001.5
United States,Sweet potatoes,2018,1932.03,64.03,34.63,44228.5
United States,Yams,1990,2970.82,62.56,21.74,43080.4
Japan,Wheat,2015,2247.16,68.64,14.57,15918.6
Japan,Plantains and others,2014,878.96,14.19,21.76,83662.2
Australia,Yams,2010,2973.09,9.1,15.39,44171.3
Argentina,Potatoes,2019,947.21,62.54,15.45,229367.8
Nigeria,Rice,2019,2474.5,46.52,25.09,28726.9
Nigeria,Cassava,1994,366.97,21.27,14.48,131788.6
India,Potatoes,2015,2891.09,76.55,19.75,97396.6
Nigeria,Wheat,2021,1784.71,47.44,30.25,22609.5
Indonesia,Sorghum,2009,2688.29,44.31,23.69,9127.5
Nigeria,Sweet potatoes,1995,346.99,67.17,17.47,147761.9
Nigeria,Plantains and others,2004,2389.22,13.74,13.25,41975.0
Argentina,Sweet potatoes,2007,1932.99,46.0,35.53,51981.2
Argentina,Maize,2015,1671.73,78.92,13.34,31416.9
Brazil,Sweet potatoes,2003,853.14,14.57,34.76,57649.3
Brazil,Plantains and others,2000,218.41,59.22,19.04,70689.0
Egypt,Wheat,2017,1609.56,27.88,24.87,39978.2
Australia,Sorghum,2022,2359.74,25.38,32.65,4383.1
France,Soybeans,2002,364.8,133.85,34.02,20005.7
South Africa,Yams,2007,1646.74,35.88,13.47,78314.0
Germany,Soybeans,1992,2421.49,23.19,19.53,10587.4
Japan,Sweet potatoes,2005,2619.26,35.11,14.46,58140.1
India,Yams,2008,724.93,65.02,34.46,48065.0
South Africa,Sorghum,1993,1619.22,9.52,15.54,15492.4
Egypt,Maize,2002,2606.99,47.24,12.99,15007.8
Indonesia,Sorghum,2016,1170.53,37.61,21.03,29729.8
China,Potatoes,1990,1368.26,70.66,17.61,161703.0
France,Potatoes,2002,1559.1,138.24,24.66,168518.2
Egypt,Rice,2002,2823.28,7.52,15.99,16218.2
China,Wheat,2004,2837.22,13.46,22.1,12302.7
Germany,Sweet potatoes,2016,1451.45,28.2,16.52,175685.6
Germany,Cassava,2021,887.2,60.69,37.34,70323.2
France,Cassava,2011,225.42,63.8,12.82,117535.5
China,Yams,1995,598.82,77.17,15.35,81013.3
China,Yams,2023,2188.23,5.74,30.07,38232.4
India,Yams,1990,2784.53,5.1,26.32,29143.3
United States,Rice,1994,1477.83,26.09,24.98,51711.0
Japan,Rice,2001,1566.38,44.04,32.85,34051.1
Indonesia,Maize,2009,2402.55,45.89,18.01,21640.8
Argentina,Wheat,2012,1466.79,76.72,14.37,32600.1
Mexico,Plantains and others,2012,572.0,57.81,12.84,91984.3
Japan,Sweet potatoes,2002,2313.36,75.08,28.13,43642.5
South Africa,Yams,1990,2546.16,59.33,22.83,36166.3
United States,Potatoes,1994,1104.23,9.68,17.13,204046.6
Argentina,Sorghum,1990,615.62,62.13,35.55,8143.0
Brazil,Wheat,2017,1295.54,52.62,21.85,33924.3
Germany,Maize,2015,1529.78,11.16,35.44,28855.7
South Africa,Plantains and others,2020,1130.62,28.18,14.6,90848.3
Australia,Maize,2011,2413.98,27.46,36.47,12116.8
Australia,Potatoes,1993,910.04,17.9,35.26,83741.7
South Africa,Cassava,1990,489.61,12.43,30.6,59687.5
Nigeria,Sorghum,2008,523.08,10.21,20.27,21052.0
Canada,Cassava,1993,2333.66,5.03,23.41,47660.4
Indonesia,Rice,1991,2319.66,184.09,15.98,24859.9
Canada,Maize,1992,1238.94,74.18,27.05,51600.1
Mexico,Potatoes,2018,822.64,20.14,26.68,200805.3
South Africa,Maize,2008,890.16,106.37,27.19,60585.6
France,Plantains and others,1994,997.27,14.49,23.89,89601.5
France,Cassava,2019,1606.42,36.1,18.02,118869.9
Germany,Soybeans,2016,1913.33,5.11,29.43,19199.4
France,Cassava,2002,2405.71,92.17,19.54,53110.6
Argentina,Plantains and others,2017,1544.36,125.29,28.7,66529.5
Canada,Potatoes,2012,1682.17,89.41,34.41,74987.3
Germany,Yams,2020,844.31,23.05,13.89,124104.6
Mexico,Soybeans,2011,2494.87,50.52,16.39,9657.8
Argentina,Sorghum,2021,465.28,34.39,37.86,8101.5
United States,Yams,2021,1766.39,55.43,17.77,113750.8
Japan,Potatoes,2008,2285.63,20.24,25.53,70805.4
India,Maize,2007,447.93,72.52,17.71,45819.0
Germany,Sorghum,1993,2900.7,91.99,14.85,7083.4
Brazil,Potatoes,2014,1278.84,68.68,28.22,150772.0
Canada,Yams,2003,508.0,5.21,20.5,125379.9
South Africa,Maize,2009,910.21,20.0,31.19,42211.2
Egypt,Sorghum,2007,1982.78,7.77,36.15,6302.0
United States,Plantains and others,2006,353.42,329.24,21.32,95047.5
Argentina,Maize,1999,2942.43,12.09,16.05,15984.9
Germany,Maize,2002,681.69,107.34,37.54,22636.4
Mexico,Yams,2001,983.91,56.53,36.89,44943.0
India,Rice,2013,2465.88,24.71,30.33,26529.4
Japan,Yams,2008,1097.99,86.39,14.37,97521.4
South Africa,Cassava,1995,2795.8,117.93,21.89,46815.7
United States,Potatoes,2015,605.49,16.85,15.14,243892.0
France,Potatoes,1996,917.8,35.05,16.36,160820.6
Nigeria,Cassava,2017,1395.96,10.89,27.47,104269.3
Egypt,Potatoes,2007,1261.44,44.47,14.1,213067.5
China,Rice,2000,2183.56,140.4,36.48,16343.1
Canada,Plantains and others,1994,2216.76,11.73,21.22,47691.5
Germany,Cassava,2007,1838.56,78.85,15.32,98371.0
France,Sweet potatoes,2010,2697.99,33.21,25.79,65405.4
Egypt,Sweet potatoes,2005,1992.66,226.22,20.45,116234.1
Nigeria,Rice,2011,2356.41,57.39,25.37,36650.2
Argentina,Cassava,2011,1012.05,85.59,21.36,141393.5
Indonesia,Sorghum,2005,487.49,7.08,14.36,22066.1
Germany,Sorghum,2014,2177.84,146.56,34.21,5014.3
Indonesia,Yams,1992,2239.96,160.13,19.21,62458.9
Indonesia,Maize,2009,2798.57,11.38,26.13,25009.7
Nigeria,Plantains and others,2022,2916.43,7.72,36.59,18623.3
Japan,Sorghum,2015,2973.02,32.53,23.13,7876.6
United States,Sweet potatoes,1992,399.91,36.91,18.79,150345.9
South Africa,Sweet potatoes,2009,2603.38,41.49,31.68,33989.5
Germany,Potatoes,2016,1994.38,13.41,17.98,119649.1
United States,Potatoes,1998,1267.74,24.78,35.74,89116.7
South Africa,Maize,2020,358.95,105.41,30.8,47978.4
France,Potatoes,1990,1513.7,35.88,15.78,158985.4
India,Maize,2020,1696.14,145.61,23.31,53823.0
South Africa,Wheat,2017,2937.32,99.94,30.12,11463.1
Canada,Rice,2021,1688.74,19.34,23.71,55970.2
China,Sweet potatoes,2013,2722.19,56.37,16.71,56392.9
Germany,Sorghum,2021,2331.48,76.57,22.85,9491.1
Mexico,Wheat,2007,1483.77,37.47,27.15,26198.6
Argentina,Soybeans,2005,2586.13,15.01,19.14,11170.8
Japan,Rice,2016,1430.44,41.3,27.09,46013.5
Nigeria,Yams,2001,2572.53,48.82,22.16,47959.3
Japan,Maize,2022,754.1,17.22,12.42,27999.6
India,Soybeans,2017,2036.56,167.29,12.65,11746.0
Brazil,Potatoes,2018,765.04,22.12,30.2,132838.3
Indonesia,Soybeans,1990,807.69,33.33,19.15,25925.3
United States,Cassava,2004,2544.37,13.15,19.96,52580.6
United States,Rice,2011,884.07,147.87,22.92,55379.2
Indonesia,Rice,2022,2405.58,36.01,22.96,32752.4
Japan,Maize,2004,1331.67,19.5,15.19,37917.7
India,Cassava,1992,1304.65,12.38,14.65,107265.3
France,Sorghum,1990,2787.53,77.53,33.72,3723.1
Germany,Sweet potatoes,1998,2523.35,29.89,20.56,71925.5
Japan,Soybeans,1995,406.38,26.94,18.51,20321.2
France,Rice,2008,2676.08,35.06,19.1,17664.0
Japan,Sorghum,2011,2663.03,53.93,15.54,8200.0
United States,Potatoes,2007,1840.83,71.13,35.86,84680.2
Mexico,Soybeans,1994,2014.68,86.09,18.28,14803.5
China,Yams,2013,2633.88,179.07,37.93,18217.3
Japan,Sorghum,1994,1541.26,72.18,21.15,16901.4
Brazil,Yams,2021,2473.85,234.98,36.43,18977.9
United States,Wheat,1998,2677.59,48.92,32.62,6994.5
Egypt,Potatoes,1994,1020.57,45.56,35.38,88934.2
Nigeria,Maize,2009,677.98,19.44,33.19,47609.6
United States,Plantains and others,2002,2676.73,49.49,23.32,39008.1
France,Yams,1999,2812.45,48.68,17.94,45889.5
Argentina,Rice,2018,635.81,78.87,37.92,21571.0
Germany,Soybeans,2010,1747.0,14.0,37.25,11647.2
Nigeria,Soybeans,1993,1541.62,116.78,26.46,22340.5
Egypt,Sweet potatoes,1995,388.46,7.42,17.76,172478.6
Canada,Plantains and others,2011,1894.18,51.85,17.42,86297.6
Argentina,Potatoes,2015,411.34,15.99,16.28,195367.2
South Africa,Wheat,2012,264.45,54.09,22.25,32932.5
India,Sweet potatoes,1992,1163.78,50.85,18.81,143168.8
Nigeria,Rice,2018,2010.09,11.76,29.61,43842.1
Germany,Cassava,1992,588.38,22.89,36.71,48651.1
United States,Sorghum,1997,2858.69,81.98,21.25,8741.6
United States,Cassava,2002,1326.76,113.09,37.92,56624.9
Brazil,Soybeans,2007,1424.36,91.08,31.06,19678.0
Indonesia,Wheat,2007,1267.79,13.65,12.96,33842.9
Canada,Sweet potatoes,1995,1482.93,6.46,25.36,120282.6
Germany,Cassava,2011,2311.92,16.51,34.37,21067.0
Australia,Maize,2015,1856.16,101.91,13.88,31540.6
Brazil,Cassava,2016,1164.8,97.75,36.93,46551.1
Canada,Maize,1995,1603.03,82.77,30.17,39092.0
Indonesia,Sorghum,2023,1722.19,81.59,34.54,8866.4
South Africa,Wheat,2019,1124.73,22.37,30.35,20429.2
Indonesia,Yams,2011,1429.58,26.3,26.44,110210.2
France,Wheat,2015,1563.02,29.7,14.86,32575.0
Mexico,Maize,2022,1304.37,92.55,34.17,40950.4
Canada,Rice,1994,344.23,47.17,15.02,29029.7
Nigeria,Cassava,2022,660.43,75.4,13.57,141809.0
United States,Potatoes,2004,468.19,99.18,28.88,146347.3
South Africa,Sorghum,1996,2642.64,8.6,14.18,7268.2
China,Potatoes,1994,2582.58,47.76,15.14,62161.6
United States,Sorghum,1992,2987.59,104.71,23.87,7376.0
South Africa,Soybeans,1999,1068.01,74.98,31.83,20969.2
Australia,Maize,2000,2859.84,47.03,19.01,19850.8
Canada,Cassava,2008,1009.3,30.22,30.02,101680.0
Canada,Maize,2014,1580.26,23.45,15.79,46725.0
Brazil,Rice,2006,2622.79,39.07,24.02,16315.8
Australia,Plantains and others,2000,1009.77,59.18,36.85,42817.4
South Africa,Yams,1996,1227.18,11.6,28.69,61370.3
Canada,Maize,2008,2212.29,14.38,17.38,24078.8
Germany,Wheat,2020,651.86,116.16,13.86,43534.5
Nigeria,Wheat,2014,2249.34,196.0,17.06,23599.9
Australia,Potatoes,1999,1928.94,90.16,27.65,118836.7
Brazil,Sweet potatoes,1999,762.75,6.21,15.95,142710.0
Germany,Sorghum,2000,578.05,36.92,25.99,18284.3
Japan,Rice,2008,1252.82,39.33,21.36,47584.6
Indonesia,Sorghum,2000,2267.25,42.81,23.15,9915.2
United States,Soybeans,1990,1462.48,67.69,28.13,23673.2
Mexico,Potatoes,2023,2948.74,89.52,26.61,65943.2
Germany,Maize,2015,2150.19,35.85,15.76,24346.9
China,Potatoes,2007,2725.22,9.49,20.82,71110.7
Germany,Rice,2016,1864.54,19.22,13.34,33244.8
France,Sweet potatoes,2022,2608.46,206.61,15.01,70751.1
United States,Maize,2018,756.48,13.61,14.41,45458.1
Egypt,Maize,2007,598.57,9.86,19.77,64473.0
Egypt,Yams,2016,1747.61,46.15,16.37,112745.9
Australia,Rice,2015,885.5,47.95,12.19,31669.5
Mexico,Soybeans,2002,421.19,58.69,29.46,24026.6
India,Plantains and others,2023,2869.09,10.72,22.57,38859.3
Egypt,Soybeans,2023,2210.35,43.77,35.76,11764.0
Canada,Maize,2021,1755.97,57.61,29.0,47376.4
Australia,Yams,2019,2251.09,80.35,33.93,24425.8
Australia,Plantains and others,2019,2902.8,28.57,13.11,46159.2
Canada,Yams,1992,1585.26,128.43,14.65,100039.1
Argentina,Wheat,2014,2706.61,18.37,30.36,10086.4
Argentina,Plantains and others,2014,2250.29,39.1,33.25,21804.8
Indonesia,Potatoes,1995,1311.75,87.94,17.61,189133.6
China,Maize,2011,1208.42,53.71,14.63,41256.9
Mexico,Cassava,2008,465.27,108.85,19.6,128099.1
Argentina,Cassava,2016,1259.9,50.52,31.35,76056.7
South Africa,Sweet potatoes,2001,359.8,47.05,21.78,114686.9
Germany,Cassava,1996,743.88,11.43,25.54,95608.8
Australia,Plantains and others,1999,1913.23,38.87,33.68,29788.2
Egypt,Sorghum,2008,2702.95,137.07,23.58,9928.2
Indonesia,Cassava,2003,2954.79,57.88,31.4,27174.2
United States,Sorghum,1993,226.64,7.75,24.81,14484.7
Canada,Plantains and others,2010,816.22,29.05,27.9,75177.6
Australia,Soybeans,2020,2461.21,44.91,35.29,8366.8
South Africa,Maize,2002,1020.2,53.06,30.04,46092.9
Canada,Cassava,2006,2591.79,67.72,33.48,22921.1
Canada,Soybeans,2001,1646.2,13.13,26.73,26265.3
Australia,Rice,2005,560.49,54.25,25.63,47868.6
Argentina,Plantains and others,2016,1623.54,69.07,14.04,90824.0
Argentina,Potatoes,2016,529.05,37.32,29.58,145218.0
Argentina,Wheat,2023,840.73,37.79,12.19,39716.0
Egypt,Maize,2000,1305.86,69.11,21.54,61592.5
Indonesia,Sweet potatoes,2018,463.57,78.41,22.77,178930.6
United States,Potatoes,2011,2978.67,86.44,17.57,102868.8
Indonesia,Potatoes,2005,2439.4,27.03,16.79,113750.5
France,Sweet potatoes,2002,2282.99,106.45,26.04,54066.3
Egypt,Sweet potatoes,2003,220.13,60.16,32.6,73287.6
China,Rice,2003,1614.65,21.86,27.62,34753.5
Australia,Cassava,1993,822.16,79.26,24.61,111705.9
Brazil,Rice,2006,1064.98,58.17,12.83,30126.9
Nigeria,Cassava,2001,2661.56,22.34,34.16,21995.3
South Africa,Wheat,1996,2750.21,38.21,20.26,13664.6
United States,Cassava,1990,911.67,16.89,18.36,121218.1
Australia,Wheat,2015,315.0,5.58,28.07,28392.1
France,Potatoes,1991,2687.14,37.83,20.2,69187.0
Japan,Sorghum,1999,1013.35,29.73,29.93,11880.4
Argentina,Potatoes,2010,2293.51,86.46,27.67,65732.4
China,Rice,2005,2536.18,11.28,17.71,19960.3
Indonesia,Rice,2010,2058.31,34.09,24.06,48378.6
Argentina,Sorghum,1992,2847.07,47.3,17.57,7918.6
Japan,Wheat,1992,957.93,90.98,21.77,31810.4
South Africa,Sorghum,1998,580.56,27.54,18.73,16259.9
South Africa,Maize,2004,2497.84,6.53,21.09,20806.6
Mexico,Maize,2011,2745.0,20.45,22.96,21253.2
Brazil,Potatoes,1990,729.57,76.1,29.39,111138.1
United States,Cassava,2022,2525.8,62.03,34.62,27231.4
Japan,Wheat,2003,1505.37,171.55,26.0,26118.6
Canada,Maize,1993,881.25,112.06,16.5,42804.3
France,Soybeans,2001,843.01,56.27,13.52,20852.5
Mexico,Rice,1996,1493.02,19.56,33.25,33225.9
Argentina,Potatoes,2000,1248.2,34.61,25.26,168940.5
Mexico,Soybeans,1991,314.25,80.21,20.59,22448.4
Nigeria,Sweet potatoes,1997,1479.97,123.12,23.91,156224.0
Brazil,Plantains and others,2008,289.11,50.98,26.05,72747.4
Canada,Maize,2002,2356.35,147.16,34.37,15720.2
Mexico,Yams,1996,2978.79,58.87,22.29,36902.2
Indonesia,Wheat,2021,2297.08,22.45,30.37,11977.8
Argentina,Cassava,2004,516.65,73.76,24.14,119041.7
United States,Plantains and others,1991,528.52,19.41,36.17,35119.2
Indonesia,Potatoes,2011,2872.68,46.97,13.88,96242.7
France,Soybeans,2002,627.04,58.47,23.93,30957.0
Nigeria,Soybeans,2017,769.06,87.93,23.84,34805.2
Germany,Yams,2015,2659.55,34.48,12.68,44901.0
China,Wheat,1992,1242.56,60.08,27.61,25260.9
Brazil,Cassava,2006,485.8,16.48,16.59,105683.6
Egypt,Yams,1991,1543.55,24.26,26.56,92190.4
India,Sweet potatoes,1999,1170.31,7.04,21.82,140976.3
Egypt,Plantains and others,2018,1652.94,18.91,31.95,50660.7
South Africa,Potatoes,2010,2100.54,193.49,33.62,47678.6
Canada,Cassava,1992,2242.08,47.35,13.8,56821.1
France,Wheat,1996,2943.79,9.56,22.32,13445.3
Mexico,Sorghum,1994,1694.99,82.21,15.98,17031.9
Indonesia,Soybeans,2003,1534.35,23.54,20.05,27730.7
Japan,Sweet potatoes,2009,212.39,13.36,12.15,127746.7
Japan,Yams,2018,1983.08,13.09,37.26,30810.7
Indonesia,Maize,1992,497.26,38.48,16.3,38196.5
Mexico,Soybeans,2023,2678.81,165.45,17.88,12075.4
China,Sweet potatoes,1994,1937.98,162.4,27.63,80108.9
South Africa,Plantains and others,1999,2404.18,70.62,26.94,30574.8
Argentina,Sorghum,1996,1096.09,12.23,33.04,7659.5
Germany,Potatoes,2006,602.38,42.91,37.81,75330.5
Argentina,Potatoes,2009,2518.94,120.19,19.51,86427.7
China,Sweet potatoes,2011,1546.6,137.18,31.56,73747.3
Nigeria,Soybeans,2018,2498.41,42.41,33.45,9772.1
Germany,Rice,2022,971.97,13.23,36.18,29296.1
Brazil,Maize,2014,256.01,34.47,32.45,36445.8
Japan,Yams,2007,392.79,105.94,23.12,97303.3
India,Sweet potatoes,2014,1086.56,14.61,24.57,157147.9
Brazil,Maize,2023,762.35,53.18,17.25,48255.3
Argentina,Rice,2004,2022.31,81.46,24.28,43936.0
India,Soybeans,2017,2905.88,120.69,12.79,8102.8
South Africa,Cassava,2013,1962.93,62.83,15.56,86349.7
Australia,Yams,1993,1950.23,82.04,37.8,33197.2
South Africa,Maize,2001,2321.48,108.85,22.61,20624.2
Argentina,Sorghum,2015,1935.08,23.29,19.75,16597.6
Canada,Sorghum,2005,1577.94,6.33,37.32,9146.0
Egypt,Cassava,1993,2645.32,44.26,23.4,52015.3
Canada,Yams,1999,2974.11,101.42,20.47,46858.9
India,Yams,2003,1286.19,47.27,31.26,59036.2
Argentina,Soybeans,2022,2504.3,54.06,26.02,13592.2
France,Cassava,2014,889.25,75.17,28.63,94540.0
Argentina,Sorghum,2008,1946.72,82.68,37.9,5077.3
Egypt,Sorghum,1997,463.24,42.09,25.18,21007.1
Egypt,Rice,2015,2792.57,20.74,28.89,19601.7
Germany,Maize,2011,2219.32,41.39,32.13,21550.7
Indonesia,Sorghum,2017,386.38,105.47,17.38,25640.5
Japan,Wheat,2004,531.88,36.94,18.15,34522.6
United States,Rice,2007,618.84,60.07,37.78,19654.0
Mexico,Plantains and others,2007,1750.14,75.08,34.83,37683.2
Canada,Soybeans,2019,959.55,36.33,32.23,31806.7
Nigeria,Sorghum,1996,1672.38,14.53,26.18,15764.6
Germany,Potatoes,1994,2717.03,218.05,30.36,51365.8
China,Cassava,2001,2807.09,43.83,16.86,47368.1
Nigeria,Sorghum,2021,2355.41,42.09,17.65,11164.7
United States,Plantains and others,1993,234.82,36.61,25.95,69782.4
India,Sorghum,2020,2746.03,119.51,23.79,8361.3
Germany,Wheat,2013,625.51,26.81,24.06,33145.3
South Africa,Wheat,2001,2488.97,44.56,15.46,12371.4
Canada,Sorghum,1992,2235.76,118.71,31.57,5311.4
United States,Wheat,2010,1832.68,15.2,28.87,22872.0
South Africa,Cassava,1999,831.59,8.24,16.01,110309.9
Australia,Plantains and others,2010,2340.58,21.08,15.5,46741.0
South Africa,Potatoes,2008,2795.67,49.86,18.86,79736.0
France,Wheat,2008,1904.56,20.07,37.65,10979.4
Mexico,Potatoes,1991,2441.28,71.8,32.23,40711.5
France,Sweet potatoes,1991,2729.32,6.79,30.96,35358.6
Germany,Cassava,2020,2522.52,9.45,23.48,58621.4
United States,Maize,2014,2399.69,59.94,20.27,24281.6
Argentina,Maize,2003,560.29,110.85,13.5,34097.8
South Africa,Sweet potatoes,2006,1759.53,29.86,26.39,105342.8
India,Rice,1994,1334.97,53.41,35.53,29085.1
India,Yams,1991,526.07,19.71,21.92,84484.0
Japan,Yams,1996,1222.69,10.71,22.33,87259.3
Germany,Potatoes,1993,2488.94,95.97,19.46,83557.8
Germany,Wheat,1994,2993.81,9.9,12.48,10334.9
Egypt,Sorghum,2016,635.4,10.65,15.99,24785.3
United States,Yams,2002,1924.91,18.13,15.5,65816.2
United States,Yams,2007,990.22,38.17,36.45,46021.7
United States,Cassava,1995,515.13,25.39,34.37,55074.4
China,Potatoes,2016,1197.45,137.4,20.17,214443.4
South Africa,Plantains and others,2019,1090.96,17.63,14.11,88178.8
France,Soybeans,2015,580.38,40.97,18.36,26241.8
Egypt,Wheat,1997,2874.03,7.63,36.07,6848.0
Indonesia,Sorghum,2019,513.29,82.84,15.34,25365.8
China,Yams,2008,824.88,17.67,23.92,109356.2
Mexico,Sorghum,1998,284.82,63.87,32.59,8233.0
Canada,Cassava,1995,2172.96,13.61,20.21,64666.9
Japan,Cassava,2015,1446.9,18.19,17.19,118864.6
Australia,Wheat,2017,2095.44,88.99,19.19,22847.5
United States,Rice,2022,1364.85,5.9,17.85,46804.2
India,Maize,2002,2129.11,89.23,15.4,22477.9
South Africa,Potatoes,1991,1083.81,37.35,33.74,74003.4
India,Maize,2016,2658.59,8.07,21.42,20223.2
France,Plantains and others,2012,2285.72,26.98,14.2,36163.5
China,Cassava,1990,1877.6,41.12,33.25,32220.8
South Africa,Wheat,2004,236.9,145.11,34.44,12988.6
Brazil,Potatoes,2023,1837.37,30.04,23.33,146684.1
Japan,Plantains and others,2022,1595.11,40.99,23.34,87894.7
Egypt,Plantains and others,2013,1489.47,21.04,19.41,106049.9
China,Yams,2001,711.88,39.55,17.34,92191.8
South Africa,Yams,2005,1223.36,6.97,15.54,92962.5
Germany,Sorghum,1997,1437.79,77.0,23.56,18118.4
France,Yams,1995,1376.51,11.71,18.47,81541.0
India,Yams,2013,1839.21,84.12,34.77,30532.7
Argentina,Potatoes,2002,1502.63,92.62,12.88,155937.7
Argentina,Plantains and others,2010,1612.56,10.92,16.31,83577.7
Indonesia,Sorghum,1990,2855.95,57.99,34.13,3580.4
India,Plantains and others,1990,535.53,40.68,26.67,71732.3
China,Cassava,2001,1858.54,119.29,29.03,58847.0
Egypt,Rice,2000,2130.6,74.19,30.08,43921.3
France,Sweet potatoes,1997,1073.98,43.37,18.49,172067.1
China,Soybeans,1995,2445.43,53.26,26.76,8446.5
Egypt,Potatoes,2022,659.82,73.22,27.5,217731.2
Argentina,Plantains and others,2005,646.46,205.1,18.75,112823.5
Egypt,Sorghum,2019,1141.0,12.27,28.6,20915.9
Canada,Potatoes,2015,585.21,21.51,26.56,208616.9
Japan,Potatoes,2018,581.64,11.63,36.33,79957.3
India,Potatoes,1994,1698.47,7.4,28.12,135341.8
Germany,Sorghum,2002,957.63,55.75,36.57,8042.4
India,Soybeans,2009,1745.32,45.44,20.33,24828.9
India,Potatoes,2018,1570.93,30.25,27.02,180991.4
France,Maize,2003,551.02,96.69,21.9,49531.4
France,Maize,2005,417.5,26.59,25.48,48269.2
United States,Sweet potatoes,2017,2210.88,23.34,20.86,96030.2
Nigeria,Wheat,2023,2174.88,32.33,14.29,20817.6
United States,Potatoes,1992,2388.55,25.35,29.32,61088.4
South Africa,Plantains and others,1996,989.31,6.7,24.3,74667.0
Indonesia,Cassava,2021,1783.39,56.2,32.33,68988.9
France,Cassava,2016,1101.44,66.09,34.55,61239.5
Indonesia,Soybeans,2023,370.69,13.35,24.01,32729.2
India,Plantains and others,2012,1942.72,16.32,21.97,73249.2
Egypt,Sorghum,2010,2750.53,13.25,16.44,10462.9
France,Plantains and others,2006,2141.73,81.29,36.38,21843.9
France,Sorghum,2017,2720.57,57.49,29.4,6118.0
South Africa,Maize,2002,2368.72,12.1,37.01,8564.2
Australia,Potatoes,2018,1209.19,71.53,25.49,204476.0
Australia,Potatoes,1992,1791.1,19.94,28.58,114742.5
Germany,Yams,2006,332.18,26.87,17.04,102347.8
United States,Soybeans,2000,440.18,110.69,18.54,25905.9
Egypt,Potatoes,2016,837.79,99.35,37.07,102169.3
China,Rice,2017,2645.61,137.47,28.47,18226.4
India,Yams,2021,2302.82,23.3,33.7,20476.3
Egypt,Plantains and others,1996,698.33,22.46,24.47,85975.8
Canada,Soybeans,2003,1526.02,19.83,35.15,16607.5
Japan,Sweet potatoes,1992,2059.97,10.18,15.29,75173.0
Australia,Yams,2004,2699.13,63.69,22.83,53377.7
Indonesia,Yams,2001,863.02,52.98,12.49,110403.5
India,Soybeans,1999,1305.24,28.97,16.05,22043.3
France,Sweet potatoes,1998,1407.43,91.04,18.22,162349.4
India,Wheat,1993,768.32,42.1,29.41,24450.0
India,Potatoes,2014,2509.49,14.99,17.8,95198.4
Egypt,Yams,2017,842.66,20.52,13.25,133604.7
Japan,Maize,1996,441.0,45.27,15.15,35045.3
Canada,Wheat,2000,2020.67,17.97,21.94,24118.6
China,Sorghum,2002,1464.34,8.27,15.01,14247.7
Brazil,Rice,2004,287.78,125.62,21.89,33961.5
Brazil,Sorghum,1998,2530.79,17.82,29.64,4756.5
Mexico,Yams,1995,2750.84,93.92,31.17,23403.6
Japan,Cassava,2019,1195.43,61.58,28.49,79327.1
United States,Plantains and others,2001,923.71,27.73,15.53,102032.4
Brazil,Maize,1997,1160.61,89.45,20.94,46162.9
Mexico,Sweet potatoes,2003,1119.03,23.91,23.0,155419.6
Canada,Cassava,2010,2273.95,33.04,36.77,26566.3
Brazil,Cassava,2004,486.2,39.03,25.1,115402.7
Canada,Plantains and others,2017,2475.97,91.73,35.7,20608.9
India,Soybeans,2021,1190.84,100.31,36.28,17485.5
China,Potatoes,2023,2227.69,30.91,37.16,41057.4
South Africa,Maize,2007,330.39,24.58,32.54,37307.4
Mexico,Sweet potatoes,1992,225.78,30.79,19.3,125356.8
India,Potatoes,1991,714.03,15.06,14.81,182790.8
China,Rice,2003,636.86,10.4,27.4,38685.7
United States,Sweet potatoes,2014,2021.95,24.27,20.22,119922.3
Indonesia,Sweet potatoes,2003,2163.96,46.26,22.64,83551.5
Mexico,Cassava,2014,667.69,8.41,15.72,116142.1
South Africa,Plantains and others,2018,2706.78,49.57,26.81,36335.6
Germany,Sweet potatoes,2003,770.36,108.1,13.94,151433.9
India,Sweet potatoes,2018,541.06,57.65,12.06,136951.8
United States,Wheat,2022,2027.0,34.51,23.4,22476.1
Indonesia,Potatoes,2019,1796.34,6.1,16.92,185828.0
South Africa,Sorghum,2006,2963.23,31.84,13.76,6429.2
Germany,Potatoes,2023,300.73,10.04,19.36,195861.5
China,Cassava,2011,438.94,22.06,13.99,112367.3
China,Sweet potatoes,2009,2787.28,105.32,26.17,62801.4
United States,Sorghum,2010,625.21,61.16,37.54,8790.6
Germany,Wheat,2015,505.71,126.61,20.59,36421.9
United States,Soybeans,2005,559.56,61.89,33.93,20407.4
South Africa,Rice,2017,930.67,170.5,37.0,22943.8
Argentina,Potatoes,1994,2370.35,12.6,37.29,27646.0
China,Yams,1996,1817.25,33.05,17.03,63775.2
Egypt,Rice,2008,969.83,39.25,21.91,64056.2
China,Yams,2013,1396.8,196.36,28.48,78959.0
Mexico,Plantains and others,2022,1013.55,25.38,28.81,76704.8
Canada,Cassava,2001,2591.71,24.59,25.27,55947.2
India,Sorghum,1996,346.64,38.02,33.03,7522.2
Canada,Cassava,2003,2183.59,5.41,14.8,72257.1
Egypt,Cassava,2001,1735.79,15.19,18.03,102028.9
Brazil,Sweet potatoes,2019,980.14,23.78,13.04,137742.4
Japan,Yams,1991,1517.96,5.92,14.28,69890.9
Australia,Wheat,1999,2621.58,111.07,26.87,14687.2
China,Wheat,1993,1291.89,36.19,32.85,12862.4
United States,Rice,2011,552.01,27.17,24.52,48443.7
Germany,Soybeans,2010,2418.3,41.8,28.59,11944.1
Brazil,Yams,2015,647.86,28.96,14.94,97682.7
Brazil,Sorghum,2007,2704.83,45.71,20.59,8739.1
Mexico,Sorghum,2018,1907.78,11.6,13.84,12308.6
Argentina,Potatoes,2001,1780.97,76.17,24.21,164267.7
Japan,Soybeans,1995,1960.47,54.57,12.88,9856.7
Canada,Sweet potatoes,2004,1981.7,23.85,21.35,117032.7
Nigeria,Potatoes,2010,942.78,12.63,21.81,234513.5
Japan,Plantains and others,1994,2134.88,7.7,26.6,34269.1
Mexico,Sorghum,1996,334.65,8.77,29.04,11151.1
Nigeria,Wheat,1999,1184.42,18.84,14.56,32762.9
China,Sweet potatoes,2016,848.28,52.41,20.4,152253.0
Egypt,Sorghum,2015,1517.03,46.77,16.85,24137.5
Nigeria,Cassava,1991,2878.81,12.13,33.15,18566.4
Mexico,Soybeans,1993,2861.29,39.27,19.5,9997.2
France,Plantains and others,2004,1155.16,23.77,23.22,93089.8
Nigeria,Maize,2007,2189.63,135.35,31.85,26423.0
Brazil,Sweet potatoes,2000,1592.99,84.81,13.5,116489.6
Canada,Wheat,1998,1913.93,41.13,28.1,21007.1
United States,Soybeans,2018,2663.28,46.85,25.07,13963.9
Indonesia,Rice,2001,2264.55,32.61,26.4,31010.2
Mexico,Soybeans,2022,1132.91,21.37,32.82,19477.5
China,Wheat,2006,2702.6,43.03,20.83,15120.3
Canada,Soybeans,2015,1600.38,10.77,14.57,20183.8
Canada,Wheat,2008,2006.19,18.12,31.65,13076.4
Egypt,Yams,1995,538.63,33.35,21.77,118237.7
Argentina,Rice,2017,1272.82,21.09,31.4,42902.1
United States,Potatoes,2010,1924.68,37.48,16.63,163387.6
Brazil,Sweet potatoes,2004,1653.75,24.73,27.94,95342.0
Germany,Sweet potatoes,2010,609.99,5.32,28.2,129863.9
United States,Potatoes,1994,2754.73,17.67,35.11,31134.9
India,Yams,1990,699.52,7.23,32.71,43346.3
Brazil,Yams,2004,1428.55,41.87,34.0,38952.0
France,Soybeans,1995,1405.36,68.15,17.33,21549.7
Canada,Plantains and others,2012,2378.06,19.25,16.72,46871.1
Australia,Potatoes,1990,2985.48,81.5,31.77,41843.6
Germany,Sorghum,2008,561.15,91.61,16.44,20942.8
South Africa,Sweet potatoes,2023,1892.06,139.27,17.91,99223.6
Nigeria,Rice,2005,2954.23,25.49,13.14,14547.3
Canada,Potatoes,2006,1900.36,45.99,20.4,144040.1
Argentina,Cassava,2001,701.77,71.57,22.22,117237.8
France,Maize,2018,539.89,32.27,12.44,34229.9
Nigeria,Yams,2010,2741.22,38.17,29.02,39344.1
China,Sorghum,2022,1726.27,20.32,36.61,6566.2
Argentina,Rice,2006,1535.87,104.02,25.63,53929.7
Brazil,Wheat,1999,2072.06,15.3,36.01,8442.3
France,Rice,1993,1116.37,9.85,12.82,28359.6
India,Potatoes,2015,1960.07,101.97,25.39,137034.1
China,Wheat,1996,904.04,20.42,14.58,28833.2
Egypt,Sweet potatoes,2022,223.44,9.96,36.25,64867.8
Brazil,Sweet potatoes,2012,2524.66,19.39,30.86,39398.1
China,Sweet potatoes,2015,2587.42,44.82,22.76,64510.5
Mexico,Cassava,2022,2844.91,33.47,17.18,46004.1
India,Yams,1994,1289.31,17.17,35.78,44693.0
United States,Plantains and others,2018,2970.68,48.07,24.48,40056.0
Brazil,Maize,2013,1908.38,47.87,31.79,31029.5
South Africa,Potatoes,2006,618.55,37.15,27.01,170099.8
Argentina,Sorghum,2021,578.97,5.59,22.7,20009.0
Nigeria,Sweet potatoes,1993,346.1,18.23,25.63,138301.0
Germany,Rice,2004,2608.25,98.6,33.27,16215.6
United States,Potatoes,1993,1467.14,14.48,28.77,136845.4
Indonesia,Plantains and others,1992,1298.52,102.3,33.19,39677.9
Germany,Cassava,1990,1039.04,52.73,18.82,113817.6
Japan,Sweet potatoes,1997,1087.65,43.96,29.03,99431.1
Egypt,Cassava,2010,510.2,76.75,19.24,148033.3
Germany,Soybeans,2012,1261.31,49.6,32.94,21067.6
Egypt,Soybeans,2013,1131.32,40.88,27.76,32599.3
Brazil,Soybeans,2017,2188.1,55.42,26.84,13413.3
France,Soybeans,2005,2398.82,15.14,29.03,9962.3
Nigeria,Yams,1995,570.07,72.26,14.24,113255.3
Mexico,Yams,2002,2829.29,64.89,22.69,40262.7
Canada,Sorghum,2000,952.91,26.06,22.0,22927.8
Brazil,Rice,1993,753.93,18.7,13.69,24919.9
Canada,Yams,1996,2947.04,91.3,18.2,43100.5
Brazil,Cassava,2022,2505.11,40.64,20.27,63419.9
South Africa,Wheat,2016,1084.24,25.76,12.31,38342.3
Japan,Plantains and others,1994,2085.06,42.65,32.58,21956.3
Japan,Yams,2021,2096.19,88.33,28.63,54139.5
Mexico,Sorghum,2007,553.69,72.89,20.65,21875.9
Canada,Rice,1996,1899.33,13.48,20.89,42723.3
United States,Maize,2002,2833.38,82.38,31.12,19798.7
Germany,Sorghum,2019,1510.07,76.95,37.93,8851.5
Japan,Wheat,1993,743.91,10.45,33.78,11892.9
South Africa,Wheat,2023,973.34,17.9,18.52,40803.4
India,Wheat,2018,978.29,6.14,35.61,15786.8
Japan,Sorghum,2019,1054.42,23.89,33.96,9561.0
Canada,Potatoes,2003,427.89,27.13,31.76,112613.7
Argentina,Wheat,2002,2614.17,7.64,29.34,9269.9
Egypt,Sweet potatoes,2017,770.44,134.33,12.52,157415.8
Germany,Cassava,2001,2378.25,12.06,25.43,46782.0
United States,Cassava,2003,259.32,37.55,26.09,105996.3
Japan,Plantains and others,1990,2678.31,78.82,26.09,24638.9
Mexico,Plantains and others,2009,2333.46,57.34,28.63,29022.7
Indonesia,Potatoes,2020,2450.47,104.86,28.54,82495.1
South Africa,Soybeans,2012,1225.4,41.55,24.39,27937.8
India,Sorghum,1996,1576.54,22.85,26.65,12546.8
China,Soybeans,2020,2159.79,274.73,31.76,13496.1
Egypt,Sorghum,1994,2227.9,131.7,18.0,10147.4
Mexico,Soybeans,2006,2977.83,6.07,19.88,9869.1
Canada,Soybeans,2006,2895.57,62.06,30.93,10279.8
Mexico,Rice,1990,2111.24,10.7,22.32,34652.3
Indonesia,Soybeans,2023,1857.58,40.61,22.71,25305.8
India,Maize,1998,1577.41,34.36,23.73,47656.9
Canada,Rice,2015,2442.41,70.37,24.27,28443.9
Nigeria,Plantains and others,2002,2854.6,15.28,18.66,48908.4
Mexico,Sorghum,1999,2862.03,89.83,17.49,8430.7
Australia,Potatoes,1991,678.17,66.31,12.81,168188.2
South Africa,Sweet potatoes,2005,1553.77,14.69,15.38,138073.1
Nigeria,Wheat,2005,521.25,84.92,28.07,28485.6
Indonesia,Rice,2023,2887.89,25.37,15.4,17635.9
South Africa,Rice,2018,1485.66,5.48,36.06,30697.1
Indonesia,Soybeans,1996,412.25,47.66,30.1,26729.8
South Africa,Rice,1994,1513.91,25.15,32.86,30753.6
Brazil,Plantains and others,1996,2101.02,99.91,24.78,37919.8
France,Rice,2015,2280.31,39.28,13.85,22672.1
India,Yams,1994,2164.02,196.01,36.25,22815.9
China,Sorghum,2005,2020.84,24.06,37.11,5116.4
Mexico,Rice,2013,2977.59,45.63,36.56,12629.0
Brazil,Sorghum,1997,2553.55,72.09,18.83,7207.2
Japan,Sorghum,2021,393.4,103.91,17.33,23301.9
Australia,Potatoes,1995,2417.79,82.04,31.85,45892.3
China,Sweet potatoes,2017,2994.7,107.4,12.03,58404.8
Australia,Rice,2002,1117.71,194.69,22.43,48917.3
Australia,Plantains and others,1994,2367.37,124.45,15.88,39013.5
Egypt,Wheat,1990,2590.48,67.55,16.99,14725.6
China,Potatoes,2014,2095.59,61.38,18.79,112482.1
United States,Maize,1992,1609.62,52.39,19.04,42471.1
France,Maize,2016,1497.64,35.79,26.39,47982.8
Nigeria,Sweet potatoes,2016,2059.54,83.18,24.45,114014.8
Canada,Cassava,2023,227.59,59.22,25.21,146960.7
South Africa,Plantains and others,2017,2727.11,101.01,34.41,18506.4
Egypt,Potatoes,2020,1928.19,8.96,15.12,167716.9
Mexico,Sweet potatoes,1992,1568.29,46.92,16.0,122226.7
Brazil,Potatoes,2007,2250.4,20.14,34.14,34767.9
Germany,Potatoes,2002,884.37,66.57,12.24,187944.4
Brazil,Sorghum,1992,2651.13,80.48,24.24,6217.2
China,Potatoes,2016,1920.38,22.34,24.0,128270.8
South Africa,Rice,2010,1441.93,18.27,15.99,38704.4
Egypt,Soybeans,2021,967.15,7.43,26.67,31568.3
Nigeria,Soybeans,2014,2763.91,108.75,13.81,10095.4
China,Cassava,2019,1106.65,36.35,16.32,111988.7
Canada,Potatoes,2020,1894.05,84.38,36.21,81928.9
Egypt,Wheat,2020,559.33,63.1,12.47,39751.7
Mexico,Potatoes,2006,2234.04,43.96,33.22,42424.0
Canada,Soybeans,1995,2038.87,91.15,21.92,20418.2
China,Yams,2003,2243.18,56.21,23.02,40138.3
Indonesia,Wheat,2023,2274.88,70.31,33.29,9088.0
Indonesia,Plantains and others,1990,1449.38,43.62,24.0,91766.6
Mexico,Sorghum,2018,1675.16,71.27,31.66,9574.9
Mexico,Potatoes,2020,1121.09,11.51,14.06,207174.8
Argentina,Soybeans,2015,1224.83,16.52,31.27,26401.6
South Africa,Sweet potatoes,1995,2843.09,21.09,35.96,24190.8
Argentina,Rice,2009,490.91,103.93,25.15,53778.3
Brazil,Yams,2008,1397.25,22.01,15.33,99025.9
Egypt,Yams,1997,2634.38,77.4,17.69,50217.7
Germany,Rice,2020,468.35,27.77,36.28,25141.3
Canada,Wheat,2011,927.17,42.95,19.25,42735.3
Indonesia,Cassava,1996,1536.43,8.07,27.32,100991.4
China,Potatoes,2023,2371.06,5.27,23.19,81040.3
Egypt,Wheat,2023,2393.72,27.51,19.73,22446.8
Nigeria,Yams,2005,2268.23,60.52,26.9,44294.8
Nigeria,Soybeans,2001,534.54,11.22,19.18,27025.3
France,Sweet potatoes,2007,812.72,17.42,24.23,147557.2
Argentina,Plantains and others,1997,1149.92,169.06,18.99,98383.1
Egypt,Sorghum,1996,2475.47,6.09,34.37,3597.3
Nigeria,Maize,2017,2978.88,31.36,14.94,17442.1
South Africa,Wheat,2021,465.87,202.19,34.13,13804.0
France,Potatoes,2014,2000.67,162.73,28.24,112569.6
Indonesia,Cassava,2019,1776.79,44.25,31.75,66614.0
Japan,Sorghum,2022,1438.21,223.26,20.58,22281.3
China,Maize,2011,1143.94,7.84,36.86,27705.5
Canada,Plantains and others,1996,2484.9,37.4,13.95,38706.4
Indonesia,Sweet potatoes,2016,845.64,16.9,34.73,80693.7
Germany,Potatoes,1997,844.66,49.84,15.91,182671.0
Australia,Potatoes,2006,2793.55,26.44,16.8,87541.0
Germany,Rice,1991,471.17,17.74,37.04,18748.2
Egypt,Sweet potatoes,2004,1883.56,70.62,15.93,144173.0
Mexico,Sweet potatoes,2001,1124.42,39.58,35.0,55417.9
France,Rice,2008,2556.84,27.64,22.72,23192.9
France,Yams,2023,2004.62,31.98,19.59,76672.8
India,Maize,2023,2131.4,83.77,36.21,18442.1
India,Potatoes,1997,2786.51,89.9,16.98,82902.3
Germany,Potatoes,2012,1466.66,101.74,31.95,100081.4
India,Plantains and others,2006,2141.77,23.66,32.2,26268.5
Germany,Cassava,2010,1556.74,16.52,23.79,118290.6
Brazil,Sweet potatoes,2000,1338.16,41.5,30.57,79328.6
United States,Potatoes,1990,415.05,45.14,22.84,178798.8
France,Sorghum,2020,677.18,184.35,28.66,18876.7
Japan,Wheat,2018,2387.5,7.63,27.03,12928.5
Brazil,Cassava,2012,1710.62,133.69,35.65,35492.2
France,Soybeans,1992,433.68,12.5,34.94,13258.4
Mexico,Yams,2017,289.42,94.71,18.57,108504.9
France,Sorghum,1995,1084.45,51.05,26.01,15345.9
Egypt,Rice,1990,691.87,7.78,25.98,44666.5
China,Rice,1994,1975.24,78.94,12.45,18170.3
Mexico,Rice,2020,1425.97,180.37,17.54,49129.7
India,Rice,2017,2625.13,8.42,34.39,16220.6
Argentina,Maize,2005,2549.05,76.78,14.36,16997.1
Canada,Potatoes,2003,936.41,117.33,26.75,185647.2
Brazil,Potatoes,2017,874.03,57.16,36.82,96763.6
Argentina,Sorghum,2016,1162.66,128.3,14.93,22169.0
Argentina,Maize,2007,1473.03,10.24,19.09,36343.9
Indonesia,Sorghum,2000,279.78,45.44,24.12,18672.4
United States,Cassava,2014,800.86,121.82,20.56,128654.7
India,Sweet potatoes,1998,2555.23,34.03,28.65,44498.4
Argentina,Sorghum,2012,2058.35,105.02,13.65,12290.2
China,Maize,2017,732.89,80.25,36.55,27737.6
Japan,Potatoes,2020,2504.22,27.12,16.47,87021.5
Indonesia,Rice,2016,1156.0,47.63,13.23,39136.2
Japan,Plantains and others,2015,1164.11,9.17,37.75,33252.0
India,Potatoes,2023,2822.81,84.56,35.57,34821.5
Japan,Sweet potatoes,2017,2787.2,54.93,12.89,61071.1
India,Yams,2006,2135.01,22.37,15.74,55851.4
Germany,Plantains and others,2002,1707.12,19.71,36.95,33147.8
South Africa,Sweet potatoes,1996,2559.05,16.4,28.87,41062.2
United States,Cassava,2010,301.01,30.7,28.69,88611.4
Nigeria,Plantains and others,2021,229.1,52.51,37.85,44438.4
Nigeria,Soybeans,2013,1232.16,9.25,28.48,30645.4
Australia,Wheat,1990,879.29,12.46,21.71,36184.5
France,Sorghum,2009,1966.04,15.73,34.68,4903.0
France,Rice,2016,2312.0,71.14,15.87,24426.0
Argentina,Potatoes,2015,252.25,70.45,36.35,77994.7
France,Sorghum,2008,942.57,99.79,14.76,20211.2
Nigeria,Soybeans,2016,2345.93,75.49,19.52,13119.2
South Africa,Rice,1995,1122.78,99.01,13.13,25872.3
Australia,Cassava,2006,1355.03,10.29,20.26,127440.4
France,Sorghum,1999,2953.86,65.6,28.72,5884.5
Germany,Sweet potatoes,2004,2473.52,61.14,18.72,73015.3
South Africa,Maize,1994,1051.56,144.87,24.23,53657.8
Germany,Maize,2022,1312.77,60.82,13.44,42446.0
Japan,Sorghum,2006,378.79,69.8,25.03,15693.8
Germany,Yams,2018,2080.78,98.16,16.55,71372.4
Australia,Sorghum,2022,2726.17,169.3,30.67,5551.8
China,Sorghum,2014,1200.4,12.47,26.83,16417.3
Canada,Sorghum,2020,1805.65,18.19,17.02,18694.7
Germany,Yams,1995,1657.47,45.83,21.54,81437.1
Japan,Sorghum,2001,825.19,11.47,33.59,6390.6
Indonesia,Sorghum,2007,2869.43,137.91,34.64,4257.2
China,Sorghum,2007,2562.57,19.67,21.1,8284.9
United States,Wheat,2012,2954.45,33.9,33.9,6950.0
Australia,Maize,2003,2965.5,39.23,17.09,21159.9
Canada,Rice,1994,617.0,5.45,26.13,42402.9
Mexico,Rice,2005,994.05,56.89,14.64,37076.6
United States,Plantains and others,2015,2429.1,82.78,15.99,48329.5
Germany,Sweet potatoes,2001,603.54,80.8,22.82,147664.8
France,Rice,2023,568.47,25.23,22.16,46686.4
Germany,Rice,2017,526.93,19.42,23.05,52350.2
United States,Soybeans,2011,2014.75,41.18,37.53,10052.0
Egypt,Yams,1996,2894.6,70.19,13.48,45344.6
India,Sorghum,2014,518.78,9.97,23.88,19049.2
Australia,Soybeans,2003,664.8,33.92,33.56,21383.3
Indonesia,Maize,2023,680.12,11.36,22.15,72055.4
Germany,Yams,1996,514.08,32.84,28.73,79052.1
Argentina,Sorghum,2013,472.47,12.58,32.52,9927.0
Nigeria,Wheat,2012,1333.64,36.39,31.17,18916.2
United States,Plantains and others,2018,1811.86,180.56,12.4,81695.9
China,Sorghum,2010,2305.62,83.02,14.71,8180.9
Germany,Potatoes,1995,2290.23,32.19,19.14,78961.4
Canada,Maize,2014,360.37,68.91,21.18,57525.9
Argentina,Maize,2013,968.45,14.21,35.02,33434.6
France,Wheat,1993,2617.54,36.04,24.44,11841.1
Japan,Wheat,2006,472.57,118.03,35.01,13801.3
United States,Wheat,1998,2243.98,24.7,34.48,7494.3
United States,Wheat,1994,2606.36,27.56,17.68,15873.7
France,Rice,2004,1470.61,80.39,27.66,43857.7
United States,Wheat,1999,2893.28,69.94,37.36,5533.5
Japan,Plantains and others,1995,2206.85,47.85,13.2,28881.9
Argentina,Plantains and others,2012,2623.93,105.32,27.45,33247.9
Canada,Cassava,1997,204.0,8.79,21.36,104875.5
Egypt,Plantains and others,2023,2595.21,118.55,28.33,37809.3
Germany,Cassava,2014,635.13,35.81,20.87,126632.7
China,Sweet potatoes,2017,484.08,84.38,12.65,149348.3
Mexico,Maize,2023,2226.68,11.41,20.58,23327.9
France,Cassava,2010,2286.63,132.34,22.03,55878.3
China,Cassava,2012,2399.11,262.42,31.13,31070.2
Japan,Wheat,2000,288.01,27.33,18.71,27180.2
France,Yams,2002,2874.28,29.29,13.28,39666.4
Indonesia,Maize,2020,800.23,49.3,25.91,76078.4
Indonesia,Yams,2018,2792.0,123.74,34.67,24394.0
United States,Plantains and others,1995,2683.47,43.1,26.07,31863.6
United States,Yams,2000,642.24,113.05,29.62,83859.1
India,Sorghum,1991,571.9,43.75,31.45,11552.3
South Africa,Plantains and others,2003,2557.79,70.03,17.26,35456.2
Japan,Soybeans,1990,485.27,82.98,13.22,12164.4
Brazil,Wheat,1998,1587.76,24.13,18.15,27898.7
Indonesia,Soybeans,1994,434.29,86.68,24.65,26058.0
China,Sorghum,2015,1127.28,11.08,23.99,20017.9
France,Rice,2017,1202.76,13.86,36.4,23595.1
Mexico,Plantains and others,2014,1131.49,128.2,25.97,105660.0
Canada,Yams,2016,2446.23,141.32,33.34,23545.5
Indonesia,Wheat,2001,2677.7,6.4,32.65,6923.3
Japan,Plantains and others,2017,1890.19,88.26,35.04,31524.5
Mexico,Potatoes,1998,367.11,43.42,21.08,180899.7
Brazil,Maize,2022,957.22,65.8,34.65,36118.0
India,Plantains and others,1997,2903.97,123.56,24.56,39406.4
China,Wheat,1993,2415.2,37.99,37.34,5163.0
Indonesia,Sweet potatoes,2019,594.93,225.06,13.84,200485.0
Nigeria,Maize,2004,2927.19,88.52,14.26,18291.2
France,Soybeans,2018,2167.06,11.51,21.05,14444.9
Egypt,Yams,2001,493.21,8.83,12.83,116918.9
Indonesia,Cassava,2014,1291.56,77.2,16.94,152300.5
China,Cassava,2004,2198.22,125.19,15.15,54493.4
India,Plantains and others,2007,1435.19,11.78,29.77,66274.8
Argentina,Sweet potatoes,2013,254.34,51.8,25.88,113020.2
Egypt,Soybeans,2008,1957.33,7.92,35.48,14530.9
Australia,Cassava,1991,2571.13,24.74,31.13,27684.1
France,Wheat,2000,1022.28,21.33,33.1,14858.5
Egypt,Potatoes,2007,954.1,22.41,19.94,267405.8
Australia,Sweet potatoes,2018,958.12,21.84,26.83,150224.8
Japan,Yams,2019,2580.12,42.75,17.93,41235.8
United States,Rice,2010,836.68,14.84,36.83,30759.5
Argentina,Plantains and others,2022,2409.27,82.75,33.42,17975.7
India,Sweet potatoes,2005,2068.97,7.9,12.09,79163.4
China,Maize,2005,1289.19,23.8,19.35,44246.0
Japan,Plantains and others,1994,2085.22,32.24,35.13,20172.5
China,Plantains and others,2007,2404.81,21.51,21.27,38157.5
Mexico,Sweet potatoes,2001,2978.71,71.78,19.13,59560.7
Brazil,Cassava,2011,725.99,7.36,37.59,54986.9
Nigeria,Sweet potatoes,2016,1016.59,18.26,28.03,146385.9
France,Yams,2016,1799.76,30.26,18.17,83685.2
Argentina,Potatoes,2023,1885.48,186.11,18.6,178094.6
Mexico,Sweet potatoes,2014,474.89,18.31,16.5,137708.7
Mexico,Cassava,1999,318.56,8.83,26.67,69156.9
Australia,Potatoes,2023,1075.87,70.44,31.83,153085.4
India,Sweet potatoes,1998,271.77,24.05,34.94,53219.7
Egypt,Yams,1993,1508.42,90.74,25.54,92276.4
Germany,Wheat,2014,2420.02,72.32,18.09,17951.3
Brazil,Cassava,1991,2321.63,10.45,24.48,35963.3
Egypt,Cassava,2002,1155.61,43.31,28.9,101798.1
Australia,Potatoes,2006,2834.16,6.56,18.77,75416.2
Japan,Yams,2004,789.53,19.19,26.78,79707.9
China,Cassava,1991,1073.26,18.66,33.39,40258.5
Argentina,Sorghum,2022,373.42,138.25,32.53,10941.7
Japan,Maize,2022,1554.56,18.14,37.81,21417.7
Argentina,Potatoes,2009,1657.46,224.42,34.8,79881.2
Canada,Plantains and others,1990,2506.11,107.13,19.35,34737.3
United States,Yams,1992,2792.32,34.48,33.83,17801.8
China,Potatoes,2006,1820.32,29.62,31.09,82453.7
Nigeria,Yams,2002,2716.0,14.3,28.44,33307.3
Argentina,Potatoes,1993,1938.52,41.75,19.27,131167.5
Australia,Sweet potatoes,2013,2147.01,26.53,30.17,59888.8
China,Sorghum,2017,1236.59,34.17,29.87,13368.5
Canada,Plantains and others,2011,670.97,95.33,30.69,66540.0
Germany,Potatoes,1991,1029.54,140.8,17.7,202403.8
China,Maize,1995,2846.03,91.37,29.7,17336.1
France,Soybeans,2019,1729.86,18.04,34.91,16424.1
Indonesia,Sorghum,1999,2654.5,70.99,15.54,8809.0
Germany,Maize,2023,2441.34,20.24,22.84,23264.1
Argentina,Potatoes,2001,703.71,36.27,24.39,203381.6
Germany,Maize,2001,2521.68,8.47,14.42,13613.5
Mexico,Yams,2001,556.46,71.97,24.12,93981.7
Australia,Rice,2001,1300.12,16.83,20.77,48996.1
Egypt,Cassava,2004,2323.9,48.91,29.29,43221.0
Brazil,Sweet potatoes,2017,2319.54,100.4,17.96,60893.8
Brazil,Cassava,2003,1260.72,12.75,19.04,125237.9
Mexico,Plantains and others,2005,601.14,56.78,35.64,36054.2
France,Soybeans,1992,2230.16,25.9,21.08,10058.6
United States,Rice,2019,597.01,21.2,18.68,53605.5
Germany,Soybeans,1990,2051.02,44.22,15.3,11606.0
Japan,Sweet potatoes,2017,1864.42,65.1,21.53,117551.3
South Africa,Sweet potatoes,2017,709.32,7.9,21.05,158548.0
Indonesia,Wheat,2007,501.56,9.32,16.69,38456.9
Canada,Plantains and others,2005,2474.98,13.22,18.27,46958.6
United States,Sweet potatoes,2019,2057.89,27.53,23.78,115995.8
Australia,Rice,1991,670.12,27.8,37.2,21334.4
Egypt,Plantains and others,1995,1728.0,126.4,20.7,95063.5
Argentina,Rice,2008,2800.37,27.21,21.74,16865.5
Germany,Sorghum,2018,799.16,36.27,35.7,9917.1
Indonesia,Plantains and others,2021,505.03,26.67,29.3,80355.8
France,Maize,1990,1589.95,136.85,21.21,45144.0
Nigeria,Soybeans,2013,2971.15,50.0,23.04,15411.6
Germany,Cassava,2007,1380.59,32.01,31.4,64164.8
United States,Sorghum,2017,2662.71,23.6,27.43,7058.0
Canada,Soybeans,2023,1615.85,57.15,16.98,25867.6
South Africa,Potatoes,2003,1143.95,72.04,23.17,186839.6
India,Sweet potatoes,2004,879.69,52.77,16.84,159300.8
China,Plantains and others,2014,1948.95,13.52,21.16,64151.5
Germany,Cassava,1996,1002.72,70.03,17.39,120772.5
Germany,Wheat,1995,766.62,114.63,23.32,30323.7
Mexico,Wheat,2002,1706.53,73.87,26.25,26266.9
Canada,Wheat,2020,2925.1,8.89,15.54,17174.0
Mexico,Cassava,1997,2013.35,21.4,35.9,25538.7
United States,Cassava,1995,2530.08,21.25,33.25,19767.0
Brazil,Potatoes,2010,1887.82,76.67,35.69,53733.0
Japan,Potatoes,2003,2588.97,50.26,24.48,69125.0
Egypt,Sorghum,2013,2015.37,50.68,13.55,14632.7
Germany,Soybeans,2017,816.91,26.39,16.27,25706.5
South Africa,Potatoes,1993,969.18,56.32,24.97,166251.5
Japan,Potatoes,2004,2780.09,123.69,17.21,72150.7
Argentina,Cassava,2018,2456.72,32.41,22.74,54688.3
Japan,Wheat,2002,2960.63,14.53,20.98,14361.5
France,Maize,2014,530.83,27.41,12.94,33940.9
France,Cassava,2007,2057.37,138.64,24.99,66464.4
Argentina,Plantains and others,1997,1921.69,60.74,37.21,23432.3
Indonesia,Rice,2020,2421.42,27.6,27.23,28752.1
Australia,Wheat,2005,1372.33,8.38,13.47,30593.8
United States,Soybeans,2005,2686.04,5.77,36.64,5985.6
Argentina,Cassava,2010,1114.25,16.91,21.46,138843.5
Egypt,Sweet potatoes,2010,2375.54,7.48,20.66,78101.0
South Africa,Rice,2013,1080.4,24.5,36.84,19414.4
India,Wheat,1993,2755.45,30.46,30.31,8084.5
Egypt,Maize,1996,2118.53,26.12,31.46,30268.1
Nigeria,Maize,2000,1519.32,14.11,13.81,35069.0
Argentina,Cassava,2023,1520.63,50.84,35.16,44898.2
France,Potatoes,2005,1334.0,16.43,25.88,171960.1
France,Yams,1999,303.59,32.79,23.25,99595.1
Brazil,Wheat,1997,1096.95,78.42,31.53,16352.0
Egypt,Yams,1990,2962.26,17.19,16.77,41927.1
France,Yams,1990,418.97,101.86,17.14,82490.4
Germany,Sweet potatoes,2017,893.86,12.24,12.9,143801.9
China,Sorghum,2011,2376.17,8.36,12.39,7678.2
Egypt,Plantains and others,1994,1276.54,13.29,31.6,55881.3
Mexico,Plantains and others,1996,2079.53,5.01,31.92,22216.9
Australia,Plantains and others,2000,1170.2,267.23,28.48,88531.5
Canada,Yams,2009,2281.29,14.25,36.88,23539.3
Japan,Soybeans,2020,1272.86,37.98,31.04,21782.5
Mexico,Rice,2016,1730.96,22.0,12.03,29828.8
Brazil,Yams,2020,378.29,81.36,27.7,72008.8
Egypt,Potatoes,1990,542.09,56.56,37.12,88779.9
Australia,Wheat,1991,1169.38,132.6,17.49,38779.8
Germany,Sweet potatoes,1991,1813.38,21.9,33.88,47229.1
Canada,Rice,2003,894.19,10.48,32.88,38323.0
China,Sweet potatoes,2006,1556.02,6.18,14.03,124602.2
United States,Wheat,2019,913.75,24.57,17.11,41779.7
Germany,Wheat,2018,1842.49,55.2,35.01,12909.2
India,Sorghum,2022,1766.74,122.77,19.5,18486.5
China,Potatoes,1993,2933.53,27.62,33.38,28229.6
Canada,Sweet potatoes,2021,1450.57,110.71,32.53,86633.4
France,Wheat,2008,745.77,16.71,32.18,17918.6
Argentina,Wheat,2007,849.79,38.51,37.49,16746.6
South Africa,Sorghum,2022,2705.37,149.97,21.26,9317.9
Mexico,Rice,2015,752.3,47.23,19.13,48798.9
China,Sweet potatoes,2004,2996.75,18.94,35.9,25310.8
China,Rice,2001,2335.03,26.35,25.2,23353.2
Mexico,Sorghum,2007,1745.41,19.72,18.91,17751.6
Japan,Rice,2015,1391.85,66.1,26.44,44070.3
Brazil,Yams,1999,1808.12,11.89,33.74,32747.9
Australia,Sweet potatoes,2001,364.27,39.5,19.55,150839.3
Indonesia,Rice,2007,2313.61,20.39,24.87,29358.7
India,Rice,2005,910.03,87.36,27.87,45835.6
China,Wheat,2021,813.96,66.35,25.71,33144.6
Indonesia,Wheat,1993,1057.27,60.17,28.82,32479.4
Canada,Sorghum,2011,1304.59,23.99,33.57,11172.8
Argentina,Soybeans,1993,2526.61,74.85,34.55,9073.1
Indonesia,Soybeans,2013,2172.05,11.05,37.82,7229.4
South Africa,Yams,1994,1877.93,12.91,15.7,64350.7
Japan,Rice,2020,2009.77,6.74,13.75,26442.7
Germany,Wheat,2009,534.96,105.34,22.17,39983.5
Australia,Maize,2007,1044.85,99.48,35.82,35401.4
India,Plantains and others,2019,1593.09,108.93,31.23,51332.3
Germany,Soybeans,2017,1287.48,22.44,13.21,18741.5
Egypt,Potatoes,2003,232.63,29.26,34.5,91994.7
Australia,Plantains and others,2002,2038.84,276.69,35.82,25401.9
United States,Sweet potatoes,2001,680.75,71.75,16.05,149464.7
Indonesia,Plantains and others,1995,235.12,19.82,22.07,91217.2
United States,Maize,1999,1024.26,33.45,19.57,46052.2
Argentina,Rice,2023,1048.38,56.75,22.02,57000.4
Australia,Potatoes,2010,1487.86,47.09,16.79,217380.6
China,Plantains and others,2010,2786.67,34.16,22.12,41508.4
Argentina,Sweet potatoes,2005,612.69,34.86,19.34,171406.7
Indonesia,Cassava,2006,1662.05,8.96,35.33,45734.2
Canada,Wheat,1999,2211.88,20.06,22.91,16083.2
Japan,Sweet potatoes,2010,2736.68,33.73,35.19,21872.5
Australia,Yams,2016,2630.18,32.99,22.96,56817.0
Indonesia,Maize,2001,1576.34,28.56,35.65,32844.1
China,Soybeans,2016,2433.81,12.91,20.86,10839.8
South Africa,Plantains and others,1995,2553.22,19.51,22.13,32877.4
South Africa,Soybeans,2002,2923.55,92.93,23.85,11117.8
Brazil,Potatoes,2016,2589.09,41.5,37.69,34930.2
United States,Plantains and others,1993,1343.1,27.9,13.2,77647.0
Canada,Sweet potatoes,1994,1507.25,22.96,36.68,50604.1
South Africa,Potatoes,1997,778.99,18.92,20.77,185765.4
Australia,Rice,2019,491.76,70.53,32.66,37516.4
Egypt,Sweet potatoes,2001,2376.61,17.4,32.96,29681.1
Nigeria,Wheat,1999,798.47,46.18,26.95,33011.3
France,Soybeans,2019,396.11,134.66,30.07,29264.4
Egypt,Potatoes,2019,541.48,35.71,21.09,238818.4
Indonesia,Wheat,2000,1774.31,143.78,35.72,12802.2
Egypt,Wheat,2017,2092.93,132.45,23.19,27170.5
United States,Soybeans,1998,2922.23,26.6,19.88,10615.5
United States,Sweet potatoes,2012,1826.57,24.71,32.23,74061.8
Japan,Sorghum,1995,1576.5,25.09,30.21,9511.3
China,Wheat,1994,329.34,10.37,19.57,27365.3
Mexico,Maize,1997,946.96,15.25,19.34,45176.1
Argentina,Soybeans,2017,781.84,61.74,16.2,24382.1
South Africa,Sweet potatoes,1999,2838.51,332.2,14.63,59180.7
Germany,Soybeans,2000,2705.04,66.44,20.98,10381.9
South Africa,Maize,1995,606.97,79.95,13.66,30315.3
India,Cassava,2013,650.4,9.63,31.04,62287.0
Mexico,Wheat,2008,1334.78,38.25,12.72,34753.6
France,Wheat,1990,905.99,7.36,23.97,35729.6
Australia,Wheat,2004,619.63,80.73,24.91,38441.4
Canada,Plantains and others,2015,1589.66,49.46,16.96,108197.4
South Africa,Soybeans,2019,2341.31,73.66,20.98,11094.2
Nigeria,Soybeans,2016,653.32,6.79,30.18,31231.9
South Africa,Yams,1992,1950.96,47.18,31.82,33806.9
Argentina,Rice,2001,1899.78,46.53,17.38,38625.5
Japan,Yams,2000,2696.53,12.44,13.74,41287.7
Germany,Soybeans,1998,297.42,83.74,13.96,14811.1
Brazil,Potatoes,2008,1190.43,158.69,16.03,211387.2
Mexico,Soybeans,1998,1926.7,67.03,22.33,17387.8
South Africa,Soybeans,1992,1703.95,64.77,26.3,18222.9
France,Soybeans,2015,1041.96,78.12,15.79,22856.3
Indonesia,Sorghum,1994,2764.47,67.19,21.15,8379.9
China,Potatoes,2000,576.07,16.73,12.9,163287.5
China,Wheat,1991,2262.87,66.13,18.94,15375.1
Canada,Wheat,2019,1535.27,64.99,25.82,35158.1
Nigeria,Rice,2007,1600.44,30.78,35.52,28969.4
Canada,Maize,2013,1226.0,26.09,37.68,28594.3
Mexico,Cassava,2010,2810.2,8.24,22.22,51091.8
Canada,Plantains and others,1990,201.39,54.41,12.18,70829.1
China,Maize,2004,1542.8,30.28,35.21,27216.4
Canada,Plantains and others,2014,1603.43,8.5,19.83,95224.6
Canada,Plantains and others,1998,2277.07,66.98,24.42,41786.5
Indonesia,Plantains and others,2008,1298.2,20.74,13.32,92910.0
Indonesia,Yams,2003,2205.58,24.77,19.28,65807.5
China,Potatoes,2014,2493.16,5.67,12.23,55228.5
Australia,Wheat,2019,493.62,30.01,24.29,34847.5
Nigeria,Potatoes,2003,262.09,77.32,24.61,181925.5
Indonesia,Cassava,1998,1913.8,28.12,14.11,97003.0
United States,Plantains and others,2003,1495.25,14.6,33.73,34895.0
Indonesia,Sweet potatoes,2012,1511.49,11.6,12.45,154458.1
United States,Sorghum,2021,2321.87,112.49,19.76,10124.3
Egypt,Rice,2021,1976.25,42.72,17.65,52094.7
Canada,Cassava,2021,2501.48,63.34,16.7,66061.8
South Africa,Potatoes,2018,1919.34,71.65,16.72,130443.2
Indonesia,Cassava,2001,2585.14,243.61,22.86,63660.2
France,Potatoes,1990,1244.09,77.37,18.24,157822.0
Germany,Plantains and others,2013,2052.71,28.89,19.65,69246.2
Japan,Rice,1999,2215.62,70.3,19.66,28853.1
Nigeria,Yams,1999,1357.36,20.49,16.37,106364.2
Egypt,Yams,2002,508.04,5.89,37.87,50104.9
Nigeria,Soybeans,2017,2596.71,30.98,20.09,14162.0
France,Potatoes,2010,872.46,8.09,18.7,224497.7
Egypt,Sorghum,2012,1006.79,134.57,22.5,25145.6
Brazil,Cassava,2021,1563.47,17.86,19.99,119803.7
Japan,Plantains and others,1991,2688.11,142.41,29.96,21471.9
France,Yams,2000,2062.26,96.74,19.72,66508.4
France,Rice,2007,306.43,17.24,19.45,32588.6
Germany,Plantains and others,2001,1148.38,179.07,29.65,65719.7
Nigeria,Yams,2007,2601.18,59.03,14.7,49987.2
Indonesia,Cassava,2005,2511.41,6.85,20.7,60302.0
France,Soybeans,1995,1249.39,143.08,17.65,22028.3
Germany,Sweet potatoes,2015,2751.34,113.51,29.28,51432.5
Argentina,Wheat,2000,2373.77,40.46,36.7,5826.1
France,Soybeans,2017,880.34,54.71,29.59,28089.5
South Africa,Yams,2004,1510.38,207.49,37.24,49073.7
United States,Rice,1993,1640.0,6.8,34.17,31611.6
Japan,Sweet potatoes,2003,528.89,23.97,28.76,101258.4
Germany,Maize,2016,1695.79,63.36,24.28,53877.5
Argentina,Potatoes,1991,2817.8,7.03,34.43,31184.3
Brazil,Yams,2021,1709.56,31.19,25.7,83019.9
South Africa,Maize,2019,1156.5,28.42,25.16,51032.4
Mexico,Yams,2009,2899.5,132.4,27.58,36730.0
Indonesia,Wheat,2015,731.9,37.87,17.35,43361.3
Australia,Wheat,2007,1711.47,26.65,35.35,12394.0
United States,Rice,2012,1073.7,46.83,35.88,32713.3
Mexico,Maize,2004,1810.6,59.83,24.95,31331.4
Brazil,Sweet potatoes,2005,1371.36,54.47,29.99,85510.9
Mexico,Sorghum,1990,689.2,17.7,23.98,17561.1
Germany,Sorghum,2011,319.69,62.18,21.31,20230.2
Nigeria,Plantains and others,2004,2820.36,185.44,36.51,15567.8
Japan,Plantains and others,2008,1730.35,47.84,30.33,41148.1
South Africa,Yams,2023,2474.81,27.95,16.59,50051.7
United States,Plantains and others,2010,985.56,289.53,24.04,100933.7
Canada,Plantains and others,1996,1474.86,16.75,37.76,33337.7
Germany,Cassava,2014,201.48,33.81,12.78,114910.3
Canada,Plantains and others,2017,2369.7,66.54,23.5,51435.9
Nigeria,Soybeans,1992,839.63,64.37,25.22,23163.5
Canada,Soybeans,2020,1301.28,11.89,12.09,19955.9
Mexico,Yams,2010,343.34,39.38,21.01,97113.9
South Africa,Cassava,2021,1531.1,32.29,17.26,122891.0
Canada,Potatoes,2008,809.75,50.34,29.04,138800.4
Japan,Wheat,1991,1442.05,19.2,22.31,25977.6
South Africa,Rice,2011,2182.3,19.41,19.89,33799.8
Japan,Cassava,2006,2402.46,57.88,25.11,37982.0
Mexico,Yams,2016,1876.85,33.6,34.94,32435.3
India,Cassava,2020,1634.97,84.96,19.9,113048.7
France,Soybeans,1999,1211.76,51.12,28.02,19692.7
Australia,Potatoes,2022,1512.56,12.65,31.27,135916.9
Canada,Wheat,2023,656.26,19.08,31.74,24990.4
South Africa,Sweet potatoes,2020,1658.83,103.92,34.03,53871.8
Mexico,Cassava,2015,651.32,153.47,15.5,135636.5
Canada,Plantains and others,2009,1923.01,29.62,27.79,65942.0
Japan,Cassava,2003,1104.85,85.21,27.8,83338.4
Indonesia,Cassava,1990,718.95,26.96,36.32,46243.4
Australia,Sorghum,2005,1099.98,57.33,19.13,23498.2
Brazil,Rice,1999,2696.27,22.0,25.84,18178.1
India,Maize,1990,2354.05,39.01,26.47,17918.1
Mexico,Rice,1991,922.52,94.2,27.86,36222.3
China,Sweet potatoes,2009,841.51,33.04,21.92,138536.9
Nigeria,Sweet potatoes,2005,2023.26,21.33,27.99,80783.1
Egypt,Sweet potatoes,1991,993.6,15.93,19.58,160135.2
Brazil,Rice,2018,1642.59,120.28,14.91,37163.1
Mexico,Cassava,1996,2612.17,60.19,36.97,21018.3
Nigeria,Soybeans,2009,384.66,222.32,22.42,31912.6
Mexico,Soybeans,1992,1469.65,59.52,16.78,19140.7
Canada,Potatoes,2020,2727.17,158.46,22.36,102739.2
Germany,Potatoes,2003,837.16,80.71,28.88,151489.6
Brazil,Rice,2011,1201.99,31.01,21.09,52070.4
Egypt,Maize,1996,2677.26,12.24,14.23,14375.3
Germany,Sweet potatoes,2002,765.44,14.37,29.12,116386.4
China,Plantains and others,2016,2131.05,49.93,17.48,55877.6
India,Rice,2021,1887.96,29.77,12.37,30626.9
Brazil,Soybeans,1997,1634.78,26.87,12.63,12270.5
China,Plantains and others,2015,2641.15,98.65,34.93,16015.9
Brazil,Sweet potatoes,2021,1387.24,72.37,27.39,132142.5
Germany,Wheat,2013,2554.34,152.36,23.13,14610.2
Brazil,Plantains and others,2007,2683.24,45.88,28.19,30368.1
Canada,Soybeans,2017,1458.48,24.28,15.09,23587.4
Argentina,Potatoes,2022,1025.72,6.6,36.36,96514.1
United States,Sweet potatoes,2019,294.85,25.26,30.1,90445.3
Canada,Sorghum,2001,1006.81,9.72,17.7,20515.9
Argentina,Cassava,2003,1877.29,119.16,14.29,86431.7
France,Potatoes,2014,741.57,32.34,31.43,102391.5
China,Potatoes,2008,384.33,124.03,20.4,199257.3
Japan,Rice,2008,2964.95,44.71,24.39,19008.1
South Africa,Yams,2004,1932.22,13.42,15.94,72854.2
Nigeria,Cassava,1997,2557.96,42.07,33.98,24246.9
France,Cassava,2007,2429.04,19.66,27.08,44464.5
India,Wheat,1994,1750.56,11.8,26.7,24916.6
United States,Cassava,2014,397.13,55.02,31.55,75267.6
China,Maize,1999,1549.95,18.44,37.03,20962.7
Canada,Soybeans,2010,2131.96,47.49,16.99,14129.0
Australia,Wheat,2023,1568.19,263.45,23.13,46092.1
China,Rice,2010,1152.74,7.43,28.22,42182.5
Mexico,Wheat,2010,1632.37,139.26,23.43,28171.2
Argentina,Plantains and others,2001,483.34,35.2,19.11,93678.6
Germany,Plantains and others,2008,2218.16,15.91,17.98,46685.0
Germany,Sweet potatoes,2016,1346.66,16.34,12.49,159219.8
United States,Rice,2021,1375.33,76.15,25.25,56386.4
Australia,Sweet potatoes,1996,1081.2,42.42,24.2,166347.6
Egypt,Cassava,2015,2628.28,203.25,25.74,58608.2
Argentina,Yams,2002,2231.28,9.24,21.4,52781.0
Japan,Yams,2021,1801.59,8.19,12.38,71015.2
China,Wheat,2022,620.29,183.88,25.42,32781.0
Australia,Rice,1998,219.19,31.28,26.43,28131.1
United States,Plantains and others,1991,271.41,32.06,33.55,35259.9
Japan,Yams,2010,1111.74,13.81,31.51,61776.6
Egypt,Sorghum,2004,2033.83,69.54,37.84,6194.2
Germany,Sweet potatoes,2001,1035.32,43.48,35.71,62758.6
Indonesia,Soybeans,2002,2778.71,54.42,12.85,8531.0
Mexico,Soybeans,2000,1103.17,23.82,18.47,20776.3
Indonesia,Sorghum,1995,1915.76,10.12,17.51,14989.5
Argentina,Sweet potatoes,2006,1888.14,54.72,13.68,109336.3
Brazil,Sorghum,2003,393.33,11.57,27.65,15984.7
Nigeria,Maize,1998,1913.58,22.83,19.0,42752.4
Egypt,Plantains and others,1998,1502.34,5.79,20.22,94263.7
Japan,Wheat,2003,2882.11,35.51,30.71,7976.0
Canada,Potatoes,2000,2533.09,17.04,13.86,79829.7
Brazil,Potatoes,2003,593.38,50.22,16.01,161484.9
United States,Sorghum,2011,489.69,52.07,28.54,15039.3
China,Sweet potatoes,1995,348.26,68.18,15.64,140199.2
United States,Sorghum,1997,261.03,88.31,23.55,19885.4
India,Sweet potatoes,2013,2998.32,36.0,30.11,45423.1
Nigeria,Potatoes,2004,1800.52,34.91,29.21,141506.1
Japan,Cassava,1999,1480.4,5.98,21.02,87758.3
Germany,Sweet potatoes,2019,1237.62,90.06,31.74,91673.7
Australia,Sorghum,2006,1948.85,20.38,16.38,14917.3
United States,Rice,2017,1298.29,36.35,17.38,50254.1
India,Wheat,2007,2112.36,77.73,27.41,19413.8
Egypt,Sorghum,2013,464.56,86.22,13.65,19834.3
Mexico,Wheat,1995,2810.44,136.17,30.5,8819.6
Egypt,Plantains and others,2009,2011.82,12.92,32.22,36858.9
Japan,Rice,1993,2350.08,12.95,36.71,12957.6
Egypt,Potatoes,2010,1525.46,22.09,31.45,119771.2
South Africa,Potatoes,2022,703.19,52.14,32.79,91423.8
Argentina,Maize,2017,2259.87,179.36,34.08,19102.9
Brazil,Soybeans,2004,2048.64,115.99,36.39,8865.3
Brazil,Sorghum,1990,1218.45,123.68,29.93,11801.9
Germany,Potatoes,2002,290.12,52.77,22.7,188667.7
Argentina,Potatoes,2019,1834.48,122.35,25.78,142445.1
China,Rice,2015,2197.69,57.3,17.62,27787.2
Egypt,Maize,2003,2430.8,17.65,19.83,24015.9
China,Sweet potatoes,2001,2371.7,47.41,21.88,60360.5
Japan,Soybeans,2022,2631.93,127.24,32.01,10291.2
China,Rice,2002,2958.48,52.05,26.43,16068.0
India,Wheat,2004,693.49,133.57,34.16,16762.5
Canada,Rice,1997,792.91,16.13,31.96,37614.0
Canada,Maize,1995,2612.64,207.85,35.58,13450.1
Australia,Cassava,2003,231.84,16.8,32.77,51409.9
Indonesia,Maize,2008,1433.23,192.55,26.35,56346.3
Australia,Soybeans,2010,1106.27,49.02,30.51,26672.3
Canada,Yams,1991,2498.0,75.44,13.32,45957.8
India,Sweet potatoes,2008,2020.29,8.05,20.47,91926.7
Egypt,Rice,1992,1125.67,26.38,12.98,33760.5
France,Wheat,2009,398.25,94.39,36.53,14382.8
Mexico,Sorghum,2022,825.59,6.4,22.0,22677.1
Brazil,Wheat,2012,1913.23,24.47,21.99,26233.8
Japan,Soybeans,2014,2239.36,41.69,35.4,8448.2
Argentina,Rice,2023,2533.06,57.26,15.29,21684.4
South Africa,Plantains and others,2000,340.99,26.87,25.74,61637.9
Egypt,Yams,1997,1377.89,14.36,28.4,78573.3
India,Cassava,2015,2831.72,260.04,36.37,24599.4
Brazil,Sorghum,2018,2138.51,37.43,22.95,12350.1
France,Potatoes,2021,2884.15,37.46,28.87,63866.6
Canada,Rice,2003,2180.84,22.13,32.7,29644.6
South Africa,Sorghum,2003,1050.48,24.79,32.2,8644.9
India,Sweet potatoes,2003,1324.11,76.48,25.66,136034.4
Germany,Wheat,1990,1322.54,246.63,35.85,14096.1
Australia,Wheat,2021,2157.74,47.45,15.52,18184.3
Canada,Sorghum,2010,2144.07,37.53,27.13,9925.4
Australia,Cassava,2008,582.85,26.31,25.63,114126.8
Mexico,Cassava,2002,2082.74,13.51,31.44,35712.5
Germany,Yams,2001,683.51,28.7,34.02,44064.6
Argentina,Potatoes,2018,2733.18,61.71,36.36,33598.7
Germany,Maize,1996,1183.62,54.73,17.3,49300.5
Indonesia,Rice,2010,2225.01,31.11,18.0,41651.5
Argentina,Cassava,1995,1187.26,55.64,21.65,119964.1
Germany,Rice,2001,928.44,25.99,23.07,49603.9
China,Soybeans,2006,2385.31,8.73,28.97,7912.6
Argentina,Sweet potatoes,2008,813.92,57.83,33.38,65780.6
United States,Potatoes,2009,526.35,51.92,27.51,164999.3
Mexico,Sweet potatoes,1994,681.7,21.46,14.87,131843.9
Indonesia,Sorghum,1997,1418.61,8.62,18.85,20496.5
India,Maize,1993,1360.02,55.19,29.28,46040.6
Australia,Maize,2010,2455.94,35.45,31.44,24038.1
Mexico,Potatoes,2020,2207.46,23.61,37.44,47345.2
China,Sorghum,2010,2575.38,56.28,36.44,2970.1
Nigeria,Soybeans,1996,2825.78,21.02,13.3,8150.8
Nigeria,Cassava,1991,1263.11,48.67,28.16,96371.9
Nigeria,Sorghum,2013,1004.26,29.12,17.83,18966.6
India,Yams,2004,1385.98,160.46,24.7,112188.7
Indonesia,Cassava,2006,2680.22,47.76,14.81,54240.1
Japan,Yams,1998,983.19,76.94,31.81,47715.8
Nigeria,Cassava,2013,830.52,21.42,13.15,118977.3
Germany,Potatoes,2000,2957.62,27.87,16.27,83435.6
China,Wheat,2007,1868.98,32.08,22.24,25783.3
Nigeria,Plantains and others,2023,2875.5,68.43,29.98,33802.5
Nigeria,Cassava,2003,1846.47,72.87,30.97,60413.1
Canada,Sorghum,2015,2523.48,8.53,20.4,9658.6
Australia,Soybeans,2021,1416.06,63.86,17.45,30887.5
France,Wheat,2008,2483.24,23.69,14.74,13969.9
Egypt,Sorghum,2000,777.25,39.53,33.95,10846.0
India,Cassava,2005,2803.12,50.54,25.5,43648.1
Egypt,Rice,2023,1087.24,44.95,29.68,56899.1
Australia,Wheat,2014,349.23,105.16,36.18,15723.6
Nigeria,Cassava,1999,1702.5,14.34,23.42,113496.5
South Africa,Maize,2018,2815.96,27.96,13.04,12502.9
Canada,Yams,2008,1459.59,7.18,17.46,121881.6
China,Soybeans,1991,308.44,52.75,19.75,18241.2
India,Cassava,1994,1070.53,45.01,32.12,63100.9
South Africa,Cassava,2023,1923.85,150.23,14.44,96520.4
Canada,Cassava,2004,2962.78,19.12,23.45,50299.9
Brazil,Cassava,2001,829.39,56.52,30.34,71864.9
India,Potatoes,2012,632.82,24.55,30.54,129554.2
Nigeria,Maize,1993,266.03,42.67,16.62,38667.5
South Africa,Cassava,1998,1404.97,35.42,35.0,39887.6
Germany,Sweet potatoes,1994,2676.23,112.92,23.99,54634.3
France,Rice,1993,2038.52,36.71,24.96,36635.9
France,Maize,2022,2699.81,68.1,28.44,23455.7
Japan,Wheat,2022,585.1,38.31,33.99,14498.0
Egypt,Maize,2011,1345.5,171.65,21.59,54066.4
Australia,Maize,1992,2789.38,30.25,26.36,20223.1
South Africa,Sorghum,1990,2673.03,42.97,23.35,6349.6
Japan,Sweet potatoes,2021,2765.24,29.67,28.95,44230.1
Indonesia,Yams,2006,1223.13,87.19,20.05,128255.7
Japan,Soybeans,1998,358.52,6.56,30.2,20633.3
Egypt,Maize,1992,2773.87,39.92,29.65,18771.5
India,Plantains and others,2014,1460.83,44.73,14.39,95658.9
Brazil,Sorghum,1999,1159.48,151.19,35.53,7319.7
Germany,Cassava,2014,474.28,75.66,30.89,77927.4
United States,Rice,1993,658.6,10.79,25.01,40040.6
United States,Maize,2003,388.32,34.01,28.88,48955.7
United States,Plantains and others,2006,575.29,27.13,28.43,74529.7
China,Potatoes,2016,1806.89,58.81,29.45,100216.1
Argentina,Cassava,2003,1004.29,14.22,17.65,133832.9
Australia,Cassava,1999,235.86,31.04,18.05,118339.7
Australia,Sorghum,1993,2059.61,55.88,35.72,4702.6
Japan,Sorghum,2011,2079.37,78.52,16.04,12278.9
South Africa,Sweet potatoes,2020,493.95,23.31,20.81,152874.3
Nigeria,Plantains and others,2009,2453.71,94.13,37.71,20466.1
South Africa,Yams,2019,2377.08,35.87,33.86,21842.6
Egypt,Cassava,2000,1979.53,20.7,28.94,73211.8
Australia,Maize,2022,1798.61,102.55,14.53,31981.9
India,Sweet potatoes,2021,2057.56,28.8,35.96,46756.4
Argentina,Sweet potatoes,2020,2370.41,115.65,31.74,35592.9
Egypt,Yams,1994,2040.13,34.57,26.46,74095.7
Brazil,Rice,2022,1726.4,94.07,18.75,40990.9
Canada,Yams,2022,2132.66,16.77,24.57,70488.0
Nigeria,Potatoes,2021,1871.92,28.51,12.14,154740.2
Japan,Rice,2008,1474.3,64.34,12.34,30562.8
Indonesia,Rice,1999,2950.19,20.9,29.76,18412.6
India,Potatoes,2001,2223.53,155.45,35.34,38184.4
India,Maize,2020,620.6,5.36,14.8,45727.0
France,Potatoes,1999,1824.05,26.65,25.35,122272.3
Australia,Yams,2006,2546.47,80.55,15.12,44763.9
Argentina,Cassava,1996,1773.49,152.53,28.94,65139.6
Argentina,Plantains and others,2014,2071.23,30.03,35.69,24579.6
Brazil,Maize,2003,615.44,98.26,36.05,25716.5
China,Potatoes,2021,1156.57,171.9,15.54,179704.7
Canada,Plantains and others,2011,333.76,65.56,20.5,112211.0
France,Maize,2014,1401.94,120.39,16.88,42757.4
United States,Cassava,1991,887.85,66.48,29.08,85264.3
Brazil,Maize,2007,1494.66,41.71,29.4,43553.3
United States,Sweet potatoes,2004,387.61,183.02,28.17,122707.3
Brazil,Plantains and others,2006,1114.88,6.78,26.06,75638.0
Indonesia,Sorghum,1990,1393.22,52.57,29.36,13858.1
Nigeria,Soybeans,1992,1854.51,46.82,29.24,17367.9
China,Potatoes,2018,2267.8,71.39,17.68,97567.4
Brazil,Yams,2001,2943.1,6.51,12.3,34436.9
United States,Sorghum,2003,2878.59,80.44,15.19,9334.1
Mexico,Sorghum,2007,2510.11,72.06,28.2,6651.1
Indonesia,Rice,2006,1207.87,103.74,36.52,30211.5
Australia,Cassava,2020,1710.11,11.2,35.08,50360.1
Germany,Wheat,2016,2674.91,26.77,12.52,15043.4
Japan,Soybeans,2007,1943.5,5.62,17.92,17713.3
Nigeria,Cassava,1993,1721.38,212.03,33.77,41067.5
Canada,Cassava,2010,2649.01,14.28,36.63,25027.8
Egypt,Soybeans,2008,553.28,105.71,23.24,37397.2
Germany,Wheat,1996,1078.37,54.45,23.39,34794.5
China,Maize,2020,2399.35,153.46,17.6,17458.2
Indonesia,Sweet potatoes,2021,627.25,50.19,30.73,126240.1
Argentina,Plantains and others,2001,2840.1,134.98,20.77,34043.3
Australia,Soybeans,1990,2433.05,53.7,37.42,5459.3
Indonesia,Soybeans,1999,1833.37,29.78,13.16,11635.4
South Africa,Sorghum,2022,1108.14,156.26,16.01,20171.3
Indonesia,Soybeans,2021,2625.48,81.63,36.73,7660.8
Egypt,Potatoes,1993,2999.56,88.35,33.61,41600.4
Brazil,Rice,1996,1289.61,48.28,16.58,38201.5
Nigeria,Soybeans,1999,1749.34,33.7,12.04,13080.8
Canada,Sweet potatoes,2006,2332.6,40.14,33.24,29079.3
Indonesia,Rice,1994,2572.14,8.27,27.04,24204.9
Mexico,Cassava,1994,230.71,8.23,34.75,34506.6
United States,Yams,1999,846.7,6.98,35.57,45689.8
France,Sweet potatoes,2010,385.79,116.19,37.95,62522.4
China,Cassava,2023,1342.17,23.45,15.3,123350.8
South Africa,Soybeans,2014,1211.01,8.49,16.3,22386.7
United States,Soybeans,2015,895.5,38.23,25.5,29402.9
Mexico,Wheat,1993,2933.33,79.54,12.26,13213.8
France,Maize,1993,2132.98,57.7,26.42,24806.0
Mexico,Yams,2008,1758.96,42.46,25.25,82259.2
Germany,Potatoes,1991,952.17,33.18,15.31,195082.6
Germany,Maize,2023,2831.78,17.64,24.28,24775.2
China,Potatoes,2019,690.67,66.47,24.72,207333.7
France,Soybeans,2017,2055.34,9.75,24.42,17357.6
Indonesia,Plantains and others,2008,1795.45,29.56,14.21,85609.8
Canada,Yams,2007,2408.35,46.49,27.5,40794.8
South Africa,Sweet potatoes,1999,2564.16,37.13,26.22,51858.7
India,Potatoes,2021,638.64,10.69,36.82,96841.4
United States,Sorghum,2022,2736.42,106.97,26.74,9851.9
France,Soybeans,2023,302.92,8.4,23.72,26880.8
India,Yams,1996,861.41,23.05,23.89,106419.2
Canada,Maize,2012,1753.58,38.27,12.35,23843.1
Japan,Maize,1993,864.61,17.45,13.05,29161.0
United States,Potatoes,1996,1656.95,48.05,17.72,171131.4
China,Cassava,1994,510.66,144.73,35.69,40918.6
Canada,Rice,2017,1016.76,42.82,28.93,58588.5
South Africa,Wheat,2004,208.02,9.41,31.16,16500.7
Australia,Wheat,2023,1906.05,110.05,30.54,21491.0
Germany,Cassava,2011,2695.0,8.86,29.13,42542.5
Canada,Rice,2019,704.73,79.67,31.48,47005.0
Japan,Plantains and others,2018,284.92,6.64,35.49,35322.1
Japan,Sorghum,1997,2351.48,65.12,14.84,6643.7
Nigeria,Potatoes,2019,809.87,42.26,16.95,259496.9
Argentina,Yams,2000,2736.23,86.05,29.8,33751.1
Indonesia,Maize,1990,478.57,47.73,33.16,37667.3
Egypt,Rice,1996,297.57,57.09,13.56,26376.2
Brazil,Rice,2006,970.01,12.18,14.7,29032.2
Indonesia,Maize,2021,2862.79,9.9,37.31,10343.4
Australia,Potatoes,2022,2358.66,11.9,31.51,49716.8
France,Sweet potatoes,1990,2818.9,29.77,20.16,59913.4
Argentina,Wheat,1999,342.33,66.7,33.18,13859.1
Argentina,Sorghum,1990,515.86,50.23,17.56,20506.7
United States,Rice,2007,1361.87,65.95,19.63,50334.5
Nigeria,Cassava,2007,695.16,43.07,20.0,141973.8
Brazil,Potatoes,2017,586.85,26.44,21.87,197920.2
India,Wheat,2017,418.78,23.75,37.44,17230.0
United States,Potatoes,2017,377.46,10.83,21.59,180782.4
France,Soybeans,2007,2472.88,136.87,26.57,10381.3
Nigeria,Cassava,2015,2429.73,15.93,29.62,40553.2
Germany,Yams,1990,2728.76,17.6,14.92,38917.5
China,Sweet potatoes,1993,2631.01,46.96,24.94,48451.5
Nigeria,Sorghum,2006,1951.74,9.74,19.3,15726.6
South Africa,Potatoes,2009,2702.1,115.68,35.21,38423.4
Germany,Potatoes,1992,1978.63,80.42,29.21,85650.7
Egypt,Soybeans,2014,2749.15,38.98,35.12,9328.4
Japan,Wheat,2018,536.94,177.56,16.71,38476.9
Brazil,Wheat,1994,1461.32,44.09,31.24,14491.3
South Africa,Soybeans,2017,2006.94,26.36,34.56,11726.4
United States,Sorghum,2005,2685.55,87.05,37.59,3825.7
India,Yams,2018,225.23,93.44,21.98,103808.0
Canada,Potatoes,2022,1921.47,43.87,17.42,168699.4
Argentina,Sweet potatoes,2000,1737.38,73.57,19.1,132762.5
Brazil,Cassava,1992,2780.64,10.05,35.09,19814.4
China,Sweet potatoes,1990,1496.99,20.36,23.12,100622.5
Canada,Rice,2002,596.14,70.48,23.72,47138.8
Mexico,Potatoes,2001,1122.04,6.57,15.63,194852.0
China,Rice,2002,333.29,8.63,16.07,26051.0
Germany,Wheat,2015,1383.01,46.48,12.15,31292.8
France,Sweet potatoes,2015,1464.62,147.02,30.99,96413.5
France,Rice,2021,1452.47,19.96,23.6,51678.8
Germany,Rice,2020,794.27,12.56,14.06,32154.9
Mexico,Maize,2015,2740.03,92.31,25.66,21998.3
Australia,Maize,1994,1176.77,36.46,24.95,53810.7
Mexico,Wheat,2006,2812.08,106.96,31.18,7886.2
Japan,Wheat,1998,2363.13,106.56,20.1,12080.2
Egypt,Rice,1992,1415.66,50.89,31.73,45945.6
Egypt,Sweet potatoes,1992,2994.18,52.79,22.42,64442.1
Mexico,Potatoes,1996,2642.08,17.92,26.69,65446.3
South Africa,Maize,1998,2966.26,81.98,20.35,20866.6
China,Potatoes,1996,1160.71,101.21,32.57,76463.8
Nigeria,Wheat,2022,1746.88,13.67,32.03,18079.8
Japan,Maize,2007,1091.04,63.64,35.88,24129.2
France,Sorghum,1990,1070.55,87.84,17.33,19935.2
Germany,Sorghum,2016,2940.81,44.27,23.11,9237.6
Brazil,Wheat,2001,426.64,127.32,15.07,33864.4
Argentina,Potatoes,1997,2999.33,67.04,35.09,33168.6
China,Plantains and others,1999,1233.09,5.6,21.8,79980.2
United States,Sorghum,2009,2625.59,16.98,13.69,7846.3
Brazil,Plantains and others,1992,1841.01,5.03,24.28,50064.7
Egypt,Yams,2009,1925.79,13.13,20.32,80895.6
Japan,Potatoes,1999,1827.31,30.53,15.13,165289.4
South Africa,Potatoes,2022,2384.32,21.28,27.96,77621.5
India,Cassava,1992,1313.28,59.67,26.57,98993.3
India,Rice,2015,1953.99,53.2,33.33,30907.2
Germany,Cassava,2003,1196.97,67.64,22.54,130393.9
China,Plantains and others,1993,1858.95,50.56,18.12,67789.9
Australia,Soybeans,2016,703.85,154.31,35.35,22107.9
Argentina,Maize,2013,1507.5,9.68,33.44,36623.4
India,Wheat,1998,2782.32,46.95,16.31,13080.7
Japan,Wheat,2012,1300.5,5.01,13.26,29388.2
Mexico,Soybeans,2018,2564.64,20.99,20.17,12909.5
United States,Wheat,1998,335.87,47.21,34.0,15317.2
China,Maize,2019,2583.18,5.22,19.17,19348.8
Japan,Cassava,2014,1607.24,71.43,16.61,129465.2
Canada,Sweet potatoes,2021,2217.35,17.15,28.05,73491.4
Australia,Plantains and others,2014,1990.49,116.19,37.83,31187.1
Germany,Rice,2009,1668.62,210.12,37.77,21556.5
Japan,Maize,1994,2826.95,210.76,23.79,20961.1
Australia,Cassava,2013,444.81,164.52,31.53,68577.3
Nigeria,Yams,2019,1701.13,90.88,12.49,102648.0
Brazil,Cassava,2019,2703.14,74.92,25.65,47446.3
China,Sweet potatoes,2006,2766.57,10.31,25.4,50367.9
Canada,Potatoes,2021,2568.37,102.69,24.76,98382.3
Australia,Wheat,2013,1464.85,19.56,24.04,32771.4
Egypt,Plantains and others,1996,2928.81,15.3,13.42,41531.9
Japan,Sweet potatoes,2011,1380.97,58.17,20.53,152164.9
Germany,Cassava,1992,2706.21,37.91,26.67,37077.5
South Africa,Yams,2023,2433.45,79.78,19.85,52052.3
Germany,Sweet potatoes,2008,2158.53,32.7,17.1,91571.2
Canada,Cassava,2006,1124.72,18.07,33.75,50292.8
Egypt,Maize,2003,652.45,9.84,26.02,67148.9
France,Yams,2021,1565.92,166.05,27.39,92488.9
Germany,Sorghum,1999,1495.86,176.36,26.37,15390.7
Canada,Wheat,2020,1008.23,6.0,26.5,36622.2
South Africa,Sorghum,2003,2297.22,27.12,19.66,7545.3
United States,Wheat,2000,2232.69,21.45,35.85,7735.1
Indonesia,Wheat,2018,1253.85,33.49,23.83,44981.6
Germany,Sorghum,2009,466.86,65.41,20.61,18609.4
Germany,Rice,1992,296.14,28.94,26.91,37632.4
Germany,Potatoes,1999,2029.62,8.07,20.67,122971.0
Egypt,Rice,1994,1872.79,8.66,29.4,37616.4
Germany,Cassava,2007,498.05,18.29,27.92,86689.5
Germany,Maize,2020,2741.96,21.2,29.35,19767.3
Argentina,Maize,1996,1738.9,48.96,17.07,36969.4
Argentina,Plantains and others,2004,886.83,197.84,18.59,118427.2
France,Yams,2022,628.09,49.34,28.67,91131.3
United States,Soybeans,2022,2795.29,48.15,21.62,14341.3
South Africa,Sorghum,1997,2500.83,68.13,13.84,6937.8
Canada,Rice,2015,732.38,44.46,26.02,61811.0
India,Sweet potatoes,2008,1273.15,12.84,27.39,119206.4
Germany,Cassava,2007,2022.43,54.09,32.12,34159.1
Brazil,Cassava,1996,559.75,47.3,37.51,42174.5
Indonesia,Rice,2010,1417.08,56.24,25.73,58151.6
Brazil,Yams,2010,2603.84,7.44,21.05,39235.3
United States,Wheat,2021,2589.34,33.53,25.58,14719.1
France,Wheat,2000,2704.55,56.77,22.23,14857.3
South Africa,Sorghum,2012,282.03,8.88,14.81,16913.2
France,Sorghum,2012,2995.24,39.48,31.68,3998.1
France,Rice,2013,897.5,50.4,37.57,21373.7
Argentina,Potatoes,1999,1237.62,11.66,27.42,150127.8
Brazil,Yams,1996,291.38,54.92,37.31,32615.4
France,Wheat,2003,634.72,54.59,31.12,21599.2
Argentina,Potatoes,2005,549.29,7.31,18.08,199808.4
Japan,Sorghum,2016,1346.47,53.5,36.73,7842.7
United States,Cassava,2011,1116.86,79.55,36.66,58851.8
China,Yams,2013,559.77,114.63,24.19,105265.7
United States,Sorghum,2002,1966.08,26.58,14.8,13192.7
Indonesia,Soybeans,2008,2273.0,75.5,27.57,17123.6
Indonesia,Yams,2007,683.57,68.82,13.11,113903.6
Australia,Plantains and others,1990,1092.95,207.3,32.27,39271.9
Mexico,Maize,2009,896.81,51.79,31.38,51838.3
Australia,Sorghum,2020,1141.64,23.73,14.02,23355.2
Mexico,Sweet potatoes,2013,2898.95,47.08,29.57,45112.4
China,Sweet potatoes,1997,1841.81,7.45,12.02,89376.7
Australia,Soybeans,2020,985.98,9.04,26.0,28498.9
South Africa,Plantains and others,1992,1176.07,9.23,35.29,29597.2
United States,Potatoes,2003,1584.32,107.6,35.19,69404.4
Indonesia,Plantains and others,1998,2403.01,107.22,18.32,46877.7
United States,Potatoes,1999,1618.43,89.0,32.6,80911.5
Australia,Yams,2006,2014.74,36.22,31.74,39279.3
South Africa,Plantains and others,2006,2280.57,60.74,25.67,38469.0
Australia,Plantains and others,1996,1559.13,10.43,33.68,33095.7
Germany,Cassava,2018,1805.19,12.01,23.36,95702.7
Mexico,Sorghum,2009,1459.09,26.39,28.59,16155.3
Indonesia,Sweet potatoes,2008,498.7,24.39,25.35,164623.9
Indonesia,Soybeans,2014,1166.75,50.83,35.99,19497.0
South Africa,Maize,2023,1411.35,7.65,29.83,42661.6
Brazil,Rice,2012,406.07,67.12,25.69,42996.1
Japan,Yams,2012,2091.56,10.01,32.35,31465.6
Nigeria,Cassava,2000,973.55,57.9,23.27,140798.7
Egypt,Cassava,1995,2372.66,39.11,37.12,21678.2
Germany,Cassava,1998,2597.54,32.19,21.24,45466.1
France,Sweet potatoes,2006,237.0,7.82,23.39,138488.5
Egypt,Sorghum,1999,295.69,22.18,23.67,19936.4
Japan,Cassava,1992,2387.45,16.32,31.75,19184.8
United States,Yams,2003,968.86,33.74,16.11,126535.0
China,Rice,1992,1374.6,5.49,16.03,33705.3
China,Yams,2015,1238.96,127.5,31.21,56300.2
China,Sorghum,2016,1036.62,61.94,23.2,20698.4
Japan,Cassava,2023,2716.61,158.35,32.34,28714.3
Indonesia,Sweet potatoes,1993,1718.09,60.58,33.79,56625.5
Egypt,Sweet potatoes,1990,2103.94,30.7,17.58,97283.5
India,Plantains and others,1994,777.55,342.68,19.36,114262.3
China,Sweet potatoes,2005,2682.74,7.23,33.73,26973.9
India,Cassava,2007,260.26,158.45,12.4,106848.3
United States,Potatoes,2020,1691.45,57.71,33.39,75276.7
Australia,Sorghum,2006,2254.24,52.47,21.16,10615.3
Canada,Maize,2000,1819.86,64.85,12.12,23014.8
China,Yams,2007,865.49,32.14,22.15,94091.2
France,Sweet potatoes,2013,1140.65,179.58,21.85,172945.9
France,Soybeans,2022,1704.96,26.88,30.07,23957.7
Brazil,Potatoes,2001,2956.3,124.62,27.43,57385.8
Canada,Yams,2001,2611.69,219.11,25.61,39652.7
Brazil,Rice,2014,1831.25,18.54,32.35,39262.9
Brazil,Wheat,2008,2222.89,45.06,12.61,16652.6
Indonesia,Wheat,2017,204.26,17.34,17.4,37278.2
Canada,Soybeans,2012,628.59,128.66,32.21,30259.8
Indonesia,Sweet potatoes,2009,2114.4,10.66,23.94,84160.5
Mexico,Plantains and others,2013,1754.97,32.98,23.29,78660.4
Nigeria,Cassava,1994,1361.34,12.89,12.64,106284.9
United States,Yams,2013,482.21,12.98,24.77,118313.6
China,Sorghum,2015,2724.18,40.82,32.75,3370.0
Australia,Yams,2004,2307.04,97.33,30.8,34101.7
Australia,Cassava,2022,2707.96,22.9,12.34,49851.0
Nigeria,Cassava,1995,2978.93,20.52,17.3,50739.9
Mexico,Plantains and others,1998,226.03,50.56,13.94,67629.9
Brazil,Yams,2022,2379.02,37.13,30.64,26992.0
South Africa,Wheat,2007,2347.2,22.13,35.07,6059.2
Indonesia,Sorghum,2004,798.73,47.3,32.98,9910.4
Indonesia,Potatoes,2012,2783.7,53.84,14.75,93114.1
United States,Rice,2016,1203.46,22.71,22.83,50108.0
Brazil,Cassava,2014,1495.18,68.53,12.57,97093.1
Egypt,Plantains and others,2006,1609.78,136.72,25.04,75637.2
Nigeria,Soybeans,2016,1748.29,138.33,14.27,19720.5
Nigeria,Soybeans,2006,1796.9,143.64,30.02,22493.6
Australia,Sweet potatoes,1991,1521.13,7.78,21.3,129886.0
Egypt,Cassava,1999,2139.58,169.95,19.5,76453.7
Brazil,Soybeans,2011,1422.07,20.74,13.33,16711.4
Australia,Potatoes,2020,609.0,117.11,26.44,221494.9
South Africa,Rice,2001,733.46,14.06,34.4,30603.3
Australia,Wheat,2009,1854.36,23.57,18.39,27451.7
Germany,Cassava,2010,955.62,21.64,37.22,44533.6
South Africa,Maize,2017,765.29,32.93,36.27,28973.5
Indonesia,Maize,2015,1690.48,58.6,24.43,48200.9
India,Sorghum,2017,792.23,37.55,26.34,18617.7
Egypt,Maize,1999,2655.28,147.11,35.05,15931.7
Indonesia,Plantains and others,2012,2929.81,24.57,15.58,48446.1
Mexico,Sweet potatoes,1993,1387.96,66.36,23.92,128475.8
Canada,Rice,2003,2830.34,55.43,25.88,19934.8
Argentina,Cassava,2008,2287.33,16.67,12.36,45367.8
Egypt,Soybeans,2013,336.5,8.73,28.55,27079.2
Egypt,Wheat,2003,505.89,18.06,26.69,32499.4
United States,Soybeans,2017,1167.1,98.56,30.14,31396.8
Mexico,Potatoes,1993,1879.04,64.48,28.95,101785.4
Argentina,Sweet potatoes,1993,2585.94,43.12,27.46,49365.5
Germany,Sweet potatoes,2000,992.42,53.58,19.87,150081.8
Indonesia,Wheat,1995,1650.53,24.59,30.31,21740.2
Mexico,Sweet potatoes,1996,2633.96,12.24,14.84,55356.5
United States,Sweet potatoes,2017,1305.21,13.55,30.55,108715.2
Mexico,Potatoes,1994,2239.0,19.88,37.01,35128.2
Mexico,Rice,2018,1239.1,8.39,35.79,33358.3
Australia,Maize,2009,2834.93,12.99,19.29,20298.9
France,Yams,2022,271.47,50.88,33.73,41089.9
Australia,Potatoes,2004,479.08,14.73,13.62,185750.2
India,Sorghum,2010,2818.81,26.11,31.39,4799.0
Indonesia,Cassava,1993,903.3,27.0,32.08,70282.3
Germany,Sweet potatoes,2023,1531.47,23.07,37.85,63511.9
Germany,Wheat,2008,1622.6,125.58,13.12,27662.4
Brazil,Yams,2016,2262.34,34.53,22.58,52152.4
Australia,Potatoes,2015,2084.39,19.46,32.14,72142.7
China,Sweet potatoes,2001,2557.53,45.4,16.15,59197.2
France,Yams,2013,1282.75,106.71,37.72,54317.9
Australia,Yams,2022,564.53,82.59,29.05,87380.5
France,Plantains and others,1995,1690.58,95.09,16.12,65271.1
Indonesia,Potatoes,1990,1505.18,20.44,37.63,76285.5
United States,Rice,2022,1823.46,144.16,28.74,54774.4
Nigeria,Cassava,1998,1421.06,61.55,14.63,121564.1
Nigeria,Rice,1998,773.47,38.8,25.8,52422.7
Brazil,Rice,2019,1401.43,7.7,26.68,48361.8
Australia,Yams,2007,2280.77,113.4,15.25,48224.0
Brazil,Yams,2022,1390.77,47.44,12.98,94699.1
Germany,Rice,2013,2182.18,30.4,13.7,22301.5
Japan,Sweet potatoes,2020,1412.75,49.06,27.43,128792.8
Argentina,Rice,2019,1347.57,29.68,12.63,27995.4
Brazil,Soybeans,1992,2025.19,37.48,37.1,6865.6
Canada,Sorghum,2000,2998.58,175.11,21.49,8419.2
Indonesia,Rice,2006,1323.05,105.12,28.57,58883.1
Australia,Wheat,2022,1625.3,10.05,30.22,20643.6
Argentina,Sorghum,1995,2212.52,27.89,36.47,3696.9
India,Sweet potatoes,1995,1851.78,58.97,12.51,111127.5
Japan,Maize,2006,2224.29,45.22,14.14,14939.8
Nigeria,Potatoes,1998,1588.78,60.83,22.57,176046.5
Egypt,Maize,1999,2815.39,124.24,15.42,20625.3
Argentina,Sweet potatoes,2017,2004.67,104.74,13.56,122524.1
Mexico,Maize,2001,2570.22,23.95,26.25,18739.7
Nigeria,Maize,1993,1937.98,76.95,15.75,32533.7
Canada,Plantains and others,2001,2852.75,32.86,20.45,47623.5
Egypt,Maize,1993,1455.56,51.58,17.01,48246.7
Australia,Maize,1992,2147.18,31.04,36.81,14026.4
Australia,Wheat,2001,1947.3,261.02,26.11,24325.3
Mexico,Cassava,2021,2829.84,74.4,16.37,54429.1
Australia,Sorghum,1999,619.72,140.2,32.2,9781.8
Canada,Sweet potatoes,2014,269.97,18.19,32.26,87071.0
Canada,Maize,2019,1878.76,24.91,22.72,47824.2
Indonesia,Soybeans,2006,1591.81,104.91,27.83,28642.5
Egypt,Cassava,2009,1365.92,69.51,23.55,140093.9
South Africa,Potatoes,1999,2135.23,57.23,29.08,75735.4
Germany,Sweet potatoes,1995,400.04,16.25,22.62,114273.0
India,Cassava,2013,451.45,15.94,26.16,116571.8
Argentina,Cassava,2014,2256.52,48.8,12.61,58631.0
India,Soybeans,2009,433.4,7.88,36.98,12933.9
Argentina,Sweet potatoes,2007,1407.35,50.86,32.72,75312.5
Egypt,Potatoes,2002,1181.14,140.01,37.64,104591.6
Australia,Sorghum,2014,921.56,14.25,34.12,8357.8
Indonesia,Maize,2013,1333.15,31.65,32.02,48342.8
South Africa,Cassava,2006,1223.61,5.85,18.63,124563.1
Brazil,Potatoes,2002,2615.21,45.43,15.77,66548.0
Germany,Cassava,2002,2832.91,41.17,31.29,29259.5
Indonesia,Wheat,1995,2078.15,83.19,21.47,21129.1
France,Cassava,2009,227.23,10.47,32.5,47665.5
Germany,Maize,1995,982.91,68.24,35.27,30559.0
Mexico,Plantains and others,1997,1553.21,30.98,26.18,70489.1
Indonesia,Sweet potatoes,2002,1955.85,86.97,23.35,109995.6
France,Rice,2003,2499.5,85.88,33.93,15844.2
Japan,Rice,2000,1102.33,25.51,33.28,32100.8
Mexico,Sorghum,2008,517.48,64.5,25.87,17935.6
South Africa,Potatoes,2001,236.4,45.75,13.79,161666.6
India,Maize,1998,1324.84,85.83,18.08,39127.6
Brazil,Sweet potatoes,1995,239.97,24.22,25.52,105819.3
Mexico,Wheat,2003,2390.31,48.42,35.31,5506.5
China,Soybeans,1999,1871.69,108.37,20.01,17326.1
Mexico,Soybeans,2010,1732.8,16.16,26.8,17102.1
Germany,Plantains and others,2008,1524.69,127.16,17.34,95182.5
Indonesia,Yams,2021,1711.0,86.3,24.8,112819.6
China,Yams,2013,2604.6,117.85,13.66,39783.8
United States,Soybeans,2020,1209.27,65.95,23.35,32234.1
Indonesia,Cassava,2021,992.9,38.43,29.62,116234.9
Japan,Maize,2004,2879.65,81.36,16.48,15636.1
Argentina,Sorghum,2012,2392.42,18.68,20.87,8492.8
United States,Plantains and others,1996,2147.6,15.67,21.21,51055.3
France,Potatoes,2000,1733.81,42.11,37.73,68272.5
France,Plantains and others,2020,1121.55,7.68,28.98,74074.7
United States,Cassava,1997,2404.98,34.65,31.5,25836.8
France,Cassava,2005,1214.19,17.32,30.17,82992.5
Brazil,Yams,2007,1944.58,79.44,31.47,34209.2
South Africa,Rice,1999,215.63,106.46,27.47,31055.0
Canada,Sweet potatoes,1998,437.53,21.05,26.77,113945.0
Argentina,Rice,2019,1307.87,12.75,33.69,42391.3
Argentina,Sweet potatoes,2004,1354.6,97.66,15.91,154218.1
Nigeria,Maize,2019,2888.04,65.24,16.91,24696.5
India,Maize,2019,2167.39,97.27,14.15,21750.9
Egypt,Wheat,2015,2595.56,20.38,27.03,17633.7
Argentina,Maize,2020,269.88,46.34,13.88,37682.6
Japan,Wheat,1994,2646.82,110.55,22.0,12770.8
Mexico,Wheat,1993,2379.78,6.81,14.43,11896.4
Mexico,Yams,1995,1909.33,88.9,37.99,32470.6
United States,Maize,2007,1573.04,81.16,26.9,49343.8
Mexico,Soybeans,2018,1995.23,124.76,22.52,21560.2
Germany,Potatoes,1999,1409.0,235.83,15.34,151304.8
France,Potatoes,2016,820.23,14.65,16.33,198900.1
Brazil,Soybeans,2018,1885.71,32.76,33.87,13947.3
Germany,Maize,2006,1362.26,99.52,23.58,54199.4
China,Rice,2006,2417.36,101.7,16.19,22756.0
Germany,Plantains and others,1997,1059.64,33.75,14.64,90851.0
China,Wheat,2016,1558.9,12.94,29.9,19810.7
Nigeria,Maize,2013,2910.29,9.09,18.89,22172.4
China,Yams,2013,269.41,45.61,24.14,91799.4
United States,Soybeans,1997,614.81,26.13,33.58,20571.4
France,Potatoes,2001,1489.08,5.94,14.09,150249.3
Japan,Sorghum,2008,954.34,134.08,12.81,18695.5
India,Potatoes,1996,2251.37,47.52,27.37,70597.8
China,Soybeans,2005,630.8,5.03,28.71,24713.6
Canada,Rice,2023,659.88,12.81,16.37,44949.9
Argentina,Plantains and others,2001,1003.76,51.15,18.39,95251.0
France,Rice,2021,2035.4,47.57,25.5,43470.2
Mexico,Sorghum,2004,766.01,157.7,35.47,7535.2
Indonesia,Sorghum,2023,2897.4,179.68,35.79,3772.2
Japan,Cassava,2014,1470.02,265.38,25.92,102665.2
Indonesia,Sorghum,1990,2058.26,11.58,31.64,6613.6
France,Sorghum,2021,1832.72,5.5,18.86,15579.0
Egypt,Cassava,2018,2743.57,171.95,20.44,71609.5
France,Potatoes,2008,580.77,95.6,34.48,96874.1
Germany,Sweet potatoes,1997,1336.69,36.39,31.79,67899.3
Nigeria,Sweet potatoes,2021,517.96,19.23,20.16,194102.2
Canada,Rice,2007,1727.1,194.03,18.12,47189.1
India,Plantains and others,2010,2879.44,15.56,35.05,16844.4
South Africa,Sweet potatoes,2019,2696.94,17.3,32.25,34112.1
Indonesia,Plantains and others,2022,2233.42,20.72,33.32,24291.1
India,Maize,2001,469.63,126.29,28.33,51595.4
Australia,Soybeans,2000,1929.11,196.23,17.57,18972.9
Australia,Wheat,2004,2187.0,34.6,18.86,17769.0
Brazil,Maize,2007,1452.66,20.59,22.58,39352.1
China,Rice,2000,552.45,5.04,24.78,33012.9
Brazil,Soybeans,2019,2356.53,15.55,19.31,10461.1
Mexico,Maize,2010,572.43,63.69,28.84,47320.3
Germany,Wheat,1992,1575.23,53.96,36.72,13064.8
Argentina,Rice,2007,2554.93,9.93,35.07,14812.1
Brazil,Cassava,1990,2010.43,112.43,16.78,71457.5
India,Sorghum,2007,525.55,104.49,17.77,22925.3
South Africa,Potatoes,2020,799.05,22.72,32.98,85273.3
France,Plantains and others,2005,2329.82,40.22,21.88,38923.4
Canada,Sweet potatoes,1997,1648.39,43.12,34.16,62044.8
Indonesia,Plantains and others,2000,1466.91,81.42,28.74,63308.8
South Africa,Plantains and others,2017,1966.61,51.45,28.05,50218.0
China,Potatoes,2023,595.65,27.62,19.84,222168.3
Indonesia,Yams,2019,515.19,41.39,34.95,58949.7
Mexico,Potatoes,1993,2430.02,20.47,28.73,40134.5
India,Plantains and others,1994,1747.33,95.16,37.69,29832.0
Egypt,Wheat,2003,309.97,21.74,18.83,34370.7
France,Maize,1992,2381.57,38.51,16.91,13370.5
South Africa,Sweet potatoes,2007,1854.64,112.56,22.5,105610.2
Australia,Soybeans,2018,2039.18,63.8,23.63,20571.1
Canada,Cassava,2012,2791.16,127.94,26.34,58683.0
China,Yams,2022,2561.29,7.06,36.02,16884.7
Canada,Sorghum,2020,277.5,174.11,15.23,23243.4
Indonesia,Maize,1996,1619.21,84.11,25.36,51211.4
United States,Potatoes,2020,1320.82,159.21,25.48,205777.4
France,Wheat,1991,876.41,6.75,23.05,26396.5
Canada,Soybeans,1992,683.16,5.14,33.64,20987.2
Canada,Cassava,2018,1783.4,97.39,23.46,134159.3
Egypt,Sorghum,1990,1470.54,95.07,33.6,7837.8
Egypt,Cassava,1991,800.79,30.26,33.14,53973.4
United States,Rice,2008,1414.71,9.38,13.14,36515.4
Brazil,Plantains and others,1998,711.35,15.95,15.54,78743.3
Argentina,Plantains and others,2011,2186.66,10.51,37.4,19625.1
South Africa,Potatoes,2011,668.61,17.11,19.89,211290.4
Nigeria,Plantains and others,1991,2184.36,23.16,24.55,44282.0
Australia,Soybeans,1992,1503.99,9.84,14.43,15479.5
Mexico,Plantains and others,1991,905.03,67.36,33.61,33278.2
Egypt,Plantains and others,1998,1663.96,124.52,12.53,85562.2
Australia,Soybeans,2020,1684.78,22.72,18.47,22806.0
Egypt,Rice,2011,2580.31,133.75,25.86,29227.9
South Africa,Sweet potatoes,2009,2542.7,47.31,28.37,51892.3
United States,Maize,2023,1475.85,71.89,21.19,55805.7
Mexico,Maize,2013,1966.5,17.53,29.91,26515.9
Egypt,Sweet potatoes,2006,2607.9,33.94,12.06,67618.0
Nigeria,Plantains and others,2007,1955.34,26.18,33.08,27618.5
Indonesia,Maize,2008,2504.17,42.95,24.01,27260.3
Nigeria,Plantains and others,2002,737.81,8.45,27.86,85349.5
India,Plantains and others,1995,301.38,51.22,27.3,65998.8
Indonesia,Sorghum,2006,1346.46,37.58,20.46,21904.2
Germany,Maize,2002,1327.48,30.92,23.47,54160.7
Brazil,Maize,1991,2716.52,22.85,24.57,18911.7
Brazil,Maize,2011,825.18,148.08,24.82,52466.7
Indonesia,Sweet potatoes,2018,2582.43,48.81,35.29,32490.6
Canada,Cassava,2010,2552.69,197.29,13.13,59425.6
South Africa,Sweet potatoes,1992,1529.4,129.4,37.57,54077.1
United States,Plantains and others,2012,2933.25,34.83,26.37,39473.6
Indonesia,Soybeans,2015,1121.62,10.63,20.14,25558.0
Japan,Wheat,2016,2680.63,104.12,26.75,13016.9
Germany,Sorghum,2016,1082.41,82.08,21.37,28993.3
Australia,Sweet potatoes,2014,1073.12,12.5,16.74,169671.8
Japan,Wheat,2007,2656.79,9.09,22.1,13790.6
Nigeria,Plantains and others,2013,2582.5,70.55,17.77,49221.3
Canada,Yams,1995,1308.84,56.88,28.71,84206.0
China,Sweet potatoes,2014,218.37,91.46,18.1,165167.4
Brazil,Sorghum,1995,1483.81,117.78,28.55,10523.9
China,Wheat,2008,2226.97,81.47,35.81,5644.6
Indonesia,Yams,2016,643.22,15.45,33.28,57676.3
South Africa,Wheat,2022,383.16,34.5,13.76,29264.2
Argentina,Yams,2006,771.98,46.97,12.35,83186.2
Canada,Yams,2008,2355.29,71.24,19.48,52978.1
United States,Maize,2015,1802.3,13.79,27.82,49667.1
China,Sweet potatoes,1994,1288.88,84.64,12.5,114263.3
South Africa,Plantains and others,2021,1126.62,26.84,24.97,87653.7
France,Potatoes,2010,705.33,94.34,23.95,168662.7
Germany,Maize,2003,2917.89,50.81,27.96,21598.3
Japan,Soybeans,1996,2980.0,161.78,26.1,10808.9
Argentina,Plantains and others,2014,903.34,23.96,14.88,92081.4
Australia,Cassava,1997,2614.76,88.13,31.62,28661.0
South Africa,Yams,2017,1417.45,16.06,37.4,37055.9
Brazil,Sorghum,2011,1978.33,59.21,15.21,12572.4
Canada,Rice,1995,2021.03,9.62,20.19,36075.8
France,Sorghum,1999,263.51,84.24,35.03,7298.0
Germany,Sorghum,1999,1492.33,82.64,28.59,14095.6
Germany,Sweet potatoes,1993,2007.63,50.75,16.76,97889.2
Japan,Maize,2010,1412.71,8.06,35.37,26734.9
India,Potatoes,1998,1258.68,66.67,27.56,141167.4
Brazil,Yams,1997,1292.06,234.43,33.11,37799.0
Japan,Soybeans,2019,2244.23,34.75,19.59,13171.5
Canada,Yams,2010,268.95,84.51,27.88,104210.9
Brazil,Maize,2009,654.13,33.7,36.04,29111.7
Argentina,Plantains and others,2007,917.43,26.43,24.19,90718.9
South Africa,Sweet potatoes,2000,1686.64,14.49,18.45,120072.2
Mexico,Rice,2006,1147.44,5.92,34.52,27104.0
Indonesia,Cassava,1992,1671.81,10.92,37.23,41014.7
Indonesia,Yams,2000,1294.95,76.11,27.21,99327.2
Canada,Maize,2002,2364.57,18.09,37.04,12533.6
Japan,Wheat,2015,868.19,82.21,23.3,37803.1
Argentina,Sweet potatoes,2012,1939.77,5.39,16.08,108201.7
Mexico,Soybeans,2018,1946.92,47.28,31.36,17456.6
Nigeria,Soybeans,2008,2433.38,148.22,27.73,13167.2
Nigeria,Cassava,1992,2814.09,20.88,37.22,21466.6
United States,Cassava,2012,268.61,25.73,23.93,119406.3
India,Cassava,1991,2960.51,39.21,14.87,56838.6
Australia,Potatoes,2010,203.75,46.16,19.6,201791.9
Brazil,Sweet potatoes,1995,284.05,63.84,26.9,99211.1
Canada,Cassava,2019,2038.7,103.07,21.2,100652.7
Argentina,Wheat,2019,1073.71,55.67,33.55,16852.5
Mexico,Wheat,1997,1115.22,6.19,35.75,14551.5
Brazil,Wheat,2002,1459.27,38.98,17.32,27905.6
Nigeria,Plantains and others,1998,1536.78,102.62,24.18,84962.6
China,Sorghum,1993,586.4,100.33,20.14,19473.3
Brazil,Soybeans,2007,1922.88,9.12,16.15,12866.5
China,Rice,1997,591.11,44.94,18.26,34440.1
Egypt,Cassava,1991,704.55,12.9,18.66,135253.3
Germany,Potatoes,1994,503.31,56.97,14.92,195239.0
China,Sorghum,1998,1965.6,12.6,16.38,11249.7
Argentina,Wheat,1999,2036.05,67.6,21.4,22442.3
India,Cassava,2008,676.65,93.69,33.87,53985.5
Egypt,Rice,1995,1532.47,37.67,12.95,28876.2
Indonesia,Cassava,2003,980.97,72.68,26.03,131224.4
Egypt,Sorghum,2015,2020.33,106.06,31.25,9886.1
China,Wheat,2003,2515.87,95.48,22.7,13891.9
Nigeria,Cassava,1995,1872.96,21.57,29.76,57176.3
South Africa,Yams,2003,1350.31,35.05,24.0,95895.3
Mexico,Wheat,2009,2670.58,64.4,37.1,5767.8
South Africa,Sorghum,2002,321.6,56.21,12.47,17875.0
India,Sorghum,2012,1131.57,119.16,16.09,21742.7
Nigeria,Sorghum,2010,1521.85,21.98,18.59,21880.7
China,Plantains and others,2023,2543.7,14.15,29.02,24928.9
Japan,Plantains and others,2016,1703.78,86.39,34.82,34728.7
China,Yams,2009,677.54,82.45,19.87,108643.0
Japan,Plantains and others,2023,2578.44,45.23,31.16,22439.8
Mexico,Wheat,2011,2935.4,85.44,21.74,16514.2
Egypt,Soybeans,2001,593.85,183.24,31.17,24599.9
Australia,Plantains and others,2023,1258.8,63.22,16.78,103743.6
Mexico,Sweet potatoes,2018,1841.34,20.45,35.73,52453.7
Australia,Wheat,2010,2123.79,39.25,35.71,10044.5
South Africa,Soybeans,1997,465.55,5.76,33.8,13577.6
Germany,Cassava,1996,1915.57,39.43,21.37,95479.4
Germany,Wheat,2002,664.32,6.96,37.65,14337.1
South Africa,Potatoes,2017,1607.86,33.55,32.7,84059.1
China,Sweet potatoes,2007,1122.33,86.66,35.17,64886.9
Nigeria,Sweet potatoes,2003,2259.29,185.56,32.18,47914.6
Japan,Sweet potatoes,2006,1065.66,93.44,26.81,132841.9
Egypt,Sweet potatoes,1993,2418.98,38.95,33.71,28087.0
Australia,Sorghum,1991,1838.33,30.87,34.51,5990.8
Egypt,Rice,2007,1206.3,41.22,15.44,47974.0
Egypt,Soybeans,2009,800.15,92.0,33.55,25472.5
Australia,Plantains and others,2022,1583.93,22.21,15.96,112268.9
Germany,Wheat,1992,596.16,14.25,30.17,19565.0
Nigeria,Yams,2023,1184.51,79.53,16.14,136630.2
United States,Plantains and others,1992,2372.82,10.98,22.97,37777.5
Australia,Sorghum,1992,2649.42,16.83,33.45,3504.4
Nigeria,Sweet potatoes,1990,2972.62,30.99,35.88,28644.7
Canada,Wheat,2021,1166.76,21.49,12.52,37111.5
Argentina,Wheat,2014,1039.17,26.0,19.83,35456.1
Nigeria,Wheat,2000,2020.74,16.42,29.98,14589.1
Mexico,Rice,1996,2945.38,88.16,19.59,16657.7
Germany,Soybeans,1996,2193.83,8.4,15.57,9928.0
Egypt,Sweet potatoes,2001,743.55,35.66,37.65,83794.1
Canada,Potatoes,2005,1239.03,123.27,35.71,83863.4
India,Potatoes,2022,2494.3,20.56,32.57,40858.0
Indonesia,Soybeans,2019,1200.58,32.84,24.29,40414.0
Brazil,Wheat,2020,2987.02,112.31,32.28,7474.5
India,Yams,1996,453.98,41.72,29.93,63400.7
Brazil,Yams,2008,2400.76,16.17,26.57,31469.8
Nigeria,Potatoes,2021,2701.25,18.62,26.0,89424.1
Japan,Rice,1995,2874.1,166.77,14.12,12080.4
Argentina,Wheat,2022,2567.98,50.51,19.74,14549.0
Japan,Rice,1991,267.24,51.31,23.2,34729.4
Australia,Sorghum,2008,1378.09,9.27,17.92,19898.8
Canada,Yams,1998,1469.67,27.85,16.95,115287.8
Argentina,Soybeans,2011,371.9,10.54,18.32,25931.4
Japan,Cassava,1993,1283.82,11.52,29.96,66684.0
Argentina,Sorghum,2012,1945.11,33.01,22.37,14918.3
Brazil,Potatoes,2000,1486.16,25.22,14.42,161841.2
Canada,Wheat,2009,1583.44,51.86,31.32,20599.8
Australia,Maize,2010,2415.79,48.2,30.25,18196.5
Nigeria,Sweet potatoes,2010,2886.36,84.1,18.33,71281.9
Brazil,Potatoes,2015,2731.46,92.97,24.43,80436.2
Indonesia,Maize,1999,808.85,42.5,20.29,52217.7
India,Sorghum,2014,440.08,48.65,30.38,11119.8
Nigeria,Sweet potatoes,1997,934.54,13.69,13.22,137352.7
Argentina,Yams,2003,2700.28,58.61,34.37,17790.0
Japan,Maize,1992,2738.8,81.97,14.35,13133.9
Indonesia,Potatoes,2012,491.09,7.68,37.15,92589.9
China,Rice,2011,1616.64,52.0,22.74,37382.2
China,Sorghum,2001,910.35,109.68,16.77,21470.1
Argentina,Potatoes,2016,2613.52,154.09,29.64,70707.4
Mexico,Rice,2002,435.31,150.51,23.02,42072.5
Canada,Plantains and others,1995,1919.01,7.41,27.45,55911.4
Argentina,Rice,1999,416.08,68.83,33.53,32215.4
India,Potatoes,2021,1482.17,16.07,24.33,191131.9
Canada,Potatoes,2006,2672.16,11.16,17.83,80849.4
South Africa,Sorghum,2006,1643.78,26.22,18.75,17812.0
South Africa,Sorghum,1997,2642.86,20.96,18.81,7369.8
Egypt,Wheat,2021,236.64,136.71,25.63,38535.0
Canada,Sweet potatoes,2006,936.94,24.17,24.7,163276.8
Germany,Plantains and others,2013,2220.41,20.32,31.27,24745.1
Indonesia,Plantains and others,2000,1671.72,140.11,15.67,94293.5
Indonesia,Sorghum,1998,752.7,21.5,24.29,20445.8
Indonesia,Wheat,2001,2549.59,44.23,30.31,11459.4
India,Soybeans,2004,1392.42,56.74,30.05,22207.9
India,Sweet potatoes,2001,2109.25,60.14,25.62,79471.2
Mexico,Wheat,2005,2990.08,7.51,23.52,14898.5
Indonesia,Plantains and others,2001,2154.24,51.22,26.17,47940.3
Canada,Plantains and others,2012,2649.19,71.03,15.65,44171.0
Australia,Rice,1997,705.04,56.58,17.0,40646.6
France,Cassava,2021,2183.0,57.0,19.89,74103.5
Mexico,Yams,2023,2550.06,39.81,20.43,52716.8
Germany,Potatoes,2012,1329.14,16.44,27.9,158283.5
South Africa,Potatoes,2023,1843.59,55.44,34.48,74492.9
Japan,Yams,2010,873.54,14.93,28.4,73498.7
France,Cassava,2008,1875.15,29.12,22.55,88316.3
China,Cassava,2010,1290.71,10.83,17.21,113048.9
Indonesia,Potatoes,2021,1935.71,61.27,30.51,103165.2
Brazil,Sweet potatoes,2012,1342.05,8.27,16.94,144425.6
Nigeria,Yams,2022,1043.21,34.54,32.88,59044.7
Canada,Potatoes,1997,2227.09,20.18,12.36,86201.6
Indonesia,Wheat,2020,2868.73,42.0,30.59,12519.0
Indonesia,Yams,2006,376.88,191.45,22.72,123545.5
Egypt,Rice,2017,1799.15,19.08,33.39,38012.0
China,Sorghum,1996,1983.39,14.81,24.35,11418.3
Brazil,Soybeans,2002,2897.31,33.63,20.65,9946.2
United States,Sweet potatoes,2020,1931.27,151.21,24.98,139501.9
China,Potatoes,2013,381.22,202.61,21.81,193468.5
India,Plantains and others,1996,2641.98,25.04,20.02,34849.7
India,Rice,2006,1783.99,76.88,30.54,44373.6
Nigeria,Rice,1990,483.72,117.86,26.18,45680.4
Nigeria,Potatoes,2011,1160.07,83.88,25.37,214942.2
China,Sorghum,2006,962.12,37.51,33.36,7653.7
Nigeria,Yams,1998,2603.4,110.72,34.59,18284.2
Japan,Rice,2019,1359.32,22.47,18.71,41461.6
Australia,Sorghum,2023,564.85,19.85,37.15,10194.4
Nigeria,Cassava,2002,2596.71,5.7,12.16,46241.3
Argentina,Cassava,2000,1291.47,59.45,14.62,104402.5
Nigeria,Sweet potatoes,2020,842.17,57.09,32.91,83267.0
Mexico,Sweet potatoes,2011,609.02,36.57,24.08,161433.3
India,Plantains and others,1992,2618.59,79.86,23.17,34359.7
Australia,Rice,2005,1667.98,85.78,19.98,49034.7
China,Wheat,2020,2907.16,38.29,24.33,13790.7
Brazil,Soybeans,2011,2099.77,15.57,12.88,11265.6
Nigeria,Wheat,1992,386.65,119.83,28.41,26292.5
Brazil,Soybeans,1990,599.89,28.79,12.38,13987.4
Japan,Wheat,2004,1659.72,82.06,23.31,30031.4
Argentina,Potatoes,2003,705.56,92.02,32.69,97569.4
Brazil,Soybeans,2017,1611.23,21.06,19.93,22180.9
Egypt,Rice,2018,2919.37,24.43,14.78,18279.3
Canada,Sorghum,1994,1661.18,40.45,33.68,7621.6
Indonesia,Sorghum,2009,2814.88,12.53,14.84,9346.8
Canada,Rice,2022,2080.33,21.82,35.63,31727.9
Japan,Plantains and others,2009,1662.98,46.76,18.72,71389.4
Brazil,Plantains and others,2017,276.03,31.17,20.92,78568.8
Japan,Sorghum,2008,779.73,59.23,32.35,10352.6
Mexico,Potatoes,2020,828.64,32.76,24.66,203628.8
Mexico,Rice,2015,1534.69,32.85,23.84,54201.8
France,Potatoes,2017,1973.05,72.27,17.79,151702.2
India,Cassava,2001,388.54,26.6,20.6,100560.8
Australia,Rice,2018,2222.22,161.25,12.29,22838.4
Japan,Rice,1998,654.36,145.63,33.12,34725.9
India,Maize,1993,2736.2,24.42,24.48,17588.1
South Africa,Potatoes,1995,1262.18,52.35,36.08,75350.8
United States,Yams,2023,1909.42,10.16,19.64,86066.6
United States,Wheat,2008,1787.81,97.86,15.45,31743.9
Japan,Sweet potatoes,2009,731.08,129.41,12.25,131717.1
Brazil,Soybeans,2008,1119.94,11.27,37.57,10835.3
Germany,Plantains and others,2004,1033.62,44.54,21.66,92380.2
Egypt,Yams,2009,640.56,29.39,33.06,48919.5
South Africa,Soybeans,2018,664.28,124.87,22.79,27882.9
Indonesia,Maize,1997,1908.16,22.49,15.67,29092.5
Mexico,Potatoes,2001,220.52,23.58,16.15,179479.1
United States,Potatoes,1993,1662.9,7.13,14.36,141499.6
South Africa,Sweet potatoes,2023,446.37,32.11,37.23,62162.3
Argentina,Plantains and others,2000,818.77,34.07,21.25,101207.4
South Africa,Plantains and others,2009,809.39,14.49,32.97,36863.6
Mexico,Sweet potatoes,2001,2930.34,25.95,32.04,30908.5
Canada,Yams,1996,2379.61,41.8,33.35,19596.3
United States,Cassava,2020,2980.31,13.39,24.48,63591.0
India,Plantains and others,2011,1969.13,6.77,36.46,24699.6
Argentina,Wheat,2005,2197.78,36.67,36.99,7015.1
Japan,Potatoes,2011,2123.73,19.63,37.13,44316.1
Argentina,Sorghum,2018,2199.12,47.92,27.87,8481.4
Argentina,Rice,2017,234.83,13.69,12.8,25210.1
China,Potatoes,2017,2918.39,293.9,28.56,58204.3
Brazil,Wheat,1999,1709.8,15.05,26.97,20247.6
China,Cassava,2010,2084.47,157.41,28.84,55896.8
Indonesia,Sorghum,2018,1041.66,5.14,25.44,20822.0
Canada,Soybeans,2015,1487.65,18.23,36.2,17515.2
Mexico,Rice,2012,603.67,356.05,35.27,27004.8
Canada,Potatoes,1995,1056.69,8.07,16.29,199939.1
Nigeria,Sorghum,2007,2707.79,44.44,28.31,7294.5
Indonesia,Yams,2022,1183.88,9.43,37.65,62504.9
Argentina,Maize,2016,2111.43,81.12,33.02,22870.9
Australia,Sorghum,2014,2733.38,70.87,31.4,5103.8
Mexico,Yams,2016,604.0,44.07,28.07,90493.3
Mexico,Plantains and others,1992,1547.25,68.56,29.38,61672.7
China,Cassava,1998,2197.87,26.9,34.73,23080.6
South Africa,Potatoes,2016,1816.48,114.86,24.86,145610.3
Nigeria,Cassava,1996,2017.91,47.84,22.55,88578.3
Australia,Rice,1992,616.3,15.1,30.46,37565.1
Nigeria,Yams,2017,2295.47,12.37,13.45,48127.5
United States,Wheat,2006,1652.48,93.62,29.26,23404.6
Germany,Sweet potatoes,1997,2908.72,86.78,23.03,56588.4
Germany,Sweet potatoes,2000,604.55,43.19,16.9,154340.7
Australia,Sweet potatoes,1993,475.55,77.34,26.99,132884.1
South Africa,Sweet potatoes,1996,2371.81,16.42,13.95,51411.5
France,Potatoes,1996,1859.38,97.22,32.97,60857.0
Japan,Yams,2003,2954.07,53.81,16.53,39401.9
Canada,Potatoes,2017,356.52,10.74,31.81,104450.3
Indonesia,Sweet potatoes,2019,2651.46,47.24,16.99,74466.1
Germany,Soybeans,2010,932.92,63.43,32.89,23296.7
South Africa,Soybeans,2005,2271.55,25.9,21.98,12593.2
India,Cassava,2020,2756.78,53.51,37.75,25059.9
France,Yams,2019,945.07,6.8,31.05,59734.1
China,Sweet potatoes,1999,2982.05,75.14,24.62,53162.6
Brazil,Potatoes,2010,1225.71,43.03,20.55,165775.6
Japan,Sweet potatoes,2011,2164.18,214.73,20.89,92041.1
Australia,Rice,1998,1011.88,143.66,18.03,44100.2
Brazil,Sweet potatoes,1994,2339.55,23.78,21.19,56746.5
Egypt,Yams,2017,1883.18,49.44,33.78,39336.5
Mexico,Cassava,2023,2932.73,29.45,20.18,64626.1
Germany,Cassava,2012,443.69,85.1,34.9,55005.9
Germany,Wheat,2019,1041.8,16.9,22.79,39853.9
South Africa,Soybeans,2001,900.58,68.14,15.06,17408.0
Australia,Soybeans,2006,1764.33,79.95,12.52,13974.8
Egypt,Potatoes,2019,1659.29,70.59,36.6,80813.7
Indonesia,Sweet potatoes,1990,2963.32,30.65,37.02,27284.1
Germany,Rice,2011,1040.65,9.39,31.98,37465.1
China,Sorghum,1994,1617.77,70.35,22.82,14070.3
Indonesia,Plantains and others,2019,511.88,20.01,33.11,46873.0
India,Sorghum,2016,1647.46,108.59,18.5,20547.4
Mexico,Yams,1999,273.96,42.72,31.43,55843.0
Nigeria,Potatoes,1994,1518.21,6.87,34.95,69042.0
Egypt,Maize,2021,1948.2,207.62,33.81,37002.7
Canada,Potatoes,1993,426.42,65.92,14.78,202170.5
India,Yams,2018,2426.01,49.63,36.7,16997.6
Canada,Yams,2010,890.35,24.35,23.24,116205.2
Nigeria,Rice,2004,491.39,5.35,20.38,40776.5
India,Sweet potatoes,1994,2732.35,121.34,15.32,61365.4
Australia,Cassava,1991,2486.03,6.64,16.76,51119.0
Brazil,Sorghum,2016,2834.27,25.88,34.05,3269.4
China,Yams,2022,2262.38,13.61,27.5,40908.3
China,Soybeans,1992,898.9,32.83,13.68,14793.4
Australia,Potatoes,1993,2375.62,19.58,37.31,30188.0
India,Rice,2012,1485.7,49.5,19.29,49783.2
Mexico,Sweet potatoes,2008,1468.32,28.01,20.89,148188.7
Japan,Cassava,1998,968.75,103.52,24.68,111889.5
Mexico,Soybeans,2013,2199.17,15.02,36.38,7074.5
Germany,Sorghum,1994,1007.41,13.29,22.57,20413.4
Egypt,Soybeans,1992,1150.8,7.18,23.57,21958.2
Brazil,Plantains and others,2004,733.66,43.16,36.7,33140.3
Canada,Yams,2007,1979.87,33.01,35.6,34191.1
Australia,Sweet potatoes,2001,2949.15,62.57,32.28,33009.9
Australia,Soybeans,2014,2638.14,13.86,12.63,7823.0
Egypt,Maize,2020,2639.81,13.1,20.73,24523.4
Mexico,Potatoes,2023,415.69,24.79,37.36,64919.1
India,Maize,2021,2900.41,78.43,22.33,22100.8
Argentina,Sweet potatoes,1995,2257.18,84.5,33.18,27994.7
Japan,Yams,2005,635.25,16.98,32.87,38858.4
Canada,Soybeans,2018,1591.55,5.76,15.05,20913.8
Indonesia,Plantains and others,1998,323.32,33.27,31.67,48424.3
Indonesia,Yams,1994,1381.3,12.75,14.22,103946.8
Indonesia,Maize,2023,2591.17,6.6,34.58,17228.5
Australia,Yams,2016,875.37,13.35,20.77,135792.0
Nigeria,Soybeans,2001,1234.06,88.0,14.02,22491.5
Australia,Cassava,2008,2040.38,50.17,27.15,67772.7
United States,Yams,2020,880.49,64.49,24.48,140559.9
Australia,Sorghum,1994,2863.13,69.2,24.95,8330.9
Australia,Soybeans,2017,1967.21,40.76,32.15,17131.5
Nigeria,Potatoes,2015,573.32,133.08,12.88,213703.6
Canada,Wheat,1992,223.25,136.97,20.15,40974.3
France,Maize,2009,1862.72,74.67,36.75,20335.2
Canada,Plantains and others,2010,1990.96,50.32,30.39,53803.5
South Africa,Sorghum,1997,2702.33,59.06,20.08,6131.9
Japan,Rice,2009,721.63,40.79,31.9,41120.0
Brazil,Wheat,2011,726.57,26.57,35.12,15164.7
Germany,Sweet potatoes,1990,2240.72,42.45,14.58,64734.5
Argentina,Plantains and others,2018,2588.12,14.94,35.25,17514.4
Canada,Sweet potatoes,1999,1470.2,139.64,18.23,153897.9
India,Plantains and others,2011,2995.06,77.91,29.88,28172.7
Australia,Sweet potatoes,1995,1253.85,13.12,21.55,149610.5
United States,Cassava,1992,1504.71,6.04,14.52,98249.0
Japan,Cassava,1992,680.49,84.43,32.82,45632.2
Nigeria,Potatoes,1997,1855.16,56.87,30.53,118726.5
Japan,Rice,2022,529.53,5.5,30.06,40112.5
France,Rice,2001,2266.83,8.08,22.85,33425.3
Egypt,Maize,1991,1493.94,36.84,14.06,33824.7
Germany,Soybeans,2016,415.69,40.66,29.4,25468.2
Japan,Plantains and others,2006,2134.04,23.39,13.07,46598.5
Canada,Plantains and others,2006,1468.05,22.57,15.31,101549.9
Egypt,Wheat,2000,1935.67,87.0,20.81,31892.7
Argentina,Plantains and others,2005,492.69,39.43,30.25,63470.5
Brazil,Plantains and others,2000,692.42,11.08,37.74,29587.0
France,Wheat,2019,1202.61,46.68,17.42,41088.2
Canada,Rice,2003,2545.09,127.08,26.97,25290.2
United States,Sorghum,2008,2912.68,37.0,30.0,6399.2
Argentina,Rice,2008,550.34,43.05,20.17,44258.0
Egypt,Sorghum,2011,2464.86,42.76,15.71,10948.4
Brazil,Wheat,2012,1743.79,51.3,30.46,19209.3
United States,Yams,2022,1762.25,44.99,34.23,40903.9
France,Sorghum,1993,1824.4,61.41,15.03,14040.9
Indonesia,Sorghum,2017,860.97,111.17,31.88,12277.8
Brazil,Sweet potatoes,2023,474.51,27.25,16.02,159804.9
Canada,Sorghum,1994,1899.29,5.33,26.46,12601.9
Brazil,Sweet potatoes,2003,1737.94,42.88,29.03,75038.8
South Africa,Sorghum,2009,401.95,12.56,37.28,7641.1
Mexico,Cassava,1991,1215.45,19.43,34.2,49412.5
Brazil,Potatoes,2002,2753.4,102.52,35.25,25402.9
Brazil,Plantains and others,1994,2191.73,59.61,37.82,18469.9
Canada,Cassava,1995,2982.18,33.47,20.11,56024.2
France,Sweet potatoes,2011,2586.94,151.79,37.27,33394.4
Mexico,Cassava,1993,801.6,229.3,17.6,127919.1
France,Yams,2016,2305.87,5.89,32.48,23647.8
Brazil,Plantains and others,2018,259.9,14.24,21.99,87396.4
Germany,Cassava,1993,998.25,27.61,36.45,51119.3
Egypt,Potatoes,2015,2458.25,46.2,22.5,113841.6
Japan,Yams,1999,2510.14,91.69,19.35,40657.7
Indonesia,Cassava,2017,244.69,33.18,19.98,123076.8
Canada,Wheat,1992,1062.03,297.79,14.24,37749.8
Canada,Cassava,1990,1000.93,83.99,36.86,50293.3
Canada,Potatoes,2020,2272.32,91.37,32.77,45461.6
Canada,Potatoes,1990,1055.34,6.56,20.51,222840.6
Egypt,Potatoes,2005,233.6,60.3,27.05,197723.7
South Africa,Sweet potatoes,2018,506.64,21.3,16.11,172861.8
Nigeria,Wheat,2004,978.79,36.42,37.2,17223.2
China,Potatoes,2011,2677.42,135.33,29.09,59265.9
Japan,Cassava,1999,1000.69,7.52,25.08,80681.9
Nigeria,Maize,2005,770.29,149.09,37.13,27563.7
Indonesia,Soybeans,1995,2688.59,6.95,36.53,6446.2
Mexico,Sorghum,2016,481.89,88.02,37.6,7169.9
China,Sorghum,2002,309.68,59.52,36.34,7772.1
United States,Maize,1996,1201.38,8.12,16.67,42151.5
Argentina,Maize,1996,2383.26,103.13,34.58,13819.5
Nigeria,Cassava,2017,330.11,9.1,23.02,139484.7
France,Rice,2012,1616.76,69.78,13.12,29800.2
Germany,Maize,2014,2985.8,55.31,24.78,24901.5
Nigeria,Sweet potatoes,2013,1401.76,65.58,32.0,90940.3
Indonesia,Wheat,1991,2346.83,83.07,28.24,10351.0
France,Sweet potatoes,2015,1136.53,53.61,28.58,121669.2
Argentina,Soybeans,2017,2010.09,53.53,35.9,12367.8
France,Wheat,1990,2374.46,6.77,13.08,10163.6
United States,Yams,2014,2031.73,63.03,25.25,70627.5
Brazil,Sweet potatoes,2005,1517.66,12.85,23.76,122340.6
Indonesia,Sweet potatoes,2015,291.71,15.7,30.02,100527.4
Egypt,Rice,1998,1502.03,68.89,36.08,33679.8
United States,Plantains and others,2015,2649.25,56.12,14.71,44152.8
Japan,Plantains and others,2009,2549.53,62.92,24.11,35041.1
South Africa,Sweet potatoes,2009,2302.02,34.23,14.49,62666.9
Mexico,Plantains and others,2018,791.06,25.27,35.52,40469.8
France,Plantains and others,1994,519.09,226.35,22.55,96345.2
Brazil,Maize,2015,800.04,21.15,31.87,43594.7
Brazil,Potatoes,2023,1390.7,127.98,34.44,90190.7
India,Wheat,2011,2608.8,13.82,15.38,16494.5
United States,Maize,2003,231.98,21.47,16.46,41378.5
France,Maize,2005,1655.88,149.63,21.02,43335.9
Canada,Rice,2021,2773.19,22.64,37.23,11238.3
Canada,Yams,1993,2193.59,68.42,14.61,53052.2
Australia,Potatoes,1995,1161.84,36.93,31.37,92607.8
Egypt,Yams,2013,245.27,70.78,17.97,127424.5
Indonesia,Potatoes,1995,2719.91,29.43,30.15,58087.6
United States,Yams,2020,2950.92,31.9,25.08,46003.0
China,Wheat,2007,2668.08,36.23,20.8,14647.5
Japan,Sorghum,2012,873.61,127.28,24.06,17274.2
China,Wheat,2013,2268.73,231.58,13.18,15558.7
Canada,Soybeans,2020,2389.65,115.55,23.63,14656.8
Nigeria,Cassava,2000,2758.33,251.56,28.06,44909.4
China,Cassava,1991,2921.39,31.26,17.56,34422.5
Australia,Rice,1992,2583.78,17.52,20.24,20469.7
India,Potatoes,2012,1106.23,17.55,20.76,214478.1
Mexico,Potatoes,1990,807.8,56.08,16.71,197525.6
Nigeria,Sorghum,2008,1711.92,64.88,35.68,8102.6
Nigeria,Soybeans,2018,561.03,8.36,21.8,31895.5
Argentina,Maize,2018,2423.39,19.43,28.51,20635.9
Nigeria,Potatoes,2016,364.28,6.38,34.33,90892.7
Nigeria,Yams,1999,960.26,64.06,15.24,122417.0
Argentina,Soybeans,2010,2589.36,15.18,29.19,8439.8
Japan,Sorghum,2004,2284.44,114.66,28.71,6187.9
Brazil,Potatoes,2006,365.19,129.43,36.44,81513.1
Japan,Sorghum,1992,1517.61,10.26,22.34,14956.5
South Africa,Sweet potatoes,1996,2726.06,95.38,12.25,50312.0
India,Soybeans,2015,1603.24,10.27,20.87,24755.2
Egypt,Yams,1993,1055.42,76.69,24.54,104892.3
Germany,Sorghum,2013,2067.46,7.93,18.91,13665.7
Brazil,Wheat,2005,1537.87,49.93,13.72,28761.3
Indonesia,Wheat,1991,2860.42,80.23,17.63,15429.4
Canada,Sorghum,2005,2842.19,65.26,21.56,8180.5
South Africa,Rice,2015,1226.91,40.35,24.2,64764.3
Mexico,Rice,2002,1785.35,142.47,31.41,38774.8
United States,Soybeans,2012,1139.06,78.38,37.28,14576.7
Mexico,Maize,2001,2154.05,122.4,18.4,26064.9
Mexico,Rice,2007,1463.74,90.82,18.15,45846.9
South Africa,Potatoes,1992,1385.52,68.1,19.14,152065.7
Japan,Potatoes,1998,1816.53,40.93,34.68,52667.6
Indonesia,Yams,2012,2445.79,68.48,24.27,51839.4
Mexico,Wheat,2001,576.93,75.52,14.97,36956.1
Japan,Yams,2014,2321.58,38.72,32.35,22037.3
Australia,Rice,2009,2943.96,19.11,36.82,10701.4
Nigeria,Plantains and others,2015,1388.76,95.73,32.1,56575.9
Germany,Cassava,2004,1645.66,22.82,16.69,109635.0
France,Cassava,1990,1864.22,54.52,24.47,84244.0
Egypt,Maize,1990,2173.47,27.02,27.42,27778.7
United States,Maize,2023,2386.3,103.4,35.19,16875.5
China,Plantains and others,2004,2625.15,92.66,25.6,35895.1
China,Potatoes,2019,580.24,31.8,28.27,165721.1
Mexico,Sweet potatoes,2018,1987.08,30.94,14.9,101388.9
Indonesia,Plantains and others,2005,2204.92,112.18,27.37,49495.7
Brazil,Soybeans,2005,2062.78,15.8,22.19,17410.7
Argentina,Sweet potatoes,1995,466.3,29.46,19.3,147651.2
Germany,Soybeans,1991,1507.01,96.07,30.24,20016.3
Japan,Sorghum,2003,1129.04,15.96,25.48,17638.2
India,Yams,2014,2951.09,87.45,36.73,19745.0
India,Rice,2010,904.35,143.88,13.04,27366.9
Egypt,Plantains and others,2021,1431.87,58.54,12.67,106707.6
Argentina,Cassava,2022,722.76,40.1,22.96,151257.7
Japan,Rice,1996,2336.88,32.16,31.32,22807.3
Mexico,Wheat,1998,402.07,77.81,12.49,27002.3
South Africa,Cassava,1997,2298.26,55.66,29.48,31945.6
Nigeria,Sweet potatoes,2019,1509.12,13.13,28.47,136162.1
Nigeria,Yams,1990,1162.02,21.9,24.77,92883.8
Argentina,Wheat,1998,2800.72,46.95,25.68,12154.6
China,Cassava,2006,2720.08,6.75,21.33,43797.7
China,Sweet potatoes,2016,1044.81,24.18,31.05,94962.9
Egypt,Soybeans,2010,1646.83,170.74,15.37,24500.8
Japan,Soybeans,1996,2076.88,46.22,20.01,14287.6
India,Rice,2003,2208.56,59.74,18.73,30840.7
Nigeria,Soybeans,2004,820.73,20.77,25.23,31823.9
China,Cassava,1993,468.71,27.86,18.35,102664.9
South Africa,Plantains and others,2009,1835.08,20.18,19.17,61774.0
United States,Rice,1990,1408.05,77.32,36.37,26322.2
Egypt,Yams,2014,2146.15,59.51,22.97,71045.7
Nigeria,Wheat,1991,2868.62,38.8,24.28,13852.5
South Africa,Cassava,2017,1232.89,14.86,21.23,114198.9
Indonesia,Rice,1990,478.5,14.16,16.08,33408.8
South Africa,Cassava,1994,2040.77,30.52,31.03,39475.7
France,Rice,2014,2731.06,39.11,31.23,19379.9
India,Rice,2009,2471.21,83.06,29.92,26798.9
United States,Yams,1998,1991.58,25.19,34.88,29239.8
Egypt,Maize,1998,2487.6,29.37,15.69,20766.3
Argentina,Sweet potatoes,2023,774.32,55.41,14.66,170462.1
Argentina,Sweet potatoes,2019,1713.07,65.42,27.15,106196.1
United States,Maize,2013,204.24,9.88,21.88,52578.9
Argentina,Rice,1990,1608.13,12.1,19.57,37929.8
Canada,Potatoes,2000,1803.26,21.99,34.6,67055.4
Argentina,Sweet potatoes,1994,2612.36,6.43,19.37,57663.0
Indonesia,Potatoes,2004,2758.92,122.15,28.0,75014.1
United States,Yams,1990,1307.73,41.19,32.23,50869.5
Brazil,Soybeans,2014,1126.14,56.37,29.5,26794.3
Canada,Rice,2015,923.17,54.09,24.26,66146.8
Canada,Cassava,1993,2595.88,158.22,15.3,56547.2
United States,Maize,2016,1547.83,17.62,35.32,33002.9
Indonesia,Cassava,1999,1622.89,53.65,21.89,109553.7
Indonesia,Maize,2013,1976.39,33.4,16.78,35335.9
Japan,Yams,1991,2937.41,187.81,37.52,16412.1
Indonesia,Cassava,2014,662.25,59.12,12.78,136322.3
Nigeria,Maize,2016,1871.7,111.76,14.2,31385.5
United States,Soybeans,2007,1175.37,13.6,33.08,20306.9
Brazil,Wheat,2005,879.77,11.91,16.47,25864.3
Mexico,Wheat,2021,1012.0,153.75,17.52,41666.7
Germany,Soybeans,2021,1557.44,84.58,21.93,28711.7
Mexico,Sorghum,2005,237.78,45.52,34.14,7034.2
South Africa,Sorghum,1996,2567.26,39.05,20.14,7739.0
Nigeria,Sweet potatoes,2008,694.5,56.36,12.6,160870.2
Indonesia,Yams,1997,2794.18,22.46,23.01,41887.9
Nigeria,Plantains and others,2001,1573.2,60.2,16.45,91334.2
Mexico,Plantains and others,2016,422.99,15.56,18.57,92763.2
France,Maize,1995,1944.57,77.72,31.98,25416.6
Japan,Rice,2018,2355.48,45.91,12.28,17356.9
Canada,Yams,2011,2571.39,14.01,26.16,43428.4
Indonesia,Plantains and others,2021,1062.31,23.97,15.96,107705.1
China,Plantains and others,2019,249.25,34.03,25.29,72294.7
India,Yams,2015,2299.48,73.16,21.19,46172.8
United States,Yams,2013,1372.23,235.58,14.85,126524.4
Canada,Rice,2013,1339.9,18.23,21.26,58529.2
Germany,Rice,1999,980.45,17.12,22.95,46578.4
Japan,Yams,2021,429.01,38.16,15.64,107813.1
India,Yams,2013,1354.47,23.77,12.39,98019.5
Indonesia,Sweet potatoes,2010,2339.38,74.5,32.22,39587.2
Australia,Plantains and others,1991,2287.36,50.52,21.53,42212.5
India,Rice,2016,685.78,6.24,20.22,41419.7
Canada,Sorghum,2018,1566.8,9.93,35.2,8399.3
France,Potatoes,1994,2131.09,97.88,26.15,95165.0
China,Wheat,2002,364.49,54.38,37.53,13393.7
France,Soybeans,2019,874.77,18.76,35.53,17422.2
Germany,Sweet potatoes,2006,1196.2,113.31,28.99,119983.3
South Africa,Sorghum,2005,1018.98,48.32,25.04,16873.2
Australia,Soybeans,1991,1404.44,120.79,20.54,24023.1
Argentina,Wheat,2015,1697.88,16.73,15.89,27303.6
Argentina,Yams,2017,1347.4,13.42,36.69,46606.4
Japan,Cassava,2017,430.33,132.16,28.22,90093.4
Nigeria,Soybeans,2000,1902.75,19.13,17.01,16152.2
Japan,Soybeans,1998,2903.29,11.02,30.33,8972.6
Japan,Potatoes,2005,2482.99,15.04,16.58,69538.8
Egypt,Plantains and others,2021,2680.16,34.99,22.75,48464.8
Australia,Wheat,1991,449.29,144.95,29.01,25314.2
Nigeria,Sweet potatoes,1994,1230.66,77.44,21.4,150423.4
Brazil,Plantains and others,2019,2610.7,45.42,14.29,37287.8
France,Cassava,2019,2652.26,50.24,16.58,56111.5
Nigeria,Potatoes,2002,299.08,32.74,34.41,91868.8
Indonesia,Potatoes,2001,1227.39,93.91,20.64,219069.1
Australia,Potatoes,1999,1843.19,210.38,22.66,159385.9
France,Soybeans,2023,2404.65,20.14,31.99,10748.9
Brazil,Soybeans,1998,1644.87,48.35,23.07,20735.9
Egypt,Maize,2016,2200.41,66.42,22.97,31079.2
India,Wheat,1999,2613.43,26.97,16.15,15264.6
Germany,Rice,2000,1157.53,50.32,32.51,34481.5
Argentina,Rice,1996,563.76,24.0,13.49,28730.4
Brazil,Cassava,2014,2791.25,10.37,33.25,19617.5
Brazil,Yams,1993,2452.14,8.85,26.9,31776.1
Australia,Rice,2015,2245.06,49.73,33.56,30393.1
Brazil,Rice,2021,1029.67,11.11,16.48,41211.1
Japan,Plantains and others,2014,1906.85,9.17,15.72,60840.7
Mexico,Sweet potatoes,2020,2530.45,41.64,30.33,40787.1
France,Maize,1999,1281.99,167.51,13.05,35825.7
Australia,Maize,2009,1357.67,111.65,26.22,52683.9
Brazil,Maize,2002,835.35,14.32,18.5,41325.6
Germany,Sorghum,1996,1542.22,10.79,13.19,15699.6
Mexico,Potatoes,2020,1928.3,12.76,23.28,149896.6
United States,Sorghum,2015,2852.8,22.8,23.01,9882.9
India,Potatoes,2000,1744.08,13.54,24.34,146270.1
India,Maize,2023,1801.92,7.75,34.11,33929.9
South Africa,Wheat,2002,1000.91,40.13,12.19,34181.0
Mexico,Sweet potatoes,2010,1576.85,10.88,30.25,70904.9
Japan,Wheat,2000,1251.47,23.04,19.5,32069.3
Germany,Potatoes,2000,1192.61,46.27,34.46,73894.6
India,Cassava,2023,2009.0,10.75,28.04,63148.1
South Africa,Sweet potatoes,1993,1984.43,21.96,20.7,89475.3
South Africa,Cassava,2015,1467.12,43.89,21.6,121271.0
Indonesia,Cassava,1993,2905.34,90.37,21.46,54603.3
Mexico,Potatoes,1993,1468.12,51.88,30.58,101607.8
China,Cassava,2015,917.4,33.41,26.69,109580.5
Mexico,Soybeans,2011,2488.27,191.34,30.31,10360.3
Canada,Rice,2001,605.05,98.14,33.38,29727.6
Brazil,Sweet potatoes,2004,798.07,12.56,35.27,58232.5
Japan,Rice,1997,1485.01,41.84,34.7,28859.1
Germany,Sorghum,2017,1954.95,13.68,13.78,16604.7
Japan,Wheat,2015,1043.04,41.33,16.85,41704.1
Egypt,Yams,2022,2341.1,34.78,19.25,51256.9
Australia,Potatoes,2019,1383.72,117.45,33.57,107341.6
Indonesia,Sweet potatoes,2004,2323.89,50.76,25.51,69686.4
Argentina,Yams,2023,672.15,6.01,36.21,52137.7
Egypt,Sweet potatoes,2007,718.4,156.58,23.17,194562.4
Argentina,Wheat,1991,639.63,8.11,28.3,24821.1
India,Plantains and others,2023,2828.99,17.88,21.69,42458.7
India,Wheat,2016,2779.63,83.18,35.68,7045.5
Canada,Wheat,2019,2907.72,48.99,16.5,17582.7
Egypt,Yams,2009,1326.94,24.66,29.04,89080.8
United States,Plantains and others,2021,1497.63,58.77,30.09,64724.7
Egypt,Sorghum,2021,1460.66,30.19,34.96,10827.7
India,Sweet potatoes,2007,2105.19,14.42,34.87,33163.5
Egypt,Sweet potatoes,1998,2025.79,35.0,33.0,46895.8
Argentina,Soybeans,2001,1925.16,39.63,12.6,12689.3
France,Maize,2002,1621.6,124.85,22.61,46135.2
Brazil,Maize,2006,1559.81,21.35,14.99,33729.5
France,Maize,2010,877.78,10.11,32.27,40055.1
Mexico,Yams,1990,2338.74,77.23,25.72,33211.2
Indonesia,Maize,1990,2095.36,70.81,31.02,25015.5
China,Soybeans,2013,908.84,203.47,22.48,29951.3
India,Yams,1995,2489.62,23.16,21.83,41653.8
France,Plantains and others,2008,651.74,15.57,26.24,85744.8
Germany,Plantains and others,1998,734.16,7.78,13.78,85592.1
United States,Potatoes,1997,1511.6,79.07,36.25,74593.2
South Africa,Soybeans,2012,993.1,24.41,27.48,27416.8
South Africa,Potatoes,2023,2335.06,12.19,21.05,90827.5
Nigeria,Yams,2015,1942.53,106.33,12.9,77975.4
China,Yams,2018,1438.48,40.55,12.07,89740.9
South Africa,Maize,2011,1315.71,111.31,12.74,31010.1
United States,Potatoes,2008,1843.81,77.17,13.84,144942.1
United States,Wheat,2003,1839.66,22.7,14.77,25656.0
China,Plantains and others,2009,367.27,14.53,16.49,80233.7
South Africa,Sorghum,1993,334.41,69.03,12.76,14656.2
China,Sweet potatoes,2013,865.14,48.29,18.81,169476.3
Japan,Rice,1996,1406.05,26.41,30.94,34264.5
Canada,Yams,2010,1501.59,8.87,33.76,51321.5
Argentina,Maize,2002,854.07,5.31,29.28,45859.6
Mexico,Sorghum,2019,1538.14,34.95,13.59,17092.9
South Africa,Sweet potatoes,2001,1149.4,82.61,22.86,136642.5
Canada,Soybeans,2001,2237.15,193.7,30.32,14716.1
India,Rice,1999,1756.34,79.48,26.5,42336.3
Argentina,Cassava,2021,335.9,17.38,35.56,56760.9
France,Wheat,1992,679.55,110.03,18.87,35637.7
Mexico,Sorghum,2004,480.76,11.12,24.05,18752.0
Canada,Wheat,1991,1926.11,44.41,24.54,23950.0
France,Plantains and others,2006,1791.1,20.36,21.61,71308.3
Egypt,Rice,1990,681.35,45.67,36.08,26888.1
India,Maize,2007,1287.3,29.17,27.62,56333.0
Nigeria,Maize,2023,2855.99,18.69,26.62,23588.1
Germany,Soybeans,2021,1192.95,17.94,21.33,27726.7
Australia,Potatoes,2012,377.6,282.77,34.4,103352.2
France,Potatoes,1996,832.24,110.96,26.43,175132.8
China,Plantains and others,2014,2842.92,30.14,18.21,40824.7
India,Soybeans,1996,1130.88,91.78,37.13,11996.1
Australia,Cassava,2013,2755.53,49.68,16.11,55554.7
Argentina,Soybeans,2023,237.12,36.76,36.18,15438.1
Mexico,Sorghum,2017,1464.89,93.37,25.5,17990.2
Nigeria,Plantains and others,2022,2045.31,65.89,18.84,78537.7
South Africa,Wheat,2014,1344.7,118.47,24.93,30796.0
Japan,Maize,1998,2323.52,31.55,33.2,13363.6
India,Maize,2012,1312.33,66.35,21.82,57856.3
Mexico,Plantains and others,2000,2540.48,209.2,31.91,21136.6
Egypt,Rice,2016,2846.8,20.89,15.84,16553.1
France,Potatoes,2000,2434.82,64.28,36.06,31671.8
Argentina,Sweet potatoes,1998,639.16,15.7,13.84,128566.3
India,Maize,2009,589.76,85.21,16.59,45953.8
Canada,Potatoes,2018,2354.26,41.76,20.16,106738.7
Indonesia,Rice,2021,2624.25,53.55,20.61,23752.8
Australia,Yams,1994,586.71,46.84,36.54,42731.4
Mexico,Rice,2022,1066.02,51.61,35.0,31174.9
Mexico,Sweet potatoes,1998,1515.79,10.03,20.74,124498.2
Japan,Maize,1993,2910.11,66.69,21.52,18997.6
Japan,Soybeans,2004,1266.31,62.49,22.61,22820.1
Canada,Rice,2012,2676.47,5.85,28.78,23825.0
Mexico,Wheat,2015,1660.97,7.19,29.92,21789.0
Indonesia,Rice,1991,2221.58,42.22,35.98,20065.9
France,Sweet potatoes,2010,2428.42,44.03,16.74,67189.1
India,Yams,2015,1345.53,24.92,15.76,117820.7
United States,Sweet potatoes,1992,2460.63,112.64,16.38,70376.3
Mexico,Rice,2022,1051.82,24.33,35.19,30895.2
South Africa,Potatoes,1995,735.41,33.48,36.93,64810.5
Egypt,Cassava,2005,2300.58,74.44,33.31,22037.8
Argentina,Sweet potatoes,1994,1056.08,27.63,33.21,59543.4
India,Wheat,2009,2777.13,113.14,32.91,6942.1
United States,Sweet potatoes,1999,2066.92,212.2,13.71,101467.7
France,Potatoes,1992,432.1,9.11,21.66,195615.5
South Africa,Sorghum,2021,629.9,93.31,25.73,20399.0
Japan,Maize,1993,594.34,20.0,18.56,39361.9
Indonesia,Sweet potatoes,2007,2700.45,63.9,25.74,75009.2
Germany,Sweet potatoes,1994,2976.2,27.26,33.34,23119.1
United States,Maize,2004,2576.83,77.19,23.32,22027.5
Brazil,Wheat,1999,2586.72,73.2,34.86,6143.1
Germany,Wheat,1996,2187.58,25.21,36.45,6626.4
Australia,Cassava,2017,1285.36,10.51,27.59,117105.5
United States,Maize,2006,1883.33,22.4,20.55,36439.2
France,Soybeans,1991,2161.56,13.17,22.37,10969.0
Nigeria,Rice,2003,652.21,39.73,18.81,46778.0
South Africa,Wheat,2016,2034.95,77.87,24.99,21834.5
Mexico,Potatoes,1994,1002.65,157.82,29.59,130922.6
Nigeria,Soybeans,2005,458.87,80.86,14.17,20599.8
Australia,Sorghum,2021,1951.45,110.09,29.55,11265.7
Germany,Plantains and others,2001,457.4,7.81,13.39,85152.7
India,Yams,1998,1330.96,91.92,17.68,102970.8
Egypt,Wheat,2009,458.83,108.63,30.91,23841.5
Mexico,Cassava,1992,401.05,51.43,18.66,108529.8
Indonesia,Soybeans,2011,1403.48,41.45,15.22,24315.6
Brazil,Plantains and others,2009,2638.46,30.87,25.39,34154.4
China,Maize,1997,2925.89,92.08,28.47,18396.8
Mexico,Soybeans,2023,1188.19,7.46,13.61,19533.1
Indonesia,Rice,2011,2372.01,30.91,20.07,33444.8
India,Plantains and others,1997,1103.1,57.91,37.98,33827.8
Australia,Yams,1998,1009.03,10.29,32.18,49369.6
Argentina,Potatoes,2020,2153.7,80.59,14.28,121478.1
Australia,Rice,1991,2309.12,58.6,30.8,26480.5
Egypt,Cassava,2016,1309.77,72.55,37.11,59319.3
Japan,Potatoes,2007,1267.46,63.08,28.78,129625.0
China,Rice,2006,2650.74,15.92,35.69,12981.6
Germany,Sorghum,2000,2659.89,49.28,14.18,8224.7
China,Cassava,2021,1059.47,7.13,37.87,46869.9
Argentina,Maize,1999,1100.06,16.75,18.59,45392.5
Indonesia,Wheat,1999,1239.64,26.91,22.55,35420.3
India,Sorghum,1999,466.27,52.74,33.24,7769.1
United States,Plantains and others,2008,2901.96,80.81,13.55,40624.8
Argentina,Yams,1995,2248.18,107.52,13.19,47739.1
Germany,Yams,2007,1337.33,130.11,29.79,80972.0
Argentina,Cassava,2023,2216.98,38.92,24.04,66446.0
India,Wheat,2018,2878.51,10.15,25.76,14832.2
Canada,Sweet potatoes,1990,1571.26,11.5,36.93,60402.7
Australia,Sorghum,2013,2683.33,65.41,36.52,3525.5
Indonesia,Cassava,1991,2768.29,90.02,25.06,47475.7
France,Maize,2015,1229.81,26.02,36.28,29411.8
Germany,Sweet potatoes,2008,2454.76,65.62,34.61,30875.6
Egypt,Soybeans,2013,861.39,62.54,24.43,40687.3
Nigeria,Plantains and others,2004,1330.02,6.33,12.57,106470.5
India,Sweet potatoes,2011,552.43,39.11,16.13,181314.3
Nigeria,Sweet potatoes,2020,2800.1,8.16,19.49,85103.2
United States,Sweet potatoes,2000,1662.23,31.33,12.71,126434.2
Nigeria,Maize,2008,2105.48,69.37,35.29,21959.0
Australia,Wheat,2001,1055.59,51.68,31.99,21393.6
India,Wheat,1999,1668.35,163.93,36.78,12784.6
India,Sweet potatoes,2015,1556.95,59.01,23.46,138953.1
Canada,Potatoes,2009,2983.48,28.8,17.34,80349.3
Canada,Potatoes,2023,1710.53,77.04,17.22,211683.6
Brazil,Soybeans,2019,2784.21,28.95,26.11,11159.5
Australia,Sweet potatoes,2015,2667.6,55.66,18.13,83499.8
China,Wheat,1994,872.4,53.31,23.52,30116.1
Argentina,Yams,2023,1602.67,61.13,23.48,96923.8
United States,Plantains and others,2013,1051.07,9.72,19.51,122058.4
Nigeria,Maize,2009,2721.64,50.97,20.29,20914.0
Canada,Yams,2002,2193.51,13.79,37.95,24115.5
India,Rice,2021,1623.49,20.22,15.14,37144.1
Mexico,Sorghum,2018,2821.38,51.82,26.93,8206.5
Germany,Sweet potatoes,2023,1215.83,66.51,30.37,109517.8
Japan,Wheat,2015,2917.93,72.29,26.25,14198.4
Germany,Wheat,1995,1102.84,54.31,22.72,35022.8
China,Wheat,2008,2703.94,70.62,26.63,13428.7
Japan,Cassava,2012,2463.61,55.32,24.2,51736.6
Canada,Yams,1995,1707.83,60.39,35.88,43627.7
United States,Sorghum,2016,1937.63,28.29,20.13,16075.3
France,Cassava,2007,537.61,98.17,14.01,106016.5
India,Yams,2022,1792.25,41.85,20.58,86586.2
Germany,Maize,1994,2173.82,23.86,16.46,19843.3
Germany,Soybeans,2019,435.26,6.46,20.66,28906.1
Mexico,Plantains and others,2018,2502.04,30.33,37.84,18773.8
Nigeria,Wheat,2015,1142.67,15.7,15.36,39755.2
Nigeria,Yams,2007,365.79,77.77,26.11,99312.5
China,Soybeans,2006,1078.25,29.18,32.51,23180.1
China,Cassava,2010,1450.36,22.46,13.8,103507.1
India,Cassava,2003,1307.16,88.47,17.47,131987.7
Nigeria,Plantains and others,2020,2638.97,118.11,30.11,32657.6
Egypt,Wheat,1993,1584.96,29.18,21.05,35371.2
Australia,Yams,2017,1012.55,86.65,20.04,134089.7
South Africa,Sweet potatoes,1990,652.18,43.08,31.94,63188.4
South Africa,Plantains and others,2022,995.29,83.58,32.63,50857.5
Indonesia,Wheat,2013,1502.28,25.27,33.44,13475.9
Canada,Maize,1990,2690.31,44.42,23.65,19719.0
Germany,Yams,2013,1006.48,168.74,17.64,110550.2
United States,Yams,2000,1463.64,10.6,18.69,106405.5
China,Cassava,1996,2157.94,11.89,37.44,21602.8
China,Plantains and others,2006,994.62,11.54,13.19,70340.6
United States,Plantains and others,2023,2924.96,16.8,15.2,44384.0
Japan,Wheat,1991,2476.34,15.2,17.52,11209.3
Germany,Rice,1995,1092.46,6.03,27.58,45228.0
Canada,Soybeans,2009,2705.24,26.04,22.74,14521.4
France,Yams,1994,2463.97,235.48,22.21,44357.1
Argentina,Sorghum,2014,300.93,42.89,34.74,6814.0
Argentina,Sweet potatoes,1995,2985.78,6.55,18.21,55591.9
Mexico,Plantains and others,2000,1368.47,84.55,30.0,60903.4
Germany,Yams,1998,1533.79,12.49,17.03,84469.3
Canada,Potatoes,2022,1053.23,25.34,33.74,103794.6
India,Sorghum,2018,237.98,131.12,19.58,23789.9
India,Wheat,2002,1177.22,107.17,37.31,16947.7
China,Sorghum,1993,1980.01,27.37,21.0,10246.3
China,Potatoes,2003,2218.7,30.03,33.83,33097.9
Egypt,Wheat,2020,583.37,17.0,16.08,44278.4
Argentina,Soybeans,1997,2325.8,49.08,19.1,10497.8
Australia,Cassava,2019,2651.64,60.76,15.03,58658.1
Mexico,Wheat,2003,1935.59,9.01,13.26,22261.7
Argentina,Maize,2013,1243.45,69.44,32.14,44174.0
France,Maize,2013,2451.5,125.39,21.51,23101.0
France,Potatoes,2013,2853.67,118.95,17.26,94966.3
France,Sweet potatoes,2017,2432.84,63.07,31.82,36084.2
Canada,Rice,2011,2607.86,43.8,35.15,14152.5
South Africa,Potatoes,2012,1322.25,18.98,35.02,72478.1
Japan,Soybeans,1998,813.7,33.1,16.75,19056.9
Germany,Wheat,2008,983.56,55.69,24.85,37579.7
Argentina,Sweet potatoes,1991,1691.32,46.02,33.55,52517.5
Brazil,Cassava,1995,2808.67,19.7,35.07,17461.2
Argentina,Rice,2004,1021.68,6.57,23.5,50502.9
Germany,Cassava,2017,2781.73,96.76,37.54,22308.9
Brazil,Wheat,1997,760.22,18.98,29.32,21994.3
China,Plantains and others,1997,2069.35,5.82,36.68,23161.5
United States,Cassava,2006,2721.63,5.19,31.43,30793.7
China,Sweet potatoes,2007,1315.47,54.89,35.59,60179.6
Mexico,Plantains and others,2012,1827.99,121.12,13.54,71482.6
Brazil,Yams,1990,217.78,30.76,30.82,50783.8
Brazil,Rice,2003,2105.66,9.44,29.59,32796.6
Canada,Sorghum,2017,919.93,18.57,32.09,12225.0
Brazil,Soybeans,2012,468.43,39.09,29.85,19213.9
Australia,Wheat,2000,798.78,75.22,29.41,27936.0
Japan,Wheat,1990,2127.95,42.11,36.6,6829.4
United States,Potatoes,1995,717.48,17.03,18.98,213992.2
Egypt,Rice,1998,2929.72,70.89,36.29,13275.0
India,Soybeans,1992,2099.21,40.16,25.98,13761.4
United States,Plantains and others,2012,2464.11,135.39,37.15,18044.9
India,Soybeans,1993,220.53,9.67,19.44,21484.2
United States,Wheat,1993,2847.13,23.31,13.96,14373.8
Germany,Sorghum,2002,1463.7,42.25,30.86,11002.6
Germany,Wheat,2001,1120.59,11.28,29.99,24425.1
China,Sorghum,2009,855.81,21.01,19.47,19953.8
Germany,Maize,2013,1324.92,34.38,13.76,36314.3
Indonesia,Yams,2019,381.04,67.64,28.28,96175.8
Canada,Soybeans,1997,777.05,17.27,22.54,26688.3
South Africa,Potatoes,2009,2326.98,58.69,34.47,31080.7
Argentina,Wheat,2018,2936.86,20.34,19.34,15929.5
Australia,Cassava,1991,526.03,9.25,30.29,70977.5
Egypt,Rice,2021,2646.04,104.77,21.32,23866.1
Nigeria,Potatoes,2013,310.76,33.07,33.53,95744.7
South Africa,Sorghum,2008,1350.24,107.14,24.36,17885.1
Germany,Plantains and others,2004,2330.09,55.87,36.76,16082.6
France,Soybeans,2007,942.19,23.61,20.62,27923.5
France,Sweet potatoes,2004,688.08,6.49,12.79,124459.4
Brazil,Cassava,2004,1404.76,16.57,19.47,104068.5
South Africa,Maize,1999,1510.45,6.98,21.21,43856.4
Canada,Yams,2015,943.18,46.71,17.51,128135.2
Brazil,Sweet potatoes,2019,1989.5,28.53,16.99,101906.8
Nigeria,Sorghum,2014,2097.89,59.94,16.69,15613.0
Egypt,Wheat,1995,2488.35,63.38,25.73,15419.5
Argentina,Cassava,1997,380.95,80.85,30.67,67718.7
United States,Sorghum,2001,280.75,25.6,14.21,18230.5
Indonesia,Potatoes,2023,1331.81,10.17,30.01,182272.2
South Africa,Rice,2011,2543.43,43.94,16.88,17721.5
Australia,Soybeans,2004,1409.51,42.94,21.95,27708.9
Mexico,Maize,2023,1971.74,69.88,27.98,37690.7
France,Sorghum,2014,2345.46,210.62,33.93,3834.2
France,Plantains and others,1990,998.66,5.48,20.35,83442.8
Indonesia,Wheat,2021,1243.32,126.49,13.42,41025.8
Germany,Wheat,2018,834.87,7.69,29.51,23873.9
South Africa,Potatoes,2014,1867.16,67.02,13.97,149337.6
Egypt,Cassava,2018,827.51,10.62,24.78,153340.2
Indonesia,Sweet potatoes,1996,1041.66,130.82,17.79,200849.7
Australia,Potatoes,1999,1044.02,18.61,24.58,186576.2
Japan,Maize,2020,679.72,26.41,34.98,35491.4
United States,Plantains and others,1991,693.77,114.37,18.43,94424.0
China,Cassava,2000,2222.81,301.08,27.62,46807.7
United States,Rice,2002,2510.2,123.99,33.81,19563.0
Germany,Sorghum,1990,1731.92,95.18,21.67,15526.3
China,Yams,2019,1944.25,59.16,34.35,33448.7
France,Soybeans,2009,2904.48,55.91,27.27,11847.1
Canada,Sorghum,1991,469.51,18.73,33.01,7728.3
Indonesia,Wheat,2011,1340.62,41.99,31.28,23885.1
Indonesia,Wheat,2004,1009.7,24.2,30.12,25355.6
France,Wheat,2001,2386.86,12.58,21.55,16826.2
Canada,Plantains and others,2010,2212.73,7.8,24.26,47721.0
Japan,Maize,2016,1224.31,33.08,31.53,41590.5
United States,Sweet potatoes,2012,1454.07,44.94,37.22,63669.1
Argentina,Wheat,2011,1854.02,195.31,15.27,30718.1
Indonesia,Maize,1999,316.91,25.21,32.75,38407.4
Egypt,Soybeans,2005,1051.13,195.4,20.59,30497.6
Argentina,Plantains and others,1994,271.85,171.83,24.95,77393.4
Mexico,Maize,2016,958.14,11.95,25.82,51188.6
Japan,Soybeans,1994,1021.29,25.36,16.18,18151.3
Argentina,Plantains and others,2003,2175.06,36.24,13.78,46486.7
Canada,Rice,2015,2727.95,183.05,18.94,25296.7
China,Potatoes,1998,368.68,19.76,16.37,163913.2
China,Cassava,1997,923.25,116.51,13.99,102585.4
Brazil,Maize,2014,2893.96,32.41,23.02,20987.1
South Africa,Wheat,2020,2801.54,88.87,14.76,15446.3
India,Sweet potatoes,1999,2431.87,106.21,24.38,45923.7
Canada,Cassava,2014,2585.89,13.69,24.25,54130.6
Australia,Sweet potatoes,1997,252.52,50.79,20.29,144007.8
Germany,Potatoes,2017,693.86,100.44,26.26,167316.7
Mexico,Rice,2022,1697.37,16.8,21.57,48008.3
Egypt,Rice,1996,2589.29,23.24,23.32,23117.4
Egypt,Sweet potatoes,1998,2429.16,39.7,37.06,28143.8
Argentina,Wheat,2003,1469.5,9.16,25.43,24467.9
United States,Plantains and others,2018,2209.25,76.58,28.12,48043.2
Germany,Maize,1998,1443.02,107.34,22.23,48591.7
Egypt,Plantains and others,2017,1462.56,14.57,27.66,89540.4
Brazil,Plantains and others,1999,1830.85,25.17,34.14,22383.0
Germany,Yams,2006,483.74,9.7,20.12,114510.7
Indonesia,Yams,2002,548.97,48.15,22.48,115812.8
Japan,Wheat,2011,2832.46,22.81,21.35,11443.3
France,Yams,1995,1315.09,15.99,14.58,86638.3
Argentina,Wheat,1994,1983.76,87.36,17.86,24323.2
Brazil,Sweet potatoes,2002,2277.98,41.97,33.13,24262.9
United States,Maize,2015,545.15,60.52,27.19,60770.4
Mexico,Wheat,2003,2250.12,21.23,22.44,14750.5
Egypt,Maize,2011,2044.51,275.91,24.36,42123.2
France,Plantains and others,2021,369.05,77.85,19.63,106883.5
Australia,Soybeans,2001,1369.91,25.33,24.73,25572.6
Australia,Cassava,2016,1337.9,14.49,31.34,67687.0
Japan,Sorghum,2007,1860.23,131.87,26.04,11811.8
Japan,Cassava,2021,2389.01,6.13,19.85,59908.1
Germany,Cassava,2000,284.64,19.2,20.2,101067.4
Germany,Cassava,2002,2106.15,223.2,36.01,31185.5
Australia,Yams,2019,2138.44,58.32,18.72,70941.7
United States,Cassava,2001,787.51,89.44,18.51,137415.8
South Africa,Soybeans,2009,775.78,73.01,29.65,24304.3
Egypt,Potatoes,1991,764.76,30.37,24.43,180790.1
Germany,Rice,2020,1993.45,56.81,22.52,46689.0
Canada,Maize,2005,1843.95,15.33,18.8,31300.6
China,Maize,2003,1169.97,21.18,16.74,38818.4
South Africa,Cassava,2016,984.64,9.36,29.62,87733.9
France,Cassava,1998,2633.44,7.95,14.2,36733.7
France,Plantains and others,2014,1552.75,14.32,25.91,74869.4
Germany,Soybeans,1993,539.79,7.11,13.46,17446.1
Egypt,Soybeans,2017,258.2,13.99,22.88,27393.2
Canada,Soybeans,2006,2109.97,80.31,19.97,17497.0
United States,Sorghum,2021,1502.84,57.69,17.96,24695.3
Brazil,Soybeans,1997,2672.85,5.26,18.65,8951.8
Mexico,Maize,2001,428.19,119.2,24.08,53597.7
China,Sorghum,2005,1489.14,107.5,20.32,17987.7
Nigeria,Maize,1997,1137.36,180.72,28.66,56754.3
Japan,Potatoes,1993,845.75,18.69,24.95,170469.6
Indonesia,Plantains and others,2000,804.52,7.23,31.16,59157.5
United States,Wheat,2015,2186.45,54.76,16.85,20321.2
Indonesia,Soybeans,2018,1204.22,13.49,21.55,32133.5
United States,Wheat,1994,301.04,13.12,16.45,38251.3
Egypt,Sorghum,1997,2434.5,36.22,24.35,8923.9
Indonesia,Wheat,2013,727.31,78.7,29.51,29049.8
Egypt,Potatoes,2020,2134.5,5.13,20.26,144916.2
United States,Plantains and others,2009,419.32,38.06,12.86,87545.8
United States,Sorghum,2018,1993.14,129.41,35.2,6499.9
United States,Maize,1995,1680.2,34.69,27.3,40405.4
India,Rice,2017,1989.47,33.09,23.31,45766.0
China,Maize,2023,2114.59,37.15,36.52,16483.3
China,Sorghum,1997,1704.79,90.36,33.7,6207.4
China,Sweet potatoes,2021,541.88,5.44,16.29,139903.0
South Africa,Cassava,2022,2067.88,54.94,34.36,34711.8
Canada,Sorghum,2018,761.71,6.32,24.79,23376.1
United States,Plantains and others,1991,857.29,64.16,26.65,81739.7
Nigeria,Sweet potatoes,2003,871.98,81.77,16.44,203115.2
Mexico,Wheat,1996,1222.31,33.88,25.57,29642.2
Canada,Potatoes,1997,573.48,6.57,15.46,191541.6
Indonesia,Sweet potatoes,2019,1815.89,12.89,23.12,124493.3
France,Plantains and others,2020,932.25,68.13,33.69,49001.6
France,Yams,1993,2381.37,7.85,20.32,36434.9
China,Potatoes,1991,1070.77,23.18,20.38,172258.4
China,Potatoes,2022,2820.16,65.03,27.02,76602.2
Nigeria,Potatoes,2018,1205.81,119.79,31.94,115889.3
Nigeria,Sorghum,2002,637.26,12.86,16.46,24158.2
Canada,Maize,1992,609.72,109.9,16.5,44136.4
Mexico,Rice,2023,1352.33,44.97,27.56,52890.6
Canada,Maize,2014,2986.39,143.85,37.22,12977.4
Japan,Potatoes,2023,1487.52,25.11,18.71,173517.2
Nigeria,Sweet potatoes,2002,2226.48,113.94,26.43,81322.5
Mexico,Maize,1992,1148.32,46.1,23.41,49974.9
Germany,Cassava,1995,2299.58,60.93,13.49,48825.5
Canada,Rice,2011,2049.42,22.81,31.2,35338.0
South Africa,Cassava,1993,2370.55,76.51,22.76,47619.4
Mexico,Sweet potatoes,2000,2668.13,18.21,35.55,26356.1
Germany,Potatoes,2020,1030.09,113.98,20.88,245055.8
Argentina,Yams,2002,2114.26,68.52,22.85,59455.3
Mexico,Yams,1992,2376.22,78.13,27.81,29425.6
Mexico,Cassava,2011,277.19,102.64,21.79,121597.9
Argentina,Cassava,2008,2389.24,33.55,31.63,26767.2
Egypt,Yams,1999,2262.23,45.67,32.5,26200.4
United States,Potatoes,1991,1096.78,13.43,21.51,192966.8
Canada,Wheat,2004,1777.9,68.46,19.48,31772.1
France,Cassava,2010,2616.72,28.53,16.84,55661.6
Mexico,Yams,2008,1843.39,47.97,24.76,76783.7
South Africa,Plantains and others,2016,967.28,15.19,19.52,101147.8
United States,Soybeans,2019,938.08,12.02,35.3,20662.1
Argentina,Sweet potatoes,2022,1025.47,17.52,32.73,74939.4
Indonesia,Maize,2015,882.19,70.09,32.09,51414.4
China,Potatoes,2019,706.83,37.05,19.13,238743.6
Egypt,Sweet potatoes,2001,1257.47,43.3,22.95,178659.7
France,Sweet potatoes,2012,2409.74,91.2,13.45,60833.9
Japan,Potatoes,1993,585.9,41.9,26.83,166690.6
China,Yams,2001,1930.03,12.81,21.87,63850.7
Brazil,Rice,2015,2773.98,14.07,16.92,14893.2
South Africa,Yams,2015,1283.12,21.51,30.96,72571.7
Nigeria,Soybeans,2017,2069.45,49.58,15.88,17102.0
Germany,Sorghum,1991,2001.8,87.83,29.84,6831.9
Indonesia,Potatoes,2020,688.35,8.92,35.11,93134.1
South Africa,Maize,1994,2698.09,13.25,36.88,9630.5
France,Yams,1994,2923.38,30.54,17.01,43831.8
India,Potatoes,1999,2275.45,57.51,37.19,35737.5
Mexico,Potatoes,2018,2156.18,130.43,22.55,130789.1
Canada,Yams,2002,922.87,8.73,20.59,118529.8
Japan,Rice,2022,1931.11,72.3,12.34,28308.8
India,Rice,2011,738.98,36.95,25.49,46094.2
China,Yams,1999,2237.1,112.92,23.94,44606.2
France,Plantains and others,1996,1665.02,42.96,24.79,72109.9
Argentina,Soybeans,1994,1509.19,32.05,34.15,17501.2
Argentina,Sweet potatoes,1990,2170.52,9.24,23.26,66325.5
Indonesia,Yams,2003,431.97,14.01,20.41,130811.0
Canada,Cassava,2009,1266.69,43.62,23.74,137990.7
Nigeria,Wheat,2019,2575.4,18.59,35.2,7135.9
United States,Rice,2004,1610.66,21.84,23.37,49791.3
South Africa,Sorghum,1998,2265.41,7.09,18.39,7313.0
Japan,Soybeans,2020,2759.09,160.91,14.01,9168.8
Nigeria,Maize,2003,2460.09,13.65,15.68,16093.8
Nigeria,Rice,2011,1246.73,26.18,30.02,50218.5
Brazil,Sweet potatoes,1992,1687.11,16.05,17.66,102168.9
India,Wheat,1995,856.81,204.72,18.42,37818.0
India,Cassava,2008,1403.89,30.73,20.31,119770.9
Canada,Sorghum,1993,2590.41,102.25,24.86,8738.9
Egypt,Maize,1998,685.5,10.65,15.72,43147.7
China,Wheat,2001,2803.95,10.13,35.91,4441.3
Mexico,Sweet potatoes,2006,847.06,134.9,15.09,156498.6
United States,Plantains and others,2011,731.76,98.16,22.15,114653.4
Japan,Potatoes,2021,2200.02,26.06,36.41,39928.8
Germany,Soybeans,2005,2850.5,60.8,23.91,11749.7
South Africa,Wheat,2022,2996.63,58.62,19.19,16446.2
United States,Maize,2012,2390.58,59.69,12.68,14786.0
Indonesia,Sorghum,2005,1140.62,51.49,12.95,20418.4
Japan,Cassava,2000,406.16,35.06,29.91,65888.7
China,Rice,1993,2611.48,16.08,32.04,13163.7
Brazil,Soybeans,1993,1796.49,29.82,22.48,17281.7
China,Plantains and others,2000,2275.06,24.51,34.28,15609.1
South Africa,Sweet potatoes,1996,1491.33,122.57,35.62,53138.6
France,Plantains and others,1994,967.43,19.82,31.23,53595.9
Nigeria,Rice,2022,547.42,52.9,28.95,48700.7
Indonesia,Yams,2019,2137.32,65.55,22.9,77370.3
United States,Sweet potatoes,1995,2708.11,10.71,26.13,55547.6
France,Cassava,1998,1092.6,27.52,33.8,52967.4
Brazil,Cassava,1998,2731.26,49.04,36.86,14464.5
India,Wheat,2000,2386.56,55.8,30.89,9811.6
Brazil,Plantains and others,2004,1060.6,42.44,25.05,77794.5
Egypt,Sorghum,1994,1076.61,104.32,13.41,21613.7
Egypt,Potatoes,2012,671.16,24.22,36.99,107865.4
France,Soybeans,2019,1036.84,9.3,26.63,33004.3
Egypt,Wheat,2001,213.12,36.53,15.14,34863.2
Argentina,Sweet potatoes,2018,2450.22,13.59,15.83,78639.6
Germany,Wheat,2011,634.92,274.9,16.08,41566.8
United States,Sweet potatoes,2001,2999.71,40.23,30.34,41779.5
Indonesia,Sorghum,2002,880.6,61.52,14.1,24644.6
China,Plantains and others,2018,2521.99,14.26,25.41,37989.1
Canada,Potatoes,2001,2926.42,5.33,28.15,72057.1
Nigeria,Potatoes,2017,2074.17,11.28,15.05,164965.3
France,Plantains and others,2002,2768.94,236.96,33.96,17363.1
Brazil,Wheat,2003,1727.29,16.08,15.37,25212.9
South Africa,Maize,2001,2402.11,15.92,16.27,15156.5
China,Plantains and others,1991,1654.24,129.63,33.72,26292.0
Egypt,Sorghum,2007,2184.15,28.6,28.44,8456.5
France,Wheat,2003,1415.89,16.25,28.23,23549.7
Australia,Potatoes,2021,452.1,115.75,34.56,85631.1
United States,Wheat,2003,1070.03,51.0,21.08,41618.7
India,Sweet potatoes,2012,1055.61,44.14,13.39,153484.1
United States,Wheat,1999,1688.84,127.74,35.3,12715.6
Egypt,Yams,2019,999.49,108.62,28.77,98603.1
South Africa,Rice,2016,2016.3,13.41,18.41,34149.9
Australia,Maize,2005,500.19,19.27,15.73,34971.5
Nigeria,Yams,2012,2703.09,69.24,12.56,49798.8
Canada,Maize,2014,1506.16,9.6,25.54,51966.3
Egypt,Rice,1998,852.69,237.22,13.69,33662.1
Canada,Plantains and others,1994,1999.8,32.99,23.01,65381.9
Nigeria,Maize,2014,508.05,62.22,31.56,52512.7
Australia,Cassava,2007,1285.45,75.09,24.13,120993.2
India,Potatoes,1990,2361.67,14.82,24.62,71100.2
China,Potatoes,2004,1995.54,36.98,30.63,79781.9
Japan,Potatoes,1993,1797.06,56.75,24.3,127824.2
Brazil,Sweet potatoes,2001,1622.29,164.18,31.71,68645.0
Egypt,Wheat,1994,1240.15,6.71,29.89,25795.1
Brazil,Cassava,2007,781.3,18.1,31.97,62208.1
United States,Sorghum,2011,1797.21,8.7,29.22,11565.3
Indonesia,Wheat,2013,944.26,13.05,37.16,16709.8
Nigeria,Yams,1997,1426.76,23.43,16.0,108056.6
France,Maize,2010,2166.4,25.35,14.06,16278.3
France,Sorghum,2014,999.28,37.79,17.28,20503.5
South Africa,Wheat,2009,1729.68,54.48,31.36,15036.6
Egypt,Sorghum,2017,2535.13,6.87,17.38,9864.0
Brazil,Plantains and others,2005,2675.78,109.68,18.49,37246.1
United States,Soybeans,1994,899.39,70.69,34.43,20165.7
India,Potatoes,2017,1013.38,38.0,26.13,173197.7
South Africa,Maize,1990,2451.83,47.47,21.05,17008.3
Germany,Yams,1999,466.41,7.6,22.94,94494.8
South Africa,Yams,2007,787.89,9.14,23.24,105231.3
India,Cassava,2000,1102.7,9.9,37.52,48199.3
Mexico,Sorghum,2012,2344.05,96.38,15.87,8526.1
United States,Sorghum,2010,2991.07,14.99,31.83,4246.6
France,Cassava,1998,458.36,13.64,14.75,99755.6
Japan,Yams,2001,2211.22,12.28,17.44,45144.8
South Africa,Sorghum,1994,1747.41,26.0,14.44,12085.9
Brazil,Cassava,2015,607.2,58.54,12.14,98765.6
India,Yams,2005,2622.45,40.44,15.69,45925.6
Nigeria,Sorghum,2021,1752.46,70.61,18.59,20586.8
India,Maize,1998,2264.38,16.62,21.94,22563.0
Mexico,Sweet potatoes,1993,438.66,28.58,13.67,132485.5
Egypt,Potatoes,1996,654.87,6.79,13.78,211872.3
South Africa,Rice,2018,1465.65,36.13,12.97,29827.9
Indonesia,Soybeans,2011,1372.56,5.34,30.47,24250.0
Indonesia,Soybeans,2014,2015.31,30.39,17.84,18983.8
Brazil,Cassava,2006,252.45,11.32,29.86,67559.4
Canada,Sorghum,1993,2752.33,54.1,27.05,7489.7
Australia,Soybeans,2014,655.98,57.32,32.55,27681.6
South Africa,Cassava,1999,1178.77,47.56,18.44,114909.8
Australia,Rice,2020,2839.88,19.1,23.42,22141.3
South Africa,Sorghum,2009,676.21,63.23,30.08,13672.2
Germany,Sorghum,2023,1007.97,25.63,20.43,23137.5
United States,Wheat,2014,1186.96,281.79,33.25,17993.1
Canada,Sweet potatoes,1996,1826.72,168.99,19.7,140401.0
Japan,Rice,2009,1392.98,8.36,29.5,43736.1
France,Plantains and others,2009,1586.09,85.27,12.94,76972.1
China,Sweet potatoes,2013,200.13,28.12,21.18,132053.4
United States,Maize,2010,2345.95,47.29,36.21,11122.1
Argentina,Potatoes,2002,2041.77,7.44,34.45,44047.3
Indonesia,Maize,2023,2716.39,6.76,28.27,27001.1
Australia,Wheat,2002,2037.18,21.44,36.72,8457.0
Indonesia,Wheat,2023,463.08,21.19,17.35,49275.9
Egypt,Soybeans,2010,2530.27,29.67,22.32,12823.4
Australia,Sweet potatoes,2023,1106.9,13.45,20.06,188644.2
Indonesia,Potatoes,2023,1051.12,32.22,36.9,113814.2
Argentina,Sweet potatoes,2002,2345.46,154.92,35.17,26995.1
Germany,Rice,2020,2884.76,85.26,36.32,11495.2
China,Sweet potatoes,2011,1476.18,28.03,37.24,59625.5
Japan,Yams,2018,601.57,159.02,26.74,99445.3
Argentina,Rice,1998,2929.56,111.64,18.2,16736.4
Indonesia,Sorghum,2019,1097.34,54.78,37.77,9298.6
Australia,Rice,2018,2295.64,9.76,36.46,19082.0
Canada,Cassava,1998,836.34,18.09,32.73,52706.1
South Africa,Maize,2020,565.33,5.53,35.8,33149.0
South Africa,Sweet potatoes,2003,1122.65,41.02,27.94,109882.2
Argentina,Wheat,1993,659.15,132.2,37.15,14040.1
Canada,Wheat,2003,1781.45,63.83,25.98,26488.8
France,Potatoes,2018,2393.18,101.28,36.81,37016.4
India,Maize,2010,2119.75,68.8,34.05,21239.1
Egypt,Cassava,2002,627.08,86.08,27.67,120204.7
Australia,Yams,2004,2634.64,20.08,21.52,43774.3
South Africa,Plantains and others,1997,310.44,22.82,28.39,65765.6
United States,Plantains and others,2013,755.12,73.5,21.35,110465.1
China,Soybeans,2014,2969.77,23.11,37.07,5682.2
Germany,Plantains and others,2021,321.89,39.72,27.84,75461.6
Brazil,Wheat,2000,2390.36,32.13,28.87,9946.9
Argentina,Plantains and others,2004,659.15,153.12,16.6,117755.7
China,Yams,2015,1380.1,6.32,35.93,38515.4
India,Maize,2018,857.25,72.74,29.23,57300.2
Argentina,Rice,1991,1995.05,43.09,35.84,24998.3
Mexico,Wheat,2023,1028.67,39.9,33.22,15976.7
Canada,Potatoes,2008,2880.56,21.71,28.07,70465.1
Australia,Maize,2008,1838.59,25.13,18.54,36089.8
South Africa,Cassava,2011,424.86,144.38,22.15,115027.3
India,Rice,2018,2851.06,44.95,17.64,21252.1
United States,Sorghum,1992,1239.54,45.95,12.79,19155.9
Indonesia,Potatoes,1999,630.72,23.4,14.64,176979.4
South Africa,Rice,1991,2580.89,84.17,28.01,14430.4
China,Rice,2011,2208.14,83.36,18.42,31855.1
India,Sweet potatoes,2001,2559.59,151.73,19.72,72213.2
Indonesia,Sorghum,1991,2247.08,10.26,16.3,8635.5
Mexico,Cassava,2018,2729.44,16.18,18.47,55906.6
Canada,Potatoes,1995,2074.07,9.04,33.23,48562.9
Germany,Sweet potatoes,1994,2011.77,13.31,35.69,42278.4
United States,Potatoes,2003,1660.26,78.56,28.16,136854.0
Germany,Cassava,1990,1683.87,20.11,23.3,97218.1
China,Sweet potatoes,2015,1933.66,24.03,37.82,46581.3
South Africa,Maize,2009,1760.11,45.1,12.52,25015.3
Germany,Maize,1994,2019.81,33.66,20.25,29945.4
United States,Plantains and others,1998,2142.12,37.75,34.07,22870.8
France,Cassava,1999,2275.25,25.36,14.74,55619.5
Canada,Sorghum,1994,2472.41,91.59,23.45,7989.8
Nigeria,Wheat,2004,2547.91,12.34,32.96,6005.0
South Africa,Sorghum,1995,2881.14,106.97,27.76,5682.5
Indonesia,Sweet potatoes,2007,291.47,65.89,20.0,175538.2
Brazil,Plantains and others,1991,204.6,14.32,30.28,38568.5
France,Plantains and others,2003,843.59,42.81,13.37,91409.3
South Africa,Sweet potatoes,2011,1570.01,10.55,12.85,111826.5
Australia,Cassava,2008,288.68,52.37,33.21,50847.4
United States,Soybeans,2015,2618.62,24.6,26.31,12880.4
Mexico,Maize,2018,1763.25,233.76,31.7,38688.5
Mexico,Sweet potatoes,2001,1047.69,73.53,19.99,168834.3
Brazil,Cassava,1997,615.89,177.02,36.47,55443.2
Egypt,Yams,2002,787.64,7.67,21.65,123820.8
Mexico,Rice,2004,2150.4,188.24,20.43,35118.9
Australia,Plantains and others,2019,2290.48,19.34,22.06,48159.0
France,Sweet potatoes,2018,2572.57,158.24,14.48,67750.7
Japan,Plantains and others,2018,2764.96,20.5,13.86,36585.8
Canada,Maize,2004,2331.95,58.98,22.6,20827.7
Nigeria,Sorghum,2009,1305.86,13.83,13.84,18615.2
China,Wheat,1992,2045.13,22.85,20.9,21076.4
Argentina,Yams,2010,1913.44,58.8,35.78,26131.2
Japan,Wheat,2011,372.13,14.95,12.35,30839.5
South Africa,Wheat,2003,1771.71,6.91,21.48,22934.6
Argentina,Yams,1996,1324.56,97.63,35.63,38831.5
Argentina,Wheat,2010,688.66,69.05,19.99,42559.9
Egypt,Cassava,1992,1572.68,43.76,32.66,53903.5
United States,Maize,2019,1997.68,13.5,34.54,25686.3
South Africa,Rice,1991,2003.92,10.25,26.25,32544.9
United States,Maize,2008,1145.47,36.57,34.96,35601.7
Egypt,Rice,2023,1396.01,92.61,35.79,38247.0
Canada,Rice,2016,2083.11,11.81,28.14,39767.2
Mexico,Potatoes,2004,2754.33,62.52,14.65,77210.5
Indonesia,Rice,2009,1873.38,21.47,15.91,36780.9
South Africa,Maize,2021,1928.43,33.08,29.81,34511.4
France,Potatoes,1995,834.33,231.86,32.24,91050.0
China,Yams,1993,1563.8,82.06,17.97,72220.7
Germany,Sorghum,1998,1537.05,102.7,15.81,17132.0
Japan,Rice,2021,2051.01,55.95,23.59,41416.3
China,Sweet potatoes,2022,603.73,54.53,12.31,150426.3
Nigeria,Plantains and others,1994,1988.55,8.2,34.85,23926.7
Nigeria,Wheat,2017,1179.34,20.47,37.16,20733.4
Egypt,Wheat,2021,2912.59,13.26,23.9,18903.7
Germany,Wheat,2004,500.49,45.36,14.72,29616.4
Germany,Plantains and others,2015,2946.18,5.68,34.8,16178.0
Mexico,Potatoes,2012,2935.76,19.65,19.15,92257.5
Germany,Cassava,2010,955.69,35.16,15.28,106376.5
Nigeria,Soybeans,2012,2374.33,11.23,36.31,7934.8
South Africa,Rice,2022,742.48,27.83,25.31,49611.9
Germany,Plantains and others,1998,1720.2,43.85,30.61,49293.6
Mexico,Maize,1995,2739.51,62.47,21.88,18756.4
Brazil,Sweet potatoes,2020,1654.21,51.91,35.82,50061.8
China,Plantains and others,1999,877.13,94.86,30.14,57122.7
Germany,Sorghum,2023,1045.1,57.48,36.99,10839.2
United States,Yams,2000,2397.63,6.97,13.54,43090.5
United States,Maize,1993,2210.38,23.66,28.48,22688.8
India,Soybeans,2022,440.35,20.37,37.84,11899.2
South Africa,Sorghum,1996,1740.97,30.74,12.88,13456.9
China,Sorghum,1993,2931.28,10.1,15.23,6845.4
Germany,Rice,2000,791.01,180.5,17.43,42616.5
India,Soybeans,2006,2378.26,8.89,15.51,8351.4
Argentina,Rice,1993,2631.0,44.12,29.3,17963.4
South Africa,Rice,1997,2577.84,93.27,32.3,16009.8
South Africa,Sorghum,2020,948.62,187.96,34.62,8824.6
India,Potatoes,2015,2092.43,89.04,14.58,134460.6
South Africa,Cassava,1994,1519.25,79.37,27.37,83605.9
Nigeria,Soybeans,1999,2368.65,56.58,34.97,7166.5
China,Cassava,2019,1910.05,101.78,25.85,84911.2
Japan,Sorghum,2015,2883.28,87.53,23.21,7916.4
India,Yams,2019,300.13,33.44,32.56,48733.4
South Africa,Yams,2011,941.53,6.19,15.41,106426.1
Argentina,Potatoes,2001,1235.02,10.94,20.91,195803.2
Egypt,Potatoes,1996,1810.25,48.53,27.3,133763.9
Germany,Potatoes,1994,201.87,342.8,22.84,184406.7
Nigeria,Yams,2010,2525.52,30.88,19.88,48006.0
Indonesia,Maize,2021,994.74,131.55,23.9,75527.6
Germany,Soybeans,2022,2553.35,51.81,37.09,6258.2
Mexico,Wheat,2019,2494.07,31.93,12.48,12694.0
Japan,Plantains and others,2019,1361.06,131.21,22.53,96802.5
China,Sorghum,1996,2144.58,20.67,18.77,9610.9
Indonesia,Rice,2005,1198.12,33.46,22.14,54727.6
United States,Sorghum,1991,2886.83,24.27,37.48,3187.7
Indonesia,Cassava,2011,2652.69,33.39,33.09,26524.5
Germany,Rice,2000,2400.94,77.33,35.76,14428.5
Indonesia,Soybeans,1994,1493.69,45.23,22.61,30579.6
Australia,Rice,1997,2493.14,42.0,32.83,18094.1
India,Maize,2020,2683.97,7.21,35.52,14121.9
China,Rice,1995,2789.57,123.75,35.23,10889.7
China,Sorghum,2011,2708.66,96.06,32.36,4204.7
Japan,Yams,1996,739.4,15.7,37.54,34887.0
Germany,Maize,2002,1673.94,62.02,36.06,30288.4
Indonesia,Sweet potatoes,2008,1811.48,6.69,16.06,133592.2
Mexico,Rice,2008,2352.83,87.84,28.76,35372.3
Argentina,Cassava,1999,1048.43,51.93,29.92,89287.3
South Africa,Wheat,2004,2977.96,64.93,20.3,12394.2
India,Potatoes,1993,1880.06,159.6,22.46,140018.3
Australia,Yams,2020,2459.86,103.93,33.3,25094.3
South Africa,Sorghum,2016,719.98,17.03,32.44,8881.3
Argentina,Plantains and others,2016,2143.45,178.82,15.55,51139.5
Japan,Yams,2005,1362.86,5.36,35.07,37252.2
Indonesia,Cassava,2003,1976.66,166.31,30.5,60196.3
India,Cassava,2019,1848.12,38.22,37.38,42111.2
Argentina,Rice,2001,1344.11,102.3,20.73,50138.0
France,Soybeans,2019,2078.88,11.89,32.44,12829.4
Indonesia,Yams,2011,815.86,36.37,34.26,55669.3
Brazil,Potatoes,2008,1337.78,17.98,22.75,200809.1
India,Sorghum,1994,1456.82,127.97,23.48,18612.1
France,Plantains and others,2023,1584.69,31.24,37.3,43001.5
France,Potatoes,2016,2812.62,20.59,14.73,78374.4
Japan,Potatoes,1996,2362.37,30.02,21.31,81970.8
Canada,Maize,2013,414.41,84.83,18.94,57080.7
China,Rice,2013,1094.77,35.68,20.08,42759.1
United States,Cassava,2022,2464.35,8.09,35.15,21445.6
Egypt,Plantains and others,2017,381.79,113.06,29.51,76198.7
South Africa,Plantains and others,2023,1081.18,100.92,29.41,74360.5
Indonesia,Maize,1991,2791.65,16.91,28.4,20793.4
Mexico,Cassava,1998,2091.14,16.8,16.69,65474.8
Mexico,Maize,1996,2478.9,164.1,32.83,18035.6
India,Plantains and others,2019,1875.92,13.01,14.56,75474.5
Brazil,Potatoes,2016,1097.67,28.39,13.56,201854.5
United States,Yams,1997,2365.21,48.05,24.78,43826.8
Australia,Plantains and others,2010,2114.15,135.75,18.66,63144.0
Indonesia,Yams,1995,395.21,66.73,16.36,126896.1
South Africa,Potatoes,1994,1794.97,137.0,28.95,83070.8
Mexico,Yams,2002,970.36,49.35,29.51,70653.9
Germany,Sorghum,2016,1904.8,43.68,30.82,8984.3
Egypt,Wheat,2011,1405.26,144.38,20.48,47048.2
India,Sorghum,2007,1395.38,68.45,35.09,8406.2
Brazil,Sweet potatoes,2010,483.25,119.55,19.65,148888.8
Japan,Sweet potatoes,1997,854.51,7.77,13.36,144031.8
Mexico,Yams,1994,1777.75,254.15,24.29,86117.8
Canada,Maize,1992,358.15,29.73,15.58,41892.3
Nigeria,Yams,2011,2397.12,41.78,18.53,48022.2
Nigeria,Maize,2007,681.32,194.5,14.23,41628.0
Nigeria,Sorghum,1998,2838.08,112.19,33.32,4125.4
Egypt,Potatoes,2011,376.07,35.54,28.37,200906.4
Nigeria,Sorghum,1996,1571.09,112.92,22.36,18362.4
Japan,Rice,2015,1756.54,23.23,18.85,41429.6
South Africa,Sorghum,1993,1171.54,255.68,31.56,8827.8
Indonesia,Wheat,2001,2916.11,90.21,31.67,8976.2
China,Soybeans,2012,1296.4,19.6,24.77,25003.1
Canada,Yams,2019,2430.12,33.41,14.57,50767.2
Mexico,Plantains and others,1994,802.05,39.83,17.66,88654.0
France,Maize,2010,2044.8,35.43,36.06,18179.3
Argentina,Plantains and others,2015,2576.62,83.72,19.11,47587.3
India,Sorghum,1996,528.65,98.63,12.77,17233.9
Argentina,Cassava,1992,2616.29,36.01,20.56,48859.0
Argentina,Potatoes,2013,1358.74,10.14,21.03,191003.2
South Africa,Cassava,2018,1112.15,84.7,34.6,54655.8
United States,Maize,2001,836.75,21.78,22.46,55272.4
Brazil,Plantains and others,1999,2660.27,8.9,29.25,22439.2
Brazil,Sorghum,2009,2219.2,52.52,25.36,8684.3
Brazil,Plantains and others,1990,2777.64,35.13,13.03,27042.4
Germany,Soybeans,2014,998.6,5.58,30.6,26244.7
Argentina,Sweet potatoes,1993,971.96,147.27,20.6,148300.5
South Africa,Cassava,2008,1900.5,156.01,25.45,76206.2
France,Plantains and others,2012,2701.38,16.14,19.85,43600.6
Brazil,Rice,2019,1824.5,202.37,29.98,42344.0
Argentina,Wheat,2018,1689.48,45.74,28.68,23646.6
South Africa,Soybeans,2009,2375.13,8.5,28.48,8495.8
Nigeria,Plantains and others,2009,2828.35,123.89,29.78,32478.3
Mexico,Cassava,2013,2736.66,172.01,37.9,22645.8
Australia,Yams,2002,1419.56,21.69,12.99,90325.8
Germany,Plantains and others,1990,1676.28,53.17,20.0,81925.2
Canada,Sweet potatoes,2009,626.75,26.65,36.93,67352.4
Mexico,Plantains and others,1991,2098.49,59.84,22.73,48333.2
Nigeria,Sorghum,1995,2878.86,36.79,17.21,9381.1
Japan,Maize,1998,2142.19,23.94,34.49,16549.0
Indonesia,Potatoes,1997,1852.12,49.24,31.33,95663.7
United States,Yams,2020,220.74,44.48,16.71,102631.0
Canada,Wheat,2019,430.21,146.63,32.23,21916.7
Japan,Maize,2011,1512.27,12.36,31.88,37989.4
France,Soybeans,1995,1992.36,152.68,18.4,16641.6
Nigeria,Plantains and others,2008,2014.71,50.52,18.95,61811.6
Germany,Soybeans,2010,1309.37,177.8,22.79,26436.2
Brazil,Wheat,2010,1994.79,87.41,37.52,8689.9
South Africa,Cassava,2009,1464.72,87.36,18.93,118065.7
South Africa,Yams,1995,2776.3,73.55,21.4,42347.8
Nigeria,Wheat,2010,2802.45,41.21,22.49,16941.5
Egypt,Plantains and others,2011,733.15,42.91,33.34,50943.0
Brazil,Yams,1997,832.02,32.97,26.74,85545.8
China,Soybeans,1996,338.03,160.75,33.61,16955.5
South Africa,Rice,2000,580.36,61.01,20.1,36196.7
Mexico,Soybeans,1995,1637.13,11.6,26.51,19312.2
United States,Wheat,2016,2053.92,107.18,31.07,18030.7
Nigeria,Rice,1994,1458.73,64.86,22.33,50414.8
China,Soybeans,1995,2970.68,39.68,18.85,9506.7
India,Soybeans,2003,248.16,250.01,26.16,25009.4
India,Sorghum,1999,1157.81,32.63,30.3,12652.8
Brazil,Plantains and others,2016,1035.63,89.4,22.13,102819.5
Canada,Rice,2019,2855.34,70.48,15.98,21719.1
Nigeria,Maize,2001,2512.93,16.92,37.18,11248.4
India,Rice,2005,454.41,6.0,37.63,16502.8
United States,Plantains and others,2015,1948.92,149.32,29.98,50234.3
Argentina,Wheat,2004,1651.9,36.96,14.62,32928.5
Brazil,Soybeans,2021,2449.08,9.85,15.03,7471.1
Japan,Soybeans,1996,2482.71,17.15,13.66,5641.2
Australia,Yams,2010,661.21,105.08,20.21,115872.1
Germany,Cassava,1994,2263.9,35.87,37.54,21474.8
Germany,Cassava,1992,2575.2,85.5,27.06,39628.9
India,Yams,2006,1497.07,317.41,15.03,103337.5
Japan,Plantains and others,1997,2008.23,6.24,36.06,24103.0
Argentina,Plantains and others,2023,1629.66,39.13,21.27,81649.2
Egypt,Plantains and others,2004,2413.78,65.53,35.3,17201.9
South Africa,Potatoes,2021,1107.11,15.11,19.98,264905.0
Mexico,Cassava,2023,458.24,50.5,32.49,65010.4
Japan,Sorghum,2017,1186.22,77.49,29.06,16450.8
Germany,Maize,2015,2773.29,119.59,35.41,14358.3
Brazil,Plantains and others,1996,2483.47,31.1,32.18,13513.5
France,Sweet potatoes,1990,1859.46,123.79,34.94,46205.9
France,Wheat,1994,2237.91,12.17,31.92,8049.2
Brazil,Maize,2022,1613.46,12.61,14.31,32193.9
Nigeria,Soybeans,2004,1023.43,38.32,30.98,26516.0
Indonesia,Sorghum,2009,700.05,36.91,20.39,24070.1
Japan,Rice,2006,2543.14,157.4,19.74,19398.6
China,Cassava,2001,1260.84,37.37,32.56,49349.7
China,Cassava,2005,1596.23,114.48,17.46,102841.5
Egypt,Wheat,2007,1457.05,123.23,32.0,19627.9
India,Maize,1995,1183.59,68.37,26.38,47232.7
United States,Plantains and others,2017,1503.9,99.1,12.93,99269.9
France,Sweet potatoes,2005,1359.16,11.56,29.83,90007.6
Brazil,Potatoes,2008,2934.39,52.7,23.15,68418.9
France,Yams,2023,621.29,55.76,29.63,81312.9
Australia,Rice,1999,2648.23,19.58,28.05,17022.5
United States,Sorghum,1993,2326.09,34.83,19.34,7620.4
Germany,Maize,2012,1089.53,12.43,27.1,55857.8
Egypt,Sweet potatoes,2023,1028.69,5.44,23.73,194716.0
Canada,Potatoes,2012,2356.18,20.7,14.28,94534.3
Brazil,Yams,1998,2987.33,29.09,24.91,31131.5
Mexico,Rice,2021,2963.28,26.22,29.19,21327.0
India,Sorghum,1995,1268.35,32.41,13.44,18411.4
Canada,Maize,2003,1511.77,33.48,24.17,45889.3
China,Potatoes,2015,1436.31,19.7,27.95,135841.0
Egypt,Plantains and others,2011,557.93,42.25,15.02,114112.5
Argentina,Maize,2021,1665.84,61.58,18.08,50335.2
Australia,Sorghum,2006,1995.25,97.71,27.79,10796.9
Nigeria,Rice,2006,2658.43,102.59,29.41,22113.1
South Africa,Maize,2005,540.84,23.78,32.3,43398.9
France,Wheat,2002,2087.38,49.07,31.9,9821.2
Indonesia,Sweet potatoes,2003,2839.12,32.5,14.59,69700.2
Australia,Cassava,2004,1692.94,33.36,23.73,111522.1
Argentina,Plantains and others,1991,2034.93,18.05,19.02,54421.7
Argentina,Yams,2003,785.42,68.17,20.73,104609.4
Indonesia,Plantains and others,1992,2267.38,62.72,22.94,39002.8
China,Sorghum,1999,477.12,7.24,22.94,16290.7
Australia,Rice,2012,2906.22,53.48,25.03,25302.6
Germany,Rice,2019,1755.13,92.63,36.15,27413.3
Egypt,Yams,2015,1253.36,109.11,14.01,135604.7
Nigeria,Cassava,2004,1684.71,21.17,37.03,47942.5
Canada,Yams,1994,950.1,371.74,37.34,57171.5
Germany,Potatoes,1996,2810.21,37.61,37.37,36324.6
India,Soybeans,1997,431.19,52.29,31.96,20879.5
Nigeria,Sorghum,2017,280.84,79.02,26.24,14935.0
Canada,Yams,2015,1098.56,109.19,28.28,101445.0
Japan,Plantains and others,2015,502.12,17.91,35.85,38355.5
France,Plantains and others,1993,1749.91,12.48,15.41,67773.0
Australia,Maize,1992,2896.12,65.99,29.9,18334.9
Mexico,Soybeans,2013,211.43,34.05,23.55,24224.4
South Africa,Sorghum,2004,1319.65,19.79,18.84,19442.5
South Africa,Maize,2009,1006.13,161.1,26.48,57123.7
Brazil,Rice,2013,908.84,8.61,26.73,37706.4
Indonesia,Plantains and others,1994,2450.56,12.61,25.53,34280.1
India,Sweet potatoes,2016,1104.61,109.91,25.19,166270.6
Canada,Rice,1991,223.35,9.66,12.94,18804.9
Canada,Soybeans,2009,1309.98,9.53,17.57,22931.2
France,Plantains and others,2011,2538.48,111.74,15.46,44463.4
France,Yams,2006,1383.04,19.1,35.0,38941.4
Egypt,Plantains and others,2001,1893.22,33.44,34.8,27263.9
France,Wheat,1993,2364.52,5.8,21.78,11658.9
Nigeria,Sorghum,2017,2070.16,27.32,22.2,14922.8
Japan,Sorghum,1991,1565.8,52.57,24.16,14416.4
France,Maize,2003,1334.68,7.07,17.06,42429.2
Canada,Plantains and others,1997,2227.12,13.26,15.82,46692.4
Egypt,Plantains and others,1995,1931.03,39.42,13.11,67205.8
Australia,Sorghum,2007,468.86,87.6,33.43,7960.4
Australia,Maize,1991,849.23,131.05,18.98,51024.5
Germany,Soybeans,2012,2328.47,110.93,26.25,11137.1
Brazil,Cassava,1992,1280.25,95.39,19.48,106150.7
Germany,Plantains and others,2000,945.66,71.99,32.16,46634.7
Indonesia,Rice,2008,1331.98,23.76,17.66,54135.1
Canada,Yams,2002,559.28,12.93,30.72,73501.3
China,Sweet potatoes,2009,2833.36,10.29,37.04,24329.4
Indonesia,Soybeans,2021,2506.79,51.41,28.93,14152.8
Mexico,Plantains and others,1991,1230.7,76.84,19.73,79934.6
France,Sweet potatoes,2002,602.11,29.94,28.24,100506.2
Argentina,Wheat,2020,2045.94,33.49,25.0,22287.6
Brazil,Yams,1990,1626.24,121.04,13.27,73892.8
Australia,Maize,1991,2283.68,36.25,12.39,12397.4
Germany,Potatoes,2010,1215.33,76.22,30.81,141093.0
Australia,Maize,1991,1439.6,40.52,23.99,52292.4
China,Potatoes,1995,2209.97,8.51,25.07,75682.5
France,Maize,2002,2649.31,59.52,12.81,12266.0
Brazil,Cassava,2002,1766.76,39.21,18.4,94396.7
France,Yams,2022,2514.31,103.59,24.53,44867.7
Mexico,Sorghum,1999,1355.18,76.95,26.45,18710.4
Mexico,Soybeans,2002,2732.06,90.57,33.28,7990.2
France,Plantains and others,2002,2533.88,49.43,30.65,21876.4
Australia,Rice,2004,874.2,247.94,25.4,56510.2
India,Cassava,2008,1950.03,38.03,33.88,35376.2
India,Soybeans,1991,1246.96,9.15,33.0,18331.8
Indonesia,Sorghum,2008,1694.29,37.76,24.02,19131.0
Australia,Yams,1996,1930.11,80.46,26.61,67570.2
Nigeria,Yams,2009,861.0,105.56,27.0,109448.2
Nigeria,Sorghum,1990,2984.06,15.49,23.67,8299.5
South Africa,Potatoes,2020,2812.78,24.09,31.29,46232.0
Nigeria,Sweet potatoes,2002,2551.9,8.28,13.39,59267.4
Mexico,Maize,2016,681.43,87.7,26.67,56454.1
Mexico,Sweet potatoes,2007,1038.04,8.49,25.02,136775.9
France,Soybeans,1998,335.49,106.38,31.73,21199.9
Canada,Sorghum,2020,457.82,27.07,12.44,21988.1
Japan,Sorghum,2015,694.52,7.75,20.23,19401.3
Argentina,Sorghum,1996,1373.48,59.62,23.46,17919.7
India,Plantains and others,2003,497.64,35.77,14.53,93745.8
Argentina,Sorghum,2015,2363.29,18.95,13.94,8913.8
South Africa,Wheat,2007,1224.65,124.48,23.69,28673.4
Canada,Sweet potatoes,2011,2615.49,57.21,24.18,71947.9
Egypt,Potatoes,2001,1168.71,40.63,16.09,243742.4
Brazil,Sweet potatoes,2020,506.42,87.22,19.95,161541.5
Brazil,Sorghum,2020,373.13,111.67,36.11,8555.0
Brazil,Plantains and others,1999,2929.39,100.96,17.67,36742.2
Indonesia,Sorghum,2017,2090.21,15.51,16.43,13909.1
Japan,Potatoes,2020,554.32,117.64,19.93,230367.7
Mexico,Wheat,2009,495.45,18.93,32.28,15752.0
Argentina,Cassava,1995,1728.55,33.44,32.96,37615.3
United States,Wheat,2003,2378.29,43.71,17.33,17415.7
Canada,Sweet potatoes,2009,1958.64,32.82,32.52,57245.8
United States,Soybeans,1993,2922.77,141.79,28.81,9964.7
India,Plantains and others,2011,1695.9,8.2,29.53,44782.8
Canada,Yams,2007,814.13,16.49,35.16,50374.6
United States,Cassava,2010,1252.17,15.01,17.9,131377.1
Japan,Soybeans,2021,546.12,81.8,33.2,20965.5
India,Yams,2005,2261.88,51.63,28.79,37813.6
India,Cassava,2001,1313.54,65.0,25.17,104920.0
Argentina,Wheat,2000,1388.78,56.28,24.0,28421.1
Brazil,Yams,2003,1416.17,7.75,19.25,91379.2
Australia,Maize,2013,464.9,61.02,13.64,32683.9
China,Maize,2013,2636.36,80.2,13.51,16154.1
India,Yams,2010,1806.91,32.92,25.25,72840.5
Canada,Maize,2002,514.98,262.34,35.39,34724.0
India,Sweet potatoes,2014,533.95,35.84,22.47,152410.0
Nigeria,Yams,2009,1464.4,248.08,19.08,126199.6
Egypt,Yams,2005,745.36,21.35,16.11,131697.8
Japan,Soybeans,1991,651.38,94.78,20.99,23106.9
India,Maize,2022,2433.48,29.73,27.82,23747.1
Australia,Sweet potatoes,2015,980.66,36.11,33.03,77243.5
Mexico,Rice,1994,643.59,46.25,27.56,42252.6
Canada,Maize,1996,1083.01,11.32,19.09,51842.5
India,Rice,1995,1627.59,23.44,22.99,43508.1
Canada,Yams,1996,1871.16,73.86,16.23,84596.9
United States,Potatoes,2002,1767.32,298.47,27.92,155953.8
Nigeria,Soybeans,2016,1359.85,13.16,37.29,15030.4
Japan,Plantains and others,2009,2599.55,11.49,31.84,20824.4
Canada,Soybeans,2006,311.31,69.52,27.95,29141.9
Japan,Yams,1997,2034.54,99.57,15.97,65603.4
Argentina,Sorghum,2019,2672.97,91.45,26.75,8082.5
Japan,Potatoes,1995,665.68,205.16,15.02,160869.1
Japan,Yams,2008,408.29,42.26,35.33,36595.3
South Africa,Sweet potatoes,2004,2364.94,15.23,34.24,23143.0
Argentina,Wheat,2012,755.3,24.1,26.8,32149.0
Australia,Sorghum,2022,2488.72,30.58,23.06,9058.6
France,Rice,2006,2178.5,72.13,21.62,32931.6
Australia,Maize,2020,511.18,150.22,26.06,61457.7
Brazil,Sorghum,1994,1809.03,7.97,15.3,12881.5
Indonesia,Rice,2003,2587.49,86.31,33.05,16707.4
India,Wheat,2002,1335.56,91.75,30.28,21102.4
India,Cassava,2020,1870.7,29.1,17.42,114152.0
France,Sorghum,2015,2648.03,153.99,23.3,9921.7
Mexico,Soybeans,2006,287.71,116.28,23.64,24502.0
Australia,Potatoes,2018,903.04,25.16,22.63,225231.9
India,Potatoes,2022,2038.76,48.34,13.3,132321.7
Canada,Soybeans,2010,2904.13,24.78,37.93,5619.0
China,Plantains and others,2018,2471.78,40.84,28.09,29342.8
France,Wheat,1996,2272.53,46.0,23.66,16387.9
Egypt,Plantains and others,2023,235.01,105.25,13.22,93029.7
Canada,Potatoes,2022,1757.45,101.63,24.86,205899.4
Canada,Yams,2011,394.69,8.7,23.06,104438.7
Brazil,Plantains and others,1996,1014.47,9.18,29.75,51716.5
Indonesia,Plantains and others,2004,2636.21,15.92,36.91,19026.5
United States,Sweet potatoes,1993,1362.56,125.08,24.15,153680.4
Germany,Plantains and others,2001,1067.85,212.76,12.1,79941.8
China,Cassava,2013,1131.38,37.79,16.19,122816.0
Germany,Sweet potatoes,2004,1957.45,146.93,27.59,88682.4
Brazil,Sweet potatoes,2007,2055.7,37.28,20.7,81868.4
France,Potatoes,2005,2805.62,39.68,30.29,48120.4
France,Plantains and others,2014,568.74,7.65,36.77,37166.8
Canada,Plantains and others,1994,1715.54,15.77,28.29,47173.7
South Africa,Yams,2015,1929.73,13.22,33.22,30788.1
Australia,Maize,2023,212.2,6.57,27.9,52427.5
Brazil,Cassava,2007,1135.18,93.81,20.53,117309.5
Brazil,Maize,2012,555.11,59.5,26.44,49810.6
Canada,Potatoes,2001,2476.89,34.62,35.93,43279.3
United States,Wheat,2006,2077.47,132.91,22.43,23268.7
Canada,Sweet potatoes,2004,2818.84,86.75,25.71,61161.5
France,Maize,1998,2761.5,9.09,20.59,16753.4
Japan,Wheat,2021,2707.49,63.32,27.86,12984.9
Egypt,Potatoes,2001,1927.45,69.53,12.3,157787.8
Brazil,Cassava,2009,1182.26,15.48,30.24,70423.1
United States,Cassava,2005,709.86,9.02,25.15,109993.0
Japan,Sweet potatoes,2011,955.69,51.88,30.85,96167.6
Canada,Plantains and others,2015,1893.26,192.39,21.19,90298.2
Argentina,Potatoes,1991,1727.09,39.59,26.38,131726.6
Australia,Soybeans,2015,1383.3,139.29,17.44,27581.8
Germany,Yams,1990,817.28,14.44,12.76,92461.4
Argentina,Plantains and others,1999,665.92,9.52,17.71,84060.8
South Africa,Maize,2001,2534.17,90.41,15.67,16039.6
Mexico,Sorghum,2001,2446.5,50.43,12.82,7438.1
Mexico,Soybeans,2018,699.16,61.05,28.99,30998.4
Australia,Maize,2007,1010.51,52.36,37.44,32122.5
Indonesia,Cassava,2022,703.65,33.43,20.29,158434.3
Egypt,Maize,2016,1001.86,87.8,33.93,50121.3
United States,Plantains and others,1993,2015.48,161.63,19.92,69935.2
France,Plantains and others,2000,2190.14,37.73,29.85,30501.7
South Africa,Plantains and others,1998,2923.79,53.01,34.03,15478.1
South Africa,Cassava,2015,2554.96,208.14,16.8,55795.3
Egypt,Maize,2018,2491.73,42.22,25.56,28628.0
Canada,Plantains and others,1999,2864.13,18.88,17.73,37773.3
South Africa,Soybeans,2022,409.19,97.67,15.06,23629.7
France,Sorghum,2003,1634.0,7.34,17.09,16353.2
Australia,Sorghum,2008,2147.83,6.98,26.37,10385.8
Egypt,Sweet potatoes,2003,2699.57,160.91,25.72,65433.2
South Africa,Rice,2006,1407.55,198.03,19.82,46502.1
Argentina,Wheat,1990,2303.99,12.8,30.53,8539.3
China,Plantains and others,1997,2650.49,63.24,37.37,15184.2
Japan,Cassava,2008,2536.25,33.48,32.59,23498.2
India,Wheat,1994,608.68,47.38,23.05,31923.5
Germany,Wheat,2014,2432.5,189.36,17.43,15658.8
Brazil,Cassava,2016,407.63,5.73,16.17,111619.7
Egypt,Sorghum,2005,463.64,43.99,30.69,14918.6
United States,Sweet potatoes,2015,2725.23,54.36,13.58,81855.5
Brazil,Sweet potatoes,2010,1465.67,47.06,29.49,95858.9
India,Potatoes,2008,961.49,25.49,18.39,208135.7
Canada,Soybeans,1991,1215.19,43.27,27.37,28629.4
Egypt,Cassava,2006,1332.18,12.02,27.82,118506.7
United States,Rice,2012,936.4,106.14,28.01,54770.0
Japan,Plantains and others,2012,1914.74,36.13,30.69,37756.4
Egypt,Soybeans,1996,1602.89,34.62,27.16,25647.2
Brazil,Potatoes,2000,2677.88,10.86,26.87,55055.0
France,Cassava,2018,2014.29,88.51,14.46,87682.3
Japan,Sorghum,2013,1097.57,154.73,19.09,22194.8
Nigeria,Sorghum,2014,2503.67,5.99,34.58,3653.3
South Africa,Soybeans,2014,1070.01,28.06,27.54,24634.6
Indonesia,Sweet potatoes,2013,670.71,34.87,32.53,93717.0
China,Sweet potatoes,2007,1509.72,10.67,19.31,130776.1
France,Plantains and others,2022,460.2,95.44,22.45,98382.0
South Africa,Maize,2019,2491.68,44.52,35.99,13680.9
Nigeria,Wheat,1997,471.52,65.79,36.0,16847.9
China,Maize,1996,2995.87,8.2,12.55,10687.5
Nigeria,Soybeans,2016,696.54,9.97,37.68,11956.4
India,Plantains and others,1999,1313.27,59.76,22.29,95627.5
Egypt,Wheat,2020,1373.01,24.97,25.8,38180.5
Indonesia,Sorghum,1997,2361.31,36.5,21.59,8266.8
United States,Soybeans,2018,2686.25,21.85,17.14,9954.8
Egypt,Cassava,1999,2015.22,29.16,29.16,62999.5
Japan,Cassava,2003,1089.4,19.13,24.41,94595.9
Brazil,Rice,1997,215.22,32.81,16.39,24090.0
Canada,Potatoes,1992,2421.74,89.27,35.15,37840.6
Indonesia,Soybeans,2023,2708.03,14.73,13.38,9401.7
South Africa,Potatoes,1995,2201.12,22.34,21.89,82617.6
Mexico,Sweet potatoes,2009,1712.53,29.86,23.25,115840.7
France,Soybeans,2023,621.97,15.17,23.76,29448.9
Indonesia,Rice,2008,2819.26,74.15,32.48,19884.8
Egypt,Potatoes,2013,2361.89,5.19,14.96,75501.2
India,Plantains and others,2016,2850.95,14.07,29.01,27424.4
Australia,Cassava,1994,2539.09,7.76,31.07,27375.7
Mexico,Wheat,2010,2145.96,44.93,35.94,8385.2
Nigeria,Rice,2002,2502.97,37.92,33.97,17110.2
Nigeria,Sorghum,2005,1968.29,38.31,16.28,12511.4
India,Plantains and others,2001,1993.2,21.66,36.63,22016.1
United States,Soybeans,2013,1013.22,36.47,20.65,27245.3
United States,Wheat,1998,2300.7,13.79,19.96,17214.9
Australia,Soybeans,2011,2623.15,158.77,21.49,13424.6
Japan,Yams,2000,2711.42,50.9,33.49,15350.3
China,Potatoes,2000,1339.64,35.86,12.94,148487.1
Canada,Plantains and others,1997,2363.87,22.71,14.92,44243.6
Egypt,Sweet potatoes,2003,1054.17,15.41,22.13,191781.2
Egypt,Maize,2014,1048.51,78.82,21.17,64452.8
Brazil,Potatoes,2013,1328.07,146.68,12.41,181189.0
Mexico,Yams,1994,822.52,46.97,27.39,77372.4
India,Wheat,2022,309.35,230.08,19.32,35901.2
Australia,Sweet potatoes,2020,2837.23,305.04,18.42,86888.2
Japan,Maize,1996,1619.04,38.27,27.41,35934.5
Australia,Wheat,2019,531.81,30.04,24.47,35334.6
Germany,Wheat,2007,2871.7,128.63,26.2,14271.4
China,Maize,2008,727.28,12.24,26.32,48898.0
Canada,Wheat,2007,662.39,125.38,31.92,23874.0
United States,Maize,2006,2120.87,37.16,13.66,23627.9
Mexico,Plantains and others,2015,2869.47,125.63,31.78,22153.8
United States,Rice,2016,1109.26,53.03,20.23,47871.1
Egypt,Rice,1995,280.64,42.76,33.75,25296.3
Brazil,Rice,2016,344.26,50.19,20.24,37405.8
Mexico,Yams,2019,2044.47,8.2,37.11,29405.0
Mexico,Plantains and others,1994,2951.1,37.66,32.9,15757.5
Argentina,Sorghum,2001,720.65,11.85,23.36,19110.8
France,Plantains and others,2010,469.54,38.35,18.94,89843.5
Egypt,Cassava,2018,2317.19,265.18,30.84,40273.9
Canada,Soybeans,2023,1074.84,181.86,21.93,37616.3
India,Rice,1993,1553.98,8.52,35.1,25174.2
Australia,Rice,2004,1471.04,70.27,33.6,40625.0
Egypt,Sorghum,2022,2195.51,114.52,23.04,15805.1
Canada,Cassava,1995,2303.08,48.58,24.5,52130.7
India,Rice,1993,1659.35,16.56,23.08,48371.7
Nigeria,Cassava,2018,1105.71,7.18,37.69,53082.8
South Africa,Potatoes,1999,2863.82,38.93,24.6,73096.6
Australia,Yams,2003,362.63,18.03,37.25,38231.2
Brazil,Plantains and others,1991,1009.57,7.0,17.34,82537.8
Australia,Yams,1999,728.61,71.75,29.86,71696.8
India,Soybeans,1993,1159.8,79.97,26.01,26952.6
Canada,Sweet potatoes,2007,2490.41,90.39,12.05,63564.6
China,Yams,2018,1275.22,55.34,17.05,120158.8
Australia,Rice,1997,223.0,31.15,33.78,24249.2
China,Maize,2001,867.8,41.79,32.18,43210.9
Australia,Cassava,1994,2364.33,136.89,19.67,50822.9
Nigeria,Cassava,2015,724.43,36.05,32.36,74794.7
Indonesia,Rice,2013,1050.93,17.54,19.91,56361.8
South Africa,Rice,2021,1997.19,102.31,32.18,40085.0
France,Sweet potatoes,2018,279.36,10.4,30.21,98048.0
Japan,Sorghum,1997,2969.44,9.52,33.35,2972.4
Brazil,Plantains and others,1993,1587.16,7.74,22.25,74621.0
India,Plantains and others,2007,306.59,79.78,25.73,72733.6
Brazil,Cassava,1997,1425.68,15.92,29.7,66547.0
China,Sweet potatoes,2014,1340.59,6.74,16.52,159184.6
Indonesia,Cassava,2014,919.52,25.1,32.4,71644.5
China,Soybeans,1992,284.6,68.13,21.54,21002.5
Brazil,Wheat,2006,2637.82,42.35,35.13,4936.3
South Africa,Yams,1999,2127.19,32.39,34.83,21701.4
Japan,Yams,2002,2657.46,13.45,28.97,26894.1
Germany,Rice,1998,1109.22,95.12,15.4,34900.1
China,Yams,2019,2885.68,12.8,18.04,42367.5
Brazil,Soybeans,2006,2207.41,126.16,28.51,12248.1
Brazil,Yams,1999,1996.64,118.09,25.7,61019.9
Mexico,Potatoes,1995,1320.81,399.32,14.38,187857.3
Japan,Cassava,2022,1363.1,6.25,22.88,119543.3
Australia,Potatoes,2006,2895.61,54.84,27.51,72132.7
Egypt,Maize,2018,524.55,84.3,21.91,69317.9
India,Wheat,2018,1490.37,6.66,17.82,33085.9
Japan,Soybeans,2007,2723.51,89.34,16.0,7337.5
Canada,Cassava,2014,2828.27,254.62,30.18,39223.4
South Africa,Maize,2018,1223.44,120.05,35.22,30682.3
United States,Wheat,2022,1645.24,24.37,18.73,38912.1
United States,Yams,1994,572.67,17.57,31.77,51418.2
Egypt,Soybeans,2023,2317.0,14.28,15.15,12434.2
Brazil,Maize,2015,530.27,119.98,18.07,49404.0
Canada,Wheat,2019,2035.87,30.35,37.45,11750.2
Canada,Maize,2003,792.74,111.1,14.62,41300.1
France,Potatoes,1991,2740.7,15.69,20.66,85684.7
Australia,Yams,2003,2753.4,8.04,32.2,23160.8
France,Sweet potatoes,2013,2187.19,74.61,31.76,49429.6
India,Yams,2014,2550.0,36.98,26.74,40738.2
Indonesia,Potatoes,2023,263.58,99.04,32.5,117349.1
Egypt,Wheat,1999,1919.57,85.48,26.73,21945.3
Argentina,Cassava,2007,697.5,169.56,25.01,112468.1
Germany,Rice,2002,1411.58,110.46,23.91,54737.9
India,Cassava,2011,1587.75,82.17,16.83,104750.3
Argentina,Wheat,1998,1012.88,26.35,32.11,18923.1
Canada,Maize,2011,1311.86,32.53,14.68,43094.7
India,Yams,2012,1765.26,19.57,26.24,88750.1
Australia,Rice,2004,1731.25,116.94,21.32,52177.2
Indonesia,Cassava,2018,1980.52,15.7,15.59,103825.3
United States,Soybeans,2018,575.62,16.06,13.18,18980.8
China,Potatoes,2000,401.27,75.97,20.57,192946.2
Canada,Wheat,1999,2939.19,14.04,13.46,14480.8
Brazil,Wheat,2017,398.75,50.46,27.01,27633.9
France,Maize,2002,2124.53,46.26,15.59,23848.7
Canada,Yams,1994,338.54,94.14,36.6,44020.1
Argentina,Rice,2022,2914.12,20.02,25.65,21187.0
France,Soybeans,2003,1675.34,72.53,25.35,22478.1
Australia,Potatoes,1993,1742.96,20.94,23.6,145235.6
India,Sweet potatoes,2007,2690.01,52.55,24.54,60335.3
Argentina,Sweet potatoes,2015,1496.87,21.29,33.6,66145.6
Indonesia,Potatoes,2013,1987.83,8.39,20.86,144325.0
Argentina,Soybeans,2013,1844.01,67.29,23.34,23963.5
Argentina,Sorghum,1992,2427.0,52.46,33.09,3026.2
Australia,Soybeans,2008,622.5,63.13,34.98,18720.9
India,Potatoes,2005,2998.61,40.0,36.04,36287.6
Nigeria,Plantains and others,1995,2189.16,77.57,35.11,21649.3
South Africa,Rice,2014,542.99,17.66,15.18,30655.4
Australia,Rice,2011,646.86,53.59,12.6,30319.5
Mexico,Plantains and others,1999,2995.79,133.06,15.84,37371.3
Canada,Wheat,1998,1748.32,44.81,33.53,13337.2
Argentina,Maize,1998,1753.76,83.65,13.15,25824.5
Canada,Potatoes,2015,2042.37,67.58,25.78,126693.2
Mexico,Yams,2002,1403.68,47.89,37.2,37746.6
Japan,Yams,2008,1518.18,19.91,35.7,37556.2
Nigeria,Maize,1994,1622.72,14.69,21.78,45363.1
India,Wheat,1991,1123.51,106.92,13.64,32987.6
Nigeria,Wheat,2020,1140.25,11.79,31.37,26016.1
Brazil,Potatoes,2004,342.52,60.09,33.14,69001.3
Indonesia,Wheat,2009,725.47,11.85,36.06,18578.7
Argentina,Yams,2016,1254.63,111.71,12.41,109770.4
China,Sorghum,2006,755.02,10.41,36.11,7411.8
Nigeria,Cassava,2005,870.15,45.64,24.15,131184.8
Mexico,Soybeans,1993,1418.74,77.71,22.66,24711.4
United States,Soybeans,2017,639.55,5.09,17.65,27172.5
Nigeria,Sorghum,2008,1820.96,40.23,33.18,7744.8
Nigeria,Maize,1990,1307.11,16.96,19.04,47395.4
Argentina,Sorghum,1999,2941.83,43.55,12.89,5611.6
India,Yams,2013,2806.31,12.17,31.86,23785.0
India,Cassava,2009,2346.18,17.07,37.87,18105.6
Nigeria,Potatoes,2006,2309.23,31.33,34.54,40552.8
Argentina,Sorghum,2019,2168.97,7.83,13.74,10349.0
France,Wheat,2013,2862.44,60.18,29.11,12043.5
Australia,Cassava,2020,1346.78,5.98,31.26,87541.4
Australia,Soybeans,2001,1980.59,82.58,16.06,14759.5
Australia,Rice,2004,1383.94,42.45,20.16,57701.0
Canada,Soybeans,1994,774.47,9.3,12.46,16734.3
Mexico,Rice,1998,872.27,18.98,15.92,37943.5
Japan,Sorghum,2008,1523.04,22.51,25.73,16618.1
Mexico,Sweet potatoes,2016,2684.82,80.35,17.24,74883.6
Argentina,Plantains and others,2012,675.63,58.63,35.9,38143.0
Japan,Yams,2016,519.24,52.88,19.9,100601.5
United States,Plantains and others,1990,1823.2,16.55,12.27,62981.8
China,Wheat,2017,996.41,61.58,30.84,20909.4
Japan,Rice,2016,2316.62,11.32,34.43,19782.4
Argentina,Wheat,2020,388.84,46.4,13.14,39729.5
Argentina,Cassava,2004,2725.73,158.45,35.35,21629.8
South Africa,Plantains and others,2018,868.66,8.56,35.88,39509.2
France,Sorghum,1995,1290.48,166.31,13.5,18681.3
Indonesia,Cassava,2006,707.09,35.87,25.8,125827.8
Japan,Cassava,2004,2220.17,11.38,23.99,56271.7
Germany,Plantains and others,2021,2808.68,33.92,24.23,38576.5
France,Rice,2011,999.74,42.78,35.71,32188.4
Japan,Sweet potatoes,2007,516.17,127.43,21.36,147931.3
Canada,Potatoes,2005,356.15,10.21,12.65,196597.5
United States,Rice,2015,1152.0,53.93,23.16,53993.3
India,Wheat,1993,243.04,27.58,23.48,29870.9
United States,Plantains and others,2017,2560.0,17.13,23.88,44306.3
Japan,Maize,2001,2152.33,33.3,32.51,16802.3
France,Cassava,1991,2707.44,12.66,21.32,46611.1
India,Rice,2015,233.15,28.17,20.6,38348.1
Nigeria,Rice,2017,373.92,34.23,22.59,45220.3
Japan,Maize,2005,1533.54,37.5,27.37,39191.9
India,Sorghum,2005,1230.08,79.45,31.56,8943.7
South Africa,Yams,2003,1780.66,131.6,36.81,32147.4
Canada,Maize,2009,787.28,41.45,21.83,59520.1
Argentina,Plantains and others,2004,2623.84,34.4,16.37,39024.7
France,Wheat,2013,2039.37,17.74,20.21,21986.9
South Africa,Maize,2004,365.54,186.72,30.91,41543.7
Japan,Yams,2009,2516.05,35.19,15.96,40006.5
South Africa,Cassava,1997,611.41,88.17,16.15,116090.8
China,Potatoes,2003,920.64,18.79,23.89,181996.1
United States,Soybeans,1997,772.8,44.85,29.69,28454.5
Brazil,Potatoes,2020,1241.29,9.25,33.96,88332.8
Mexico,Yams,1993,849.69,63.16,20.67,111116.6
Argentina,Plantains and others,2020,493.02,76.73,14.65,97189.9
Mexico,Soybeans,1996,1324.16,5.78,28.33,22836.8
South Africa,Potatoes,1999,1412.8,31.48,23.81,168752.8
Mexico,Potatoes,2020,1225.63,29.45,14.52,227213.7
Australia,Sweet potatoes,2001,733.08,59.59,35.54,74014.1
Nigeria,Maize,1993,1555.78,63.87,18.62,45998.6
Canada,Soybeans,2018,2705.42,43.93,14.39,10336.9
Canada,Rice,1999,1808.92,20.19,12.52,29026.5
France,Cassava,1992,1776.22,14.68,15.68,93142.5
India,Cassava,2000,2353.05,8.18,30.72,28261.2
Argentina,Plantains and others,2002,2545.12,53.4,18.79,40255.8
Nigeria,Rice,1998,786.88,16.54,18.77,43853.3
Japan,Plantains and others,1993,263.12,76.73,33.62,28730.0
Germany,Rice,1994,374.38,361.37,32.45,31938.7
China,Plantains and others,1999,2233.58,10.72,14.7,37388.3
India,Plantains and others,2012,1405.81,15.95,37.39,42802.8
Indonesia,Sorghum,1997,2218.82,10.38,28.15,7172.0
Egypt,Sweet potatoes,1997,495.19,37.36,33.18,71103.6
South Africa,Soybeans,1996,2891.01,21.86,30.35,9384.8
Egypt,Yams,1990,501.07,28.59,15.47,93941.8
China,Sweet potatoes,2015,798.06,13.21,34.23,70784.0
Australia,Soybeans,2015,1854.6,69.59,16.69,19813.5
Mexico,Wheat,2000,1972.86,55.6,14.19,20356.3
France,Plantains and others,1992,1145.09,22.32,32.07,41006.5
Australia,Wheat,2017,2760.04,191.49,29.92,13315.0
Argentina,Wheat,2007,1733.62,46.12,36.8,10043.6
Argentina,Sweet potatoes,1998,494.69,51.21,34.99,62933.3
Brazil,Cassava,2014,2773.6,18.69,30.49,28824.0
United States,Wheat,2019,2162.34,11.57,23.69,22712.7
Argentina,Sweet potatoes,2017,1122.49,11.08,17.56,159306.0
China,Maize,2017,2810.0,20.76,18.32,18918.4
Germany,Sorghum,2008,1861.47,68.71,21.56,15271.9
Brazil,Potatoes,1992,229.43,71.44,27.6,121053.0
Argentina,Maize,2019,1148.6,117.29,32.75,46306.7
South Africa,Potatoes,2015,1314.99,10.83,34.73,86790.9
France,Sorghum,1990,2077.4,11.08,31.38,5813.6
Nigeria,Sweet potatoes,1997,2960.69,21.15,35.48,29148.4
Egypt,Sweet potatoes,2022,2863.4,57.33,35.21,34726.4
China,Yams,2012,2323.74,45.16,14.52,38576.2
Argentina,Plantains and others,2014,796.13,26.98,14.76,94719.3
France,Wheat,2018,2499.72,88.63,35.53,6190.6
China,Maize,2001,646.11,20.87,30.35,43008.9
Indonesia,Cassava,2016,1543.7,86.79,15.33,140311.3
Nigeria,Plantains and others,2016,835.03,39.11,35.18,42523.4
Argentina,Plantains and others,1996,722.03,101.83,34.8,39344.8
Australia,Potatoes,1997,2215.26,167.26,15.13,114694.9
Canada,Rice,2001,1312.86,6.96,31.19,42591.9
Mexico,Plantains and others,2008,1030.86,56.62,14.45,97231.7
Japan,Soybeans,2011,2187.6,55.11,35.04,9292.2
Canada,Plantains and others,2007,1616.91,6.73,15.0,94723.2
South Africa,Wheat,1992,2649.04,33.27,27.42,10682.8
France,Rice,2020,1947.62,46.86,37.6,21683.2
China,Sweet potatoes,2011,1449.93,44.43,32.54,71378.2
Japan,Cassava,2010,2117.37,105.53,32.04,35247.5
Brazil,Sweet potatoes,2013,1410.38,151.51,13.74,141963.1
United States,Potatoes,2018,1985.82,10.87,29.42,110668.3
Canada,Soybeans,1993,1879.41,24.8,26.65,18958.3
Indonesia,Sweet potatoes,1998,804.92,14.32,16.06,176294.1
Argentina,Maize,2003,564.94,108.11,14.14,38005.9
China,Wheat,2008,1693.49,75.31,32.11,13416.5
Argentina,Potatoes,2009,1037.2,44.48,15.63,224020.7
China,Soybeans,1992,2762.63,55.32,19.4,9478.9
Egypt,Sweet potatoes,2005,2496.71,45.31,20.68,82854.7
South Africa,Plantains and others,2005,2365.81,87.92,30.6,26589.3
Nigeria,Yams,1992,2315.52,54.42,32.52,22791.6
Indonesia,Cassava,2001,1422.01,45.04,31.05,61073.1
Brazil,Soybeans,2014,865.27,12.19,30.23,26161.4
India,Plantains and others,2004,347.49,23.88,27.53,81638.2
South Africa,Yams,2013,655.64,60.54,26.51,93492.7
Japan,Soybeans,1991,1924.63,124.44,23.58,16823.8
Egypt,Wheat,1999,2608.68,126.56,35.87,7549.0
France,Yams,2010,1249.54,5.71,16.79,100931.2
South Africa,Sweet potatoes,2014,607.14,134.41,30.46,96407.3
Egypt,Wheat,1996,1104.45,27.37,25.14,35581.4
Canada,Sorghum,2014,1056.3,20.42,33.28,9626.1
Argentina,Yams,1991,1715.35,84.64,20.59,73820.8
Argentina,Sorghum,2010,2344.3,46.01,29.52,6153.6
United States,Yams,2011,435.94,38.2,24.9,102649.8
India,Sweet potatoes,1993,1390.59,121.78,20.85,125160.7
United States,Rice,2000,2989.44,32.86,22.4,21597.6
Japan,Maize,2016,2489.71,10.11,29.43,19890.6
Egypt,Potatoes,2006,2643.14,36.25,17.82,101653.0
Australia,Wheat,2002,2431.41,29.26,30.03,8212.7
Japan,Cassava,2014,2389.18,51.12,36.97,21910.5
France,Potatoes,2008,1140.05,56.58,26.63,168578.6
Germany,Cassava,2001,222.49,17.82,37.83,43907.4
Nigeria,Sweet potatoes,2019,1575.7,48.92,15.36,166726.9
Egypt,Wheat,2014,401.28,25.93,24.04,41822.1
Mexico,Sorghum,1994,1766.27,247.57,28.16,12931.2
United States,Yams,1999,514.44,50.42,15.96,104272.5
China,Plantains and others,2020,477.29,84.77,35.4,42516.3
India,Cassava,2004,1522.79,137.42,13.94,103408.8
Mexico,Wheat,2006,1497.42,57.53,33.11,13066.8
Mexico,Yams,1994,2634.66,9.91,16.81,42910.9
Germany,Wheat,1997,883.8,32.7,30.83,22408.5
Argentina,Sorghum,2010,416.72,22.72,17.19,19796.7
United States,Sweet potatoes,2013,2631.92,117.67,33.6,28790.9
Argentina,Sorghum,1996,777.15,176.08,23.03,18680.4
Egypt,Sweet potatoes,2018,531.76,43.05,34.21,77297.5
France,Rice,2001,867.17,61.81,12.46,26011.0
Mexico,Plantains and others,1999,1228.65,28.95,21.75,101535.4
Mexico,Potatoes,2023,483.59,5.46,13.18,171598.0
China,Yams,2006,1502.94,52.6,33.2,42853.8
South Africa,Rice,2000,525.82,66.11,29.34,34146.6
Australia,Plantains and others,2014,867.4,12.26,20.43,116121.2
Australia,Rice,1996,2413.67,67.13,32.69,21518.5
United States,Yams,2014,1497.45,51.7,35.6,47783.0
Brazil,Potatoes,1992,2252.91,5.81,27.16,66738.4
Japan,Soybeans,2020,890.23,28.96,32.6,22447.5
Brazil,Rice,1992,1642.71,98.38,36.42,20275.8
Germany,Rice,1991,2814.33,21.57,24.82,20026.2
Argentina,Maize,2016,1697.16,59.6,33.69,37403.8
South Africa,Cassava,2012,2572.16,181.34,17.05,43164.5
China,Yams,1995,2412.07,5.99,27.58,31900.6
South Africa,Potatoes,2021,567.53,11.05,37.83,79202.8
China,Cassava,1999,2697.38,34.52,28.93,34981.9
India,Yams,2001,776.69,8.28,15.08,87649.6
Brazil,Yams,1991,387.46,58.64,26.89,66416.7
Canada,Sorghum,2003,580.3,27.33,32.25,9905.4
Japan,Soybeans,2019,1002.02,5.82,35.88,14708.6
Canada,Sorghum,1990,827.54,10.49,30.88,13158.3
Germany,Maize,2002,2034.29,44.81,20.39,31175.6
France,Potatoes,1996,2400.7,22.51,30.42,47376.7
France,Yams,2009,2546.55,80.06,12.86,38244.9
Canada,Sorghum,2004,2639.73,62.02,14.78,8546.8
Germany,Plantains and others,1994,958.6,20.27,23.52,85333.9
United States,Yams,2003,2805.8,28.67,27.2,44280.4
Egypt,Potatoes,2007,2239.18,40.4,15.74,113576.6
Brazil,Plantains and others,2015,1415.21,6.49,28.32,61040.9
Nigeria,Potatoes,2001,2259.15,16.74,33.48,36634.5
Canada,Potatoes,1990,2661.29,89.79,34.75,34718.5
Canada,Sweet potatoes,2009,1093.7,5.32,19.76,172907.3
Australia,Sweet potatoes,1992,2637.11,38.07,29.96,35392.1
Nigeria,Sweet potatoes,2012,2110.22,95.96,21.37,99122.8
Canada,Cassava,1994,1314.54,7.04,21.19,108647.2
France,Cassava,1995,2603.89,34.52,30.46,27964.5
Argentina,Soybeans,2006,1716.3,97.14,31.34,18525.7
South Africa,Wheat,1996,2610.51,154.3,13.45,10809.2
India,Cassava,1995,1699.8,35.8,36.62,38915.6
Brazil,Rice,2005,1801.44,30.73,26.03,32444.4
Australia,Sweet potatoes,1996,493.41,33.92,26.36,132846.6
United States,Cassava,1996,948.61,32.51,23.45,118514.1
South Africa,Sweet potatoes,2006,1954.42,117.88,24.47,107884.6
Canada,Maize,1999,1910.57,53.23,15.62,31471.7
China,Rice,2023,487.29,31.74,13.87,34110.6
France,Cassava,1999,969.54,42.35,18.69,116163.0
Japan,Sweet potatoes,2006,334.29,37.15,37.79,51965.0
Egypt,Maize,2006,736.24,79.26,17.45,59520.0
Nigeria,Rice,2019,1128.35,14.59,15.62,44467.7
Indonesia,Soybeans,2003,2148.9,8.58,17.01,15166.5
India,Cassava,1990,1342.16,34.0,34.01,38199.0
South Africa,Soybeans,1997,2078.51,40.64,21.77,13821.4
India,Sorghum,2008,2880.12,82.51,29.85,5576.8
Germany,Plantains and others,2001,2011.18,27.78,19.73,69091.7
Argentina,Sweet potatoes,2018,1869.64,43.16,36.21,64844.4
France,Soybeans,2022,1073.29,6.9,29.21,27835.4
Australia,Plantains and others,2009,528.93,41.97,15.92,115588.2
Brazil,Maize,2010,1732.73,55.25,26.34,39198.8
Japan,Yams,2011,785.96,33.88,27.86,86801.3
Australia,Wheat,1992,2752.25,27.12,12.07,13321.5
Canada,Sorghum,2013,2491.92,29.89,29.02,7380.1
France,Yams,2000,2055.8,6.19,17.29,56575.9
Brazil,Cassava,2013,2584.16,43.07,37.76,19794.9
Indonesia,Plantains and others,2020,2229.44,18.04,29.93,38464.5
South Africa,Wheat,2009,674.44,76.57,22.0,36123.7
Egypt,Rice,2016,407.8,16.68,30.6,48225.3
South Africa,Plantains and others,1995,1900.26,59.71,28.4,39788.9
South Africa,Potatoes,2018,1592.04,17.36,26.16,164337.9
Nigeria,Rice,2003,781.68,17.09,28.31,51884.0
Japan,Yams,2009,1635.96,80.26,17.66,89933.9
India,Potatoes,2007,673.53,65.52,13.46,177298.9
Australia,Rice,2022,283.25,12.01,22.68,44685.6
Egypt,Yams,1998,739.67,13.46,18.34,131110.4
Japan,Plantains and others,1995,2484.81,15.66,33.25,11482.4
Nigeria,Sorghum,2000,745.39,36.13,31.95,10123.5
India,Yams,1998,2277.72,29.39,20.44,54946.7
Egypt,Sweet potatoes,2008,2133.89,42.18,34.99,44035.4
South Africa,Cassava,2005,2439.01,21.43,36.84,15398.0
Argentina,Maize,1996,2596.26,56.9,18.71,18273.1
Mexico,Yams,2009,1185.73,59.04,14.9,104141.5
United States,Plantains and others,2013,623.84,52.1,28.98,81296.4
United States,Maize,1996,1037.3,153.69,26.51,58199.6
Mexico,Cassava,2023,2525.89,40.8,24.07,59065.8
Australia,Cassava,2019,2355.05,23.48,26.55,45934.2
France,Sorghum,2009,1772.92,105.89,20.6,17744.1
Canada,Rice,1992,1873.41,36.53,12.02,23020.6
Argentina,Sweet potatoes,1994,951.76,209.24,16.69,157133.6
France,Soybeans,2017,764.44,84.09,13.75,22508.9
China,Maize,2006,2499.25,131.27,36.03,11241.7
Brazil,Soybeans,2016,262.36,76.11,34.41,16850.1
Japan,Potatoes,2019,1718.32,21.06,17.39,196674.1
Egypt,Cassava,2011,1387.55,96.57,23.1,106828.9
Nigeria,Plantains and others,2013,1919.16,25.42,16.32,65184.9
Egypt,Wheat,1995,1725.67,25.51,37.09,12950.7
Canada,Maize,2014,2960.0,9.62,29.41,21918.8
Germany,Sorghum,2015,512.18,19.12,28.78,15676.4
Egypt,Sweet potatoes,2000,397.2,45.31,15.84,176086.6
France,Maize,2014,2454.47,43.96,12.99,13196.7
Australia,Sweet potatoes,2001,1749.74,22.39,35.67,47974.2
United States,Yams,2001,2150.21,30.27,15.98,62759.1
Indonesia,Yams,2012,885.48,25.1,19.51,134368.4
Australia,Sorghum,1992,1498.79,9.11,36.22,6740.5
Nigeria,Sweet potatoes,2021,903.5,37.17,36.26,83836.2
Indonesia,Plantains and others,1999,2072.24,63.28,33.65,27004.3
Argentina,Yams,2019,283.17,10.48,21.86,104157.6
Mexico,Sorghum,2011,2920.04,92.56,25.07,8108.6
Japan,Wheat,1994,360.69,161.06,22.47,26865.2
Brazil,Cassava,2001,2762.41,89.79,17.53,46327.0
Brazil,Maize,2020,2345.25,70.03,30.42,19768.4
India,Yams,1998,883.11,13.3,36.0,43669.4
Indonesia,Yams,2005,462.93,31.59,13.65,108506.5
India,Sweet potatoes,2022,329.55,52.81,28.39,147587.2
Germany,Sweet potatoes,2021,1970.25,95.45,29.57,98072.2
Japan,Cassava,2003,1095.21,34.32,23.42,104649.7
France,Sorghum,2007,2902.0,22.83,32.25,4135.5
Japan,Sweet potatoes,2003,605.97,29.79,26.97,120984.4
Argentina,Rice,2018,2602.64,66.28,14.13,16504.0
Indonesia,Sorghum,2006,2774.62,49.4,27.53,7638.0
India,Yams,1990,1909.21,36.44,32.28,33846.9
South Africa,Maize,2021,1034.92,46.81,19.73,52960.3
Japan,Cassava,2002,1686.61,6.22,31.27,52707.3
China,Potatoes,2018,1451.76,11.23,24.6,171342.6
Brazil,Maize,1995,1725.99,27.89,27.04,31702.9
France,Yams,2009,1918.87,40.33,28.53,68614.4
Germany,Rice,1994,1477.75,20.3,28.35,43963.3
Indonesia,Soybeans,1991,2464.26,114.39,12.15,6567.4
South Africa,Sweet potatoes,2005,469.01,35.19,15.08,145980.5
United States,Sorghum,1992,2747.13,7.9,18.35,6949.1
Germany,Cassava,1995,220.59,23.72,28.15,80368.4
India,Maize,2004,1243.77,29.87,24.98,53409.1
Japan,Sweet potatoes,1995,1582.55,74.73,13.91,119830.0
Nigeria,Wheat,2016,1032.45,20.28,34.87,16802.7
Australia,Sweet potatoes,2003,1448.87,64.37,16.15,154442.5
Australia,Potatoes,2020,1238.57,19.79,28.11,186313.8
Brazil,Yams,2002,905.15,30.9,36.06,38206.2
Nigeria,Rice,2007,1689.44,105.22,20.76,57152.9
Canada,Sweet potatoes,2008,2585.99,8.84,27.68,48416.1
Indonesia,Plantains and others,2010,702.91,44.29,36.44,50079.0
Canada,Soybeans,2008,1120.9,60.35,36.78,16709.0
Canada,Soybeans,1991,1041.93,21.93,36.89,15011.1
Nigeria,Rice,2011,1266.3,19.24,26.85,49866.7
Egypt,Rice,1993,295.77,42.49,20.57,37848.3
United States,Wheat,1998,2364.68,33.63,28.86,10528.6
Indonesia,Soybeans,1994,2368.76,5.02,34.52,6396.2
Australia,Maize,2013,1261.86,25.59,28.26,53237.3
South Africa,Potatoes,2014,2627.63,69.58,37.74,37089.5
Canada,Wheat,1994,1477.82,83.6,33.94,12120.7
Brazil,Sweet potatoes,2015,1557.84,16.38,25.98,109320.7
Japan,Soybeans,2001,1454.99,73.94,19.22,22733.9
Germany,Maize,2003,2834.99,38.09,15.96,15962.3
United States,Wheat,2020,1190.73,5.25,16.81,40844.5
Australia,Maize,1992,2389.37,32.2,32.55,15455.1
Canada,Sweet potatoes,2014,2500.25,62.66,14.2,74100.6
Egypt,Yams,2020,2031.79,109.5,25.0,78446.0
Australia,Sweet potatoes,2015,1376.12,55.1,31.81,91366.0
Nigeria,Cassava,2015,416.91,78.69,31.28,76776.7
Australia,Rice,2016,1963.46,15.33,18.55,49252.3
France,Maize,2018,1077.89,152.58,24.34,66921.1
Nigeria,Cassava,1994,2481.23,74.53,36.62,19441.2
Mexico,Sweet potatoes,2002,2409.73,5.7,28.14,47853.3
China,Sweet potatoes,2008,1714.94,33.26,17.08,137879.7
Mexico,Soybeans,1994,1711.11,105.91,23.36,18839.8
Japan,Soybeans,2022,531.41,50.02,23.33,30659.3
Nigeria,Sweet potatoes,2018,2501.22,67.57,37.57,31823.0
Japan,Sorghum,2002,1917.66,5.12,24.1,10985.3
China,Wheat,2013,340.91,115.55,31.43,19209.6
Japan,Rice,1993,292.4,22.73,26.74,28736.5
Brazil,Rice,2002,1918.12,15.32,18.84,32123.1
Brazil,Sorghum,2009,2345.43,47.27,34.88,3330.3
Canada,Yams,1991,906.68,28.16,20.9,110647.2
Argentina,Maize,2019,2707.02,19.25,36.67,12505.6
Brazil,Yams,1995,2133.77,39.27,17.26,49416.4
Mexico,Wheat,2015,772.65,173.49,14.29,39818.7
Egypt,Cassava,2013,1747.78,7.05,29.79,74212.6
Canada,Rice,1998,1061.17,5.78,35.57,32088.4
Indonesia,Sorghum,2008,1156.16,30.38,17.76,26147.4
China,Potatoes,1998,1130.98,18.81,13.45,157291.8
Egypt,Sweet potatoes,2005,2778.0,18.18,28.95,51303.9
Nigeria,Sweet potatoes,2007,400.24,71.89,22.22,139644.8
South Africa,Potatoes,2019,273.22,83.98,17.55,190096.0
France,Rice,2008,2976.23,32.91,21.93,16841.4
United States,Sorghum,2005,2239.42,150.31,22.64,11728.7
South Africa,Plantains and others,2012,320.59,103.95,15.6,94844.5
Argentina,Soybeans,2001,2481.77,88.37,21.15,10152.7
India,Rice,2009,2628.44,30.15,32.35,15562.0
China,Sorghum,1992,1856.45,10.34,21.86,13006.9
Indonesia,Potatoes,2021,2950.43,103.86,35.0,49188.9
Egypt,Plantains and others,2013,724.78,61.51,12.9,102401.5
United States,Plantains and others,1998,965.18,22.2,24.17,102283.3
South Africa,Maize,2009,1563.9,44.04,28.88,45487.1
India,Maize,2020,1495.79,61.46,27.96,47144.1
Japan,Maize,1990,2629.05,35.61,29.09,16653.7
Mexico,Plantains and others,2021,1453.32,43.73,33.88,42220.3
South Africa,Soybeans,2017,1277.53,17.29,25.94,27680.9
China,Potatoes,2012,2280.17,40.06,13.25,70902.4
Japan,Maize,1997,1824.19,25.78,29.09,32845.6
Canada,Cassava,1990,1111.58,32.45,21.55,124707.0
China,Rice,1994,2543.38,51.53,33.07,13093.9
China,Maize,2009,1502.64,39.62,28.17,36156.8
India,Sweet potatoes,1995,690.02,34.8,22.86,138979.6
Mexico,Yams,2016,2912.54,184.99,16.09,42303.4
Canada,Wheat,2012,824.51,98.09,35.64,16178.5
Nigeria,Sweet potatoes,2020,2502.19,66.52,35.78,29689.0
Brazil,Plantains and others,2016,780.5,16.88,13.59,81040.0
South Africa,Soybeans,2006,1959.56,110.74,14.8,13977.9
Nigeria,Sorghum,1992,2937.78,65.55,17.01,8498.6
Mexico,Yams,1991,1883.19,55.55,31.92,36927.8
South Africa,Yams,2012,2680.97,43.08,24.21,44636.0
Indonesia,Yams,2022,2891.92,8.82,24.96,51032.1
China,Plantains and others,2005,1305.27,9.84,21.79,80192.3
Mexico,Yams,1990,440.19,30.14,21.66,76579.1
Argentina,Potatoes,1990,702.72,99.43,26.03,170564.7
India,Wheat,1991,2922.7,43.93,23.98,11569.9
Egypt,Sweet potatoes,2018,986.65,5.76,35.24,84798.2
China,Plantains and others,2010,985.81,23.37,12.26,82014.4
Argentina,Maize,1992,2674.84,30.38,34.79,12298.1
France,Potatoes,2018,870.32,16.57,37.61,100537.1
Argentina,Potatoes,1998,826.0,33.82,24.32,168751.2
Mexico,Plantains and others,2019,2915.64,47.99,15.77,46632.2
Argentina,Sorghum,1992,863.78,46.59,33.58,7552.4
Argentina,Potatoes,2021,1332.84,47.4,34.79,93849.8
Egypt,Maize,2016,1399.07,8.5,33.99,37855.4
Nigeria,Sorghum,2002,1941.48,43.45,35.31,6761.0
India,Maize,1995,2099.66,8.78,35.44,17798.9
Indonesia,Sweet potatoes,1992,975.6,42.29,37.28,60067.0
China,Sorghum,2021,1446.53,125.81,34.55,8733.3
South Africa,Maize,2003,2838.76,24.06,18.19,17583.5
India,Sweet potatoes,2007,900.49,35.6,16.79,173570.4
Indonesia,Rice,1997,2808.46,34.02,21.53,19641.3
Australia,Cassava,2006,1151.08,34.99,16.43,124296.6
Japan,Sweet potatoes,1994,2192.58,56.28,31.31,31946.9
Germany,Yams,1990,966.23,53.66,24.69,99479.8
Egypt,Sorghum,2000,1045.08,72.81,16.78,21031.6
India,Sweet potatoes,1993,956.25,30.43,16.33,171281.0
Germany,Maize,2021,981.2,85.71,17.0,52224.9
South Africa,Soybeans,1990,210.0,52.89,30.26,19409.5
France,Maize,2017,2464.03,17.94,13.63,16480.7
Nigeria,Sorghum,2011,1941.88,27.96,33.6,6824.7
Mexico,Sweet potatoes,2021,1664.73,41.88,28.87,114652.6
Canada,Soybeans,1999,2465.28,144.27,37.89,4661.9
Indonesia,Rice,1993,2968.94,212.8,36.29,10557.5
Argentina,Potatoes,2000,2491.55,39.49,30.45,51439.6
Argentina,Sweet potatoes,1994,867.75,50.42,34.5,57930.2
India,Rice,2005,971.48,6.85,35.99,23769.9
China,Potatoes,2000,1361.04,39.86,25.96,159702.4
Australia,Wheat,2015,441.77,84.55,34.86,17573.6
Canada,Potatoes,2005,375.16,33.91,18.11,199365.2
Mexico,Wheat,2014,1472.02,33.54,29.45,18092.1
Canada,Plantains and others,2006,1014.35,67.66,37.7,44653.4
Mexico,Cassava,2011,413.63,48.52,18.99,140895.2
Japan,Yams,2011,2605.82,169.38,21.15,44408.5
Japan,Yams,1999,1688.21,48.95,18.56,78288.4
Argentina,Potatoes,2008,2787.48,97.81,22.1,104392.7
Brazil,Rice,2018,2449.66,29.7,14.98,18894.5
Germany,Yams,2023,1210.27,26.59,20.34,132204.3
Indonesia,Maize,2017,462.99,56.92,36.62,29034.8
India,Plantains and others,2006,1142.65,48.58,28.26,72764.5
Canada,Potatoes,2005,2678.45,15.0,13.62,73260.2
Egypt,Maize,2013,1730.32,67.82,21.88,55256.9
India,Sweet potatoes,2006,846.41,26.43,31.9,79472.0
France,Cassava,1996,264.04,40.1,14.29,99422.9
Indonesia,Sorghum,1994,390.33,9.0,26.36,16335.5
Germany,Sweet potatoes,2012,2263.06,84.78,15.88,80206.9
Mexico,Yams,1998,603.69,55.46,22.56,98897.5
Japan,Sweet potatoes,2022,1627.96,56.24,12.02,101430.5
Egypt,Maize,2006,2557.74,82.26,34.33,16040.3
Indonesia,Cassava,1997,2094.85,30.26,35.54,31374.4
Indonesia,Yams,1994,2898.18,76.45,33.56,15756.7
Brazil,Wheat,2010,2341.28,52.43,14.1,13433.9
South Africa,Yams,2001,2774.92,89.55,28.4,28586.8
Germany,Sorghum,1995,776.16,43.99,27.97,15373.9
Australia,Sorghum,1999,714.25,141.46,13.87,20211.2
Egypt,Plantains and others,2004,2689.49,10.45,18.53,47416.4
Germany,Plantains and others,1994,1126.75,15.74,15.2,93308.7
Nigeria,Soybeans,1994,2388.46,23.45,14.69,8159.2
Mexico,Maize,2013,967.39,33.62,35.39,36572.1
South Africa,Plantains and others,2012,1769.42,65.17,25.73,61391.9
Egypt,Wheat,2005,2694.12,14.2,23.5,14418.6
Nigeria,Cassava,1990,495.69,116.71,16.49,122945.3
Australia,Rice,2014,1787.86,63.69,25.43,53284.3
France,Soybeans,2000,618.48,42.95,26.08,28496.3
Argentina,Rice,2009,552.78,26.25,17.58,34228.7
Germany,Rice,2021,1087.9,36.49,35.43,34423.8
South Africa,Yams,2001,686.69,110.25,33.48,43852.4
Brazil,Cassava,2008,2980.95,48.84,27.35,40670.9
Brazil,Yams,2019,887.64,5.87,19.6,104906.6
Nigeria,Wheat,2017,545.51,7.34,30.25,25778.5
France,Maize,2012,2201.44,48.85,34.94,19504.2
Germany,Plantains and others,2002,2245.96,16.25,20.92,37276.2
South Africa,Cassava,2011,620.82,40.04,32.97,58826.0
Germany,Sweet potatoes,2009,2544.85,148.2,15.94,76073.2
India,Wheat,2012,2329.41,50.25,17.18,18422.9
United States,Yams,2002,590.16,15.16,35.7,35486.0
Australia,Sorghum,2016,1995.25,24.52,25.6,15049.0
India,Cassava,2013,1942.97,7.28,15.43,80148.2
Japan,Maize,2013,998.64,6.93,25.82,53352.5
Argentina,Sweet potatoes,2019,1903.19,5.23,26.96,107392.3
Japan,Cassava,2000,1546.76,36.83,37.76,39303.9
South Africa,Maize,2011,592.9,10.51,32.76,39105.2
Canada,Potatoes,2022,2711.11,38.63,28.56,89513.4
China,Potatoes,2016,1491.71,38.44,36.5,77861.2
India,Cassava,1996,304.54,51.31,27.1,101193.9
Australia,Cassava,2018,1312.61,59.72,31.93,80118.7
South Africa,Sweet potatoes,1993,1655.27,8.51,21.25,97313.8
Japan,Plantains and others,2003,1422.39,33.82,37.87,35963.4
Japan,Wheat,1991,246.53,93.04,31.66,12669.6
Nigeria,Wheat,2019,959.15,161.59,17.62,42584.4
South Africa,Rice,2009,988.41,18.18,21.23,45121.7
Australia,Potatoes,1993,1731.72,87.62,20.22,181622.6
China,Sweet potatoes,2019,2514.77,225.76,31.27,39318.1
Nigeria,Soybeans,1997,1450.66,74.31,24.9,28081.8
India,Plantains and others,1991,2432.84,97.37,20.58,38818.2
Egypt,Rice,1998,2375.55,66.89,16.58,29742.8
Egypt,Sweet potatoes,2002,483.98,22.08,23.03,174513.3
Brazil,Yams,2012,959.29,85.27,29.99,76498.0
France,Plantains and others,2023,2007.05,49.45,30.05,45810.5
Mexico,Sorghum,2022,621.67,25.81,33.62,9365.3
France,Wheat,2020,2075.67,18.36,25.99,20347.7
Argentina,Rice,2006,902.42,33.88,24.85,47385.6
Indonesia,Potatoes,1993,1698.51,38.7,27.12,133948.7
Nigeria,Sorghum,2019,868.49,20.88,28.86,16480.4
Canada,Wheat,2011,621.4,9.72,20.09,36636.0
India,Sweet potatoes,2019,769.85,6.06,34.58,64743.7
Egypt,Rice,2002,2368.37,50.42,23.78,30961.6
France,Sweet potatoes,2003,1591.23,79.58,33.92,53743.1
Japan,Soybeans,2019,425.17,26.15,17.92,21375.5
South Africa,Cassava,2019,1701.07,77.0,15.72,103257.1
France,Cassava,1999,784.66,16.23,35.45,48386.7
Australia,Plantains and others,2006,1302.93,56.19,23.46,107382.2
South Africa,Potatoes,2013,2944.03,74.68,21.33,100534.6
Germany,Sorghum,2019,1807.39,201.74,30.91,10221.7
United States,Yams,1991,1697.56,24.99,29.59,62239.7
Argentina,Soybeans,1991,1828.05,99.88,28.24,17960.2
Brazil,Sweet potatoes,2023,1215.46,37.85,33.34,62139.8
India,Maize,2001,1629.83,99.78,14.28,33024.4
Mexico,Soybeans,1998,825.85,31.38,13.38,15201.0
Germany,Maize,2016,347.45,45.07,30.41,43680.7
Brazil,Wheat,2005,2050.21,140.23,19.71,21765.4
Nigeria,Potatoes,2012,929.93,16.87,20.24,266201.8
Canada,Soybeans,1995,872.17,89.72,19.79,29214.7
Japan,Cassava,2006,1345.58,65.12,26.25,100999.2
China,Wheat,2020,2727.56,5.3,22.53,13143.5
India,Soybeans,2020,1693.42,36.3,36.81,13532.9
United States,Rice,2022,1748.18,22.56,31.39,45250.7
Canada,Plantains and others,2022,1164.59,5.4,28.39,84754.1
Mexico,Potatoes,1992,2682.61,39.7,16.64,78145.2
Egypt,Sorghum,2005,1171.1,22.89,22.94,23450.5
Argentina,Wheat,2003,2247.65,147.22,14.58,16319.3
Brazil,Rice,2001,2859.12,64.82,28.47,15520.9
Egypt,Cassava,2017,2369.78,5.94,26.44,50431.8
China,Sorghum,1996,1738.38,48.45,31.89,6215.6
Brazil,Rice,2019,2051.69,29.13,12.07,20085.0
Japan,Wheat,1994,1666.48,25.75,25.58,22085.3
Germany,Wheat,2014,2319.15,32.44,37.9,7554.1
Nigeria,Sorghum,1990,1953.18,18.05,16.74,13693.9
Germany,Potatoes,2014,758.6,17.28,36.98,79210.9
Indonesia,Wheat,2015,1184.9,93.96,21.17,42293.8
Australia,Wheat,1991,2881.11,275.36,24.3,13731.2
Brazil,Plantains and others,1998,1343.61,72.81,18.68,84583.4
China,Rice,1999,1704.34,79.2,27.56,40545.4
South Africa,Wheat,2022,2861.85,64.42,25.12,14566.3
Nigeria,Wheat,2007,222.44,7.44,31.69,13775.6
Mexico,Rice,1996,1549.21,8.24,21.0,39766.4
Indonesia,Yams,1999,846.32,10.5,19.64,113322.3
Nigeria,Soybeans,2016,2507.98,36.71,19.56,14506.5
China,Sweet potatoes,1991,1777.29,74.38,36.07,40214.6
Egypt,Potatoes,2023,382.17,198.97,30.29,196972.5
Indonesia,Wheat,2005,1690.85,34.56,13.15,30408.4
Australia,Potatoes,2017,1415.52,30.0,15.64,210315.2
Mexico,Sweet potatoes,2014,290.61,43.97,27.81,96953.0
Argentina,Plantains and others,2010,783.35,12.05,13.63,85363.1
Japan,Soybeans,2007,502.72,37.14,13.17,17587.2
Argentina,Sweet potatoes,2023,1716.92,18.24,25.49,129762.8
Argentina,Plantains and others,2001,2962.84,14.94,12.78,35006.7
Argentina,Plantains and others,2000,417.26,71.5,13.8,87879.0
Indonesia,Potatoes,2002,2735.08,23.02,19.36,103873.6
Nigeria,Sweet potatoes,2010,1933.38,6.73,17.11,119878.8
Germany,Maize,2001,1204.36,55.63,24.88,54848.2
Japan,Yams,2001,1355.33,17.56,31.29,45041.6
Mexico,Cassava,2008,884.95,44.77,30.12,85478.5
Egypt,Yams,2010,2154.77,5.27,25.33,69807.7
Canada,Wheat,1990,2617.66,43.59,22.21,14284.2
France,Wheat,2021,1923.21,7.34,22.8,29102.0
Canada,Yams,2018,879.31,81.56,21.46,139404.4
Indonesia,Sorghum,2016,1080.68,91.39,26.2,21976.3
United States,Maize,1992,331.87,105.36,22.89,51708.2
United States,Soybeans,2001,2802.06,52.01,35.77,6344.9
South Africa,Cassava,2004,1904.06,64.14,22.73,86313.9
Germany,Maize,2003,456.42,31.69,34.81,36030.0
United States,Sorghum,2003,1907.16,124.11,17.03,14747.9
South Africa,Sorghum,2022,2737.56,6.37,18.56,8642.5
Mexico,Rice,2021,1308.0,26.0,31.46,47638.8
Argentina,Wheat,2001,304.75,101.66,16.4,31280.7
Germany,Rice,1998,1270.84,32.02,33.99,40413.4
Nigeria,Wheat,2001,1840.92,32.43,12.44,25102.6
Argentina,Rice,2022,2480.74,64.79,37.23,15834.2
South Africa,Yams,1993,2568.65,6.96,25.83,35237.3
Japan,Yams,2010,387.86,5.71,32.58,41931.8
Nigeria,Sorghum,2006,2555.4,9.94,20.37,8182.9
United States,Wheat,2012,1909.14,65.03,28.13,21424.7
Canada,Plantains and others,1998,2631.18,31.77,15.71,41894.7
Germany,Sweet potatoes,2022,1771.59,31.82,24.1,142926.7
South Africa,Yams,2014,2895.52,124.26,32.86,18487.0
Germany,Wheat,2016,2123.75,17.47,31.88,11136.4
Australia,Cassava,2010,2720.86,26.28,22.14,58003.2
France,Sorghum,2020,882.69,61.96,25.32,22068.8
South Africa,Rice,2005,1194.19,181.41,15.79,32848.6
United States,Sweet potatoes,2009,2491.22,11.54,32.85,29422.0
Indonesia,Potatoes,2010,2250.9,50.73,12.28,109831.7
Canada,Sorghum,1991,1362.21,43.46,13.92,18377.4
United States,Soybeans,2015,2941.19,45.51,12.71,6600.8
Japan,Sorghum,2001,679.24,40.27,33.7,7000.2
United States,Sorghum,1990,1166.37,8.69,35.79,7276.0
Australia,Potatoes,2004,243.75,38.91,24.63,184801.8
Argentina,Potatoes,2006,1708.15,57.12,36.07,73498.6
Indonesia,Sweet potatoes,2019,1106.73,64.65,14.41,181555.2
United States,Sorghum,2023,850.74,10.79,37.57,10167.0
Australia,Yams,2020,2932.98,29.54,15.71,45001.2
Mexico,Plantains and others,2001,2759.49,142.13,34.25,14006.8
Canada,Maize,1990,2090.79,92.56,22.86,31642.6
Australia,Rice,1998,2693.24,85.78,18.67,21497.8
Indonesia,Plantains and others,2007,1986.36,90.06,12.67,65447.6
India,Rice,2007,436.39,11.64,25.49,39135.2
Japan,Plantains and others,2005,807.78,79.14,22.96,102551.5
China,Cassava,2003,1673.99,75.39,32.44,42198.3
Brazil,Sweet potatoes,2012,799.2,94.99,37.63,59884.4
Canada,Plantains and others,2005,1341.06,14.34,22.49,101894.0
China,Cassava,2016,1134.65,164.82,16.37,138618.5
South Africa,Soybeans,2010,2785.37,151.1,24.71,12123.3
India,Yams,2021,1839.22,52.62,34.63,35207.1
Indonesia,Rice,1992,669.22,44.6,18.2,39859.0
United States,Sorghum,2020,2579.97,52.34,19.92,9353.0
Germany,Rice,1992,1422.01,33.57,24.23,46308.5
Nigeria,Sweet potatoes,2008,2923.85,30.34,17.58,58586.3
France,Rice,1999,2156.27,5.74,20.83,33182.4
China,Wheat,2021,496.66,19.38,31.47,20522.0
Japan,Yams,2013,2924.2,19.18,18.75,43397.2
Australia,Potatoes,1998,2718.17,102.16,27.83,70329.8
Brazil,Sweet potatoes,2004,2180.33,15.67,34.76,28653.4
Brazil,Cassava,2008,2249.51,18.06,26.33,48511.3
France,Potatoes,2011,1981.17,5.79,15.64,149935.0
Egypt,Plantains and others,2004,1052.98,30.66,26.06,96093.0
India,Potatoes,2020,1452.04,26.89,30.34,133875.2
Australia,Maize,2009,1284.52,13.2,26.71,51845.2
Egypt,Soybeans,1997,1155.09,56.22,34.73,20050.9
Argentina,Sorghum,2007,1833.17,64.09,21.36,17074.1
India,Sorghum,2007,996.77,16.87,35.69,8246.2
Argentina,Potatoes,1999,1501.77,26.95,37.96,70441.1
Nigeria,Sorghum,2023,896.98,75.16,35.16,8652.4
South Africa,Soybeans,1998,2399.33,52.78,25.91,11023.3
Egypt,Rice,2003,2155.39,32.62,18.09,36243.0
Egypt,Soybeans,2009,293.18,67.48,15.74,25116.6
Brazil,Rice,2002,2176.44,29.52,22.04,31704.1
Germany,Yams,1997,1684.46,48.65,20.39,99063.2
Australia,Soybeans,2018,2632.78,75.23,21.19,12682.4
United States,Wheat,1998,1981.27,33.38,12.2,19257.6
United States,Plantains and others,2010,2778.18,29.25,32.48,20903.3
Brazil,Wheat,2021,1519.73,121.11,17.82,35168.7
Japan,Sweet potatoes,2023,2664.65,9.64,33.59,22281.1
Canada,Sorghum,2000,2239.45,23.91,22.22,9689.7
Nigeria,Maize,2012,1726.71,25.73,13.98,26555.4
Mexico,Soybeans,2002,2302.55,58.26,16.92,11496.0
Japan,Plantains and others,1998,2197.96,7.05,26.01,36395.9
Argentina,Wheat,2012,1913.15,49.03,17.33,30010.4
Brazil,Rice,2023,1561.18,22.81,23.34,48376.0
Egypt,Sweet potatoes,2018,2479.69,73.19,14.3,74069.7
United States,Yams,2019,1853.57,40.48,17.92,94660.0
Indonesia,Potatoes,2005,2484.08,93.52,37.52,43526.7
United States,Wheat,2018,1223.27,51.78,33.36,17454.1
Canada,Maize,1994,1203.78,41.31,28.43,53262.5
South Africa,Wheat,1992,2028.65,153.23,17.69,20451.5
Brazil,Potatoes,1998,1304.36,46.84,21.36,178640.3
Egypt,Sweet potatoes,2017,2024.46,8.01,12.82,107452.6
United States,Plantains and others,1996,2531.72,31.42,31.42,17222.2
Germany,Sorghum,2022,799.51,44.76,25.61,20000.3
Egypt,Plantains and others,1998,1550.46,70.91,29.72,76421.8
Japan,Rice,1992,1659.84,87.67,37.02,19063.3
Brazil,Cassava,2011,1279.17,20.96,18.32,116257.0
Japan,Soybeans,2021,796.1,47.4,25.76,31435.4
South Africa,Cassava,1990,2028.38,22.83,14.14,71571.7
Japan,Rice,2011,1195.45,65.36,29.18,44012.4
China,Sweet potatoes,1993,1488.52,70.44,29.43,80742.3
China,Yams,1995,1829.43,7.61,24.48,54654.3
Mexico,Maize,2002,1108.33,31.76,27.7,43299.3
Brazil,Cassava,1998,1124.47,21.19,21.66,97502.0
Brazil,Rice,2023,1498.8,46.37,19.74,48436.5
India,Cassava,2010,1393.97,150.49,25.85,120928.6
Indonesia,Sorghum,2004,1487.38,39.21,36.02,9268.8
United States,Sorghum,1991,490.33,14.49,13.02,17305.6
China,Wheat,1995,2080.98,47.12,30.78,12750.8
China,Wheat,1992,562.67,9.87,29.32,21258.6
United States,Soybeans,2020,306.08,107.06,20.36,30964.9
Argentina,Plantains and others,1991,2334.74,96.98,15.64,34692.3
Nigeria,Potatoes,1991,846.97,50.12,36.61,87949.9
Japan,Soybeans,2011,842.47,63.64,18.86,26656.7
Germany,Wheat,2005,1937.4,42.62,30.76,16138.8
Australia,Plantains and others,2019,623.72,27.94,29.96,70800.9
Australia,Wheat,2021,1004.79,18.38,15.42,41212.3
Japan,Wheat,1991,565.3,106.41,34.35,12277.8
Brazil,Rice,2020,1980.66,35.54,31.98,31442.4
France,Sweet potatoes,1990,2861.8,92.62,21.34,54464.4
Germany,Cassava,1997,517.11,173.19,21.17,111983.2
Australia,Cassava,2016,281.21,25.84,25.72,103285.3
France,Rice,2010,2516.7,10.21,19.53,19779.4
Germany,Sweet potatoes,2007,2921.53,78.3,25.91,62901.7
India,Plantains and others,1995,2968.09,112.87,36.72,16640.5
France,Sorghum,2005,2694.62,10.32,13.57,7677.1
Germany,Wheat,2015,1612.84,206.91,16.14,36049.6
China,Sweet potatoes,2002,577.31,77.83,16.91,118915.2
South Africa,Wheat,2012,1352.88,31.74,23.92,32243.4
Mexico,Rice,2012,1501.52,45.57,30.81,42729.8
Brazil,Plantains and others,2022,521.29,7.48,17.21,94176.4
Argentina,Sweet potatoes,1991,672.13,35.26,34.77,61408.5
China,Yams,2015,1453.98,43.3,15.98,100389.3
South Africa,Cassava,2005,1795.57,8.59,26.62,73932.6
India,Sorghum,2001,1849.6,39.54,18.23,15241.3
Australia,Soybeans,2003,1413.96,9.31,16.31,22520.4
Egypt,Sorghum,2014,934.05,30.0,28.18,18051.4
Indonesia,Potatoes,2017,2904.03,93.59,15.33,103889.3
Indonesia,Soybeans,1993,979.83,12.39,12.67,19286.0
South Africa,Cassava,2016,2269.06,15.72,12.72,57237.5
Canada,Cassava,2004,2701.81,18.63,16.04,54295.8
France,Yams,1997,334.89,59.44,36.15,40967.7
Nigeria,Cassava,1994,669.39,28.69,29.26,88511.5
Mexico,Plantains and others,2016,1147.04,101.68,34.5,41913.3
Indonesia,Rice,2011,408.23,107.03,19.54,41101.5
Nigeria,Plantains and others,1992,2952.85,68.51,20.65,40230.7
India,Wheat,2014,2783.29,14.4,34.97,6611.6
South Africa,Sweet potatoes,1997,2204.38,24.43,15.07,75152.3
Japan,Plantains and others,2004,570.33,7.52,21.85,80906.4
Mexico,Plantains and others,1995,1362.45,13.14,28.42,55866.0
Germany,Wheat,1990,1470.21,100.11,24.61,32022.5
Mexico,Sweet potatoes,2019,1626.52,13.41,14.82,139229.3
United States,Plantains and others,2019,1932.73,96.89,17.28,86773.8
China,Sorghum,1990,1534.88,13.91,13.17,13851.2
Nigeria,Sorghum,2007,2472.25,17.97,18.55,8682.5
Japan,Wheat,2023,248.72,60.91,30.12,21506.0
Japan,Wheat,2002,2363.37,112.0,24.32,12833.6
South Africa,Potatoes,2000,2598.43,9.04,33.26,25662.2
Argentina,Plantains and others,2013,2230.84,31.86,25.45,37499.5
South Africa,Wheat,1991,1078.11,11.74,13.82,27761.6
Germany,Sorghum,2010,1616.95,46.95,28.81,14607.9
Canada,Wheat,2017,2900.26,43.58,12.54,15046.7
Nigeria,Sweet potatoes,1994,288.64,242.69,24.16,145988.5
India,Rice,1992,1905.79,29.04,35.14,24578.8
Australia,Rice,2007,247.4,41.49,25.04,41393.7
Brazil,Soybeans,1994,2340.69,46.9,33.45,7279.4
Argentina,Sweet potatoes,2020,1486.79,104.12,17.87,169333.3
Japan,Soybeans,2007,386.82,44.97,13.45,15272.3
Egypt,Soybeans,2008,2584.57,210.96,35.74,8536.8
Indonesia,Potatoes,1999,291.95,46.13,25.23,185624.2
Germany,Plantains and others,2006,1462.91,43.12,33.1,33207.2
France,Plantains and others,2003,2126.4,23.69,20.71,56927.9
India,Rice,2016,1597.05,138.84,25.94,53358.9
Japan,Maize,2003,2669.03,43.19,31.37,18114.8
South Africa,Potatoes,2017,517.78,19.45,24.46,205651.6
Canada,Yams,1992,760.86,24.13,15.71,108693.1
Argentina,Plantains and others,1993,605.42,19.6,35.3,35992.3
South Africa,Sweet potatoes,1995,847.5,123.31,27.43,115284.1
Indonesia,Rice,2014,974.58,27.21,28.17,59676.3
Brazil,Sorghum,1999,2493.87,55.69,20.51,7826.5
Nigeria,Plantains and others,2022,1517.71,52.8,32.81,42450.8
Canada,Sorghum,1990,2878.7,37.92,26.81,6633.1
United States,Rice,2021,303.79,21.73,20.99,44435.3
Canada,Cassava,2017,2565.38,23.26,28.99,39966.0
France,Cassava,2018,1134.65,26.85,33.38,51523.4
Egypt,Potatoes,2011,1348.42,16.38,25.15,249172.5
United States,Sorghum,2015,2616.48,82.93,13.09,8557.4
Japan,Plantains and others,1992,2314.65,32.76,16.78,31291.5
Egypt,Yams,1995,1166.71,29.71,18.12,110682.4
India,Maize,2016,1304.02,14.02,27.9,52616.0
South Africa,Rice,2021,2975.28,42.72,25.94,21791.4
Mexico,Soybeans,1998,1459.49,162.83,14.18,16978.4
India,Sweet potatoes,1996,514.08,79.36,19.34,137013.8
India,Yams,2004,1303.0,25.05,16.96,108369.4
Australia,Cassava,2006,221.36,21.96,17.93,119243.6
United States,Cassava,2021,579.71,39.96,23.82,148355.7
Nigeria,Sorghum,2006,472.64,26.14,27.87,16152.7
South Africa,Rice,2013,1812.0,29.37,32.33,35176.9
Australia,Wheat,2021,1150.32,21.44,25.82,39452.2
China,Plantains and others,2002,2865.66,38.86,26.07,33846.4
Indonesia,Rice,2001,2144.2,86.74,16.71,31037.0
India,Potatoes,2002,1443.33,55.13,19.57,206429.3
Mexico,Wheat,1999,993.72,39.69,12.08,31398.1
Nigeria,Sorghum,2018,1887.04,22.52,29.11,12101.7
India,Sweet potatoes,2023,2519.38,34.97,23.38,67830.5
Canada,Sweet potatoes,1992,2186.07,27.26,19.58,85770.1
Canada,Yams,1998,1556.36,50.9,29.13,71019.1
China,Potatoes,2019,1238.58,6.98,27.85,171989.2
Egypt,Plantains and others,2011,1206.4,18.11,26.08,100286.7
Brazil,Sorghum,2021,2005.01,98.91,31.56,8111.2
Canada,Potatoes,2015,2741.16,9.99,14.98,81009.3
China,Sorghum,2018,1339.88,76.43,15.07,19228.6
Germany,Sweet potatoes,1991,718.53,49.03,28.5,112264.9
Egypt,Plantains and others,2013,1738.76,96.83,17.24,92196.2
France,Plantains and others,2014,1227.94,68.28,24.62,104979.9
Australia,Rice,2005,2036.14,49.94,37.33,20171.2
Indonesia,Yams,1997,2834.98,66.36,25.06,46400.6
Argentina,Rice,2007,1480.65,91.4,20.0,47505.7
Japan,Sorghum,1991,2815.16,74.48,27.16,5595.8
Nigeria,Wheat,2006,933.13,27.13,34.99,14192.1
Nigeria,Yams,2003,2894.05,38.95,31.89,24971.2
Egypt,Cassava,2011,896.82,9.54,16.27,165507.4
Argentina,Soybeans,2014,668.63,18.69,34.48,23428.7
France,Plantains and others,1997,1996.79,107.9,37.24,24825.9
India,Potatoes,2006,326.48,105.16,22.63,194011.8
Australia,Cassava,2014,2330.15,30.65,36.15,23167.8
United States,Maize,1996,2343.21,34.72,35.27,12230.2
India,Soybeans,1990,2621.99,14.73,13.0,5917.2
Australia,Sweet potatoes,2012,2765.18,27.93,19.35,70982.7
China,Cassava,2020,2252.88,51.57,33.24,26905.9
Germany,Maize,2006,886.11,16.31,30.6,43949.0
Argentina,Sorghum,2000,1476.75,6.73,24.91,14515.9
Nigeria,Rice,1996,898.71,46.23,17.18,45622.5
South Africa,Cassava,2011,2950.09,35.61,22.22,49839.2
Japan,Plantains and others,2012,739.41,17.01,34.49,33463.1
Brazil,Maize,2009,1318.22,8.85,36.45,25465.0
Brazil,Cassava,2020,1676.11,63.4,32.42,43979.7
France,Maize,2013,228.81,58.86,17.45,46524.7
South Africa,Yams,2000,1911.57,26.07,31.51,43376.9
Argentina,Maize,2006,430.37,92.17,30.73,39693.3
Canada,Cassava,2006,2727.74,105.66,28.3,44963.3
China,Cassava,1990,1154.54,70.39,17.45,99580.0
South Africa,Sorghum,2022,2682.26,70.42,25.35,7674.5
India,Sorghum,2021,774.96,29.8,16.07,22521.6
Indonesia,Wheat,2020,1995.54,49.3,25.36,26755.6
United States,Maize,1991,2828.21,67.63,12.25,10116.3
Argentina,Cassava,2022,2699.22,12.99,15.0,53355.1
Argentina,Yams,1993,1891.24,45.33,16.92,67570.9
Nigeria,Rice,2011,475.85,13.6,32.36,34255.0
Egypt,Sweet potatoes,2008,2471.62,5.85,12.17,59276.5
France,Maize,2002,252.75,32.66,18.18,43622.8
China,Yams,1998,1061.57,6.01,26.83,88442.7
United States,Wheat,1998,2472.36,17.45,23.41,15039.0
Japan,Soybeans,1992,2240.08,82.17,24.01,9717.3
Mexico,Rice,2010,1515.21,6.93,15.97,36749.9
Egypt,Rice,2009,1325.89,33.63,26.53,58720.4
Germany,Rice,1998,2504.93,23.89,16.1,17943.7
United States,Yams,2023,1795.85,149.51,36.83,41432.3
South Africa,Maize,1996,2845.64,85.55,20.27,19624.7
United States,Sweet potatoes,1991,1194.74,6.52,12.23,125911.9
France,Yams,1997,1829.82,8.28,34.44,29419.5
Egypt,Rice,2016,2056.96,137.09,12.04,30803.1
United States,Cassava,1994,2181.87,52.03,37.79,23366.3
Australia,Sweet potatoes,1996,2310.32,245.32,36.84,24084.3
Australia,Sorghum,2001,299.67,47.95,16.84,20678.3
Egypt,Yams,2014,1296.58,38.43,18.03,124456.4
Brazil,Maize,1991,1051.88,111.0,24.37,45824.3
Germany,Rice,1990,1892.92,39.9,35.46,21348.2
South Africa,Soybeans,2007,1172.37,61.62,33.39,18506.8
France,Wheat,1998,206.04,55.28,32.54,13059.7
Mexico,Plantains and others,2010,1083.54,23.02,16.68,95625.8
Mexico,Maize,2011,2779.49,21.17,23.46,20575.4
Argentina,Plantains and others,2007,2427.48,21.61,17.49,38628.8
Brazil,Yams,1994,396.81,27.48,13.38,77826.7
China,Cassava,2022,2064.3,15.8,25.63,64649.5
Mexico,Maize,2023,343.72,5.38,32.33,35456.3
Egypt,Soybeans,2008,1060.97,105.43,28.62,28813.6
Argentina,Rice,2001,2330.08,110.58,17.07,26098.4
Egypt,Sorghum,2013,1369.13,14.02,16.01,22089.5
United States,Plantains and others,2009,1422.4,66.3,17.44,104473.0
Egypt,Sorghum,1990,1550.91,12.57,12.0,15282.2
Indonesia,Soybeans,1998,1320.76,52.05,34.24,20286.1
Argentina,Sweet potatoes,2016,1837.01,46.96,21.34,146225.7
Nigeria,Wheat,1998,972.43,26.54,25.88,34623.9
United States,Soybeans,2004,2556.28,90.47,30.53,10382.1
South Africa,Sorghum,2006,2541.37,110.34,36.27,3362.8
France,Wheat,2015,234.87,139.29,32.32,15257.6
Egypt,Sweet potatoes,2009,1352.47,16.48,37.17,70998.1
United States,Sorghum,1997,1940.21,15.19,22.17,13615.2
Indonesia,Yams,2014,1298.09,85.38,22.54,132001.8
Mexico,Plantains and others,2013,1368.66,23.56,37.71,40556.1
Argentina,Plantains and others,1993,734.01,18.68,22.03,82943.0
Egypt,Yams,2000,2720.71,34.24,28.67,38208.7
Japan,Plantains and others,2013,1616.59,173.75,22.59,77024.6
Canada,Sorghum,2002,1662.74,15.13,23.07,17993.6
Indonesia,Wheat,1994,1382.25,14.26,18.22,36862.1
Indonesia,Maize,2014,294.91,193.94,31.58,56685.3
Argentina,Plantains and others,2023,2921.24,40.64,20.29,40578.1
India,Cassava,2001,2606.47,72.2,37.12,18310.9
Australia,Rice,1990,1389.87,26.78,20.16,44089.7
Germany,Cassava,2018,1607.84,13.99,23.03,122068.4
Australia,Potatoes,2009,555.84,45.87,25.85,181919.8
United States,Rice,2001,1904.97,123.37,22.67,39059.3
Egypt,Plantains and others,2009,2275.53,103.84,21.66,51138.4
Mexico,Plantains and others,2022,568.79,152.2,30.37,77886.9
Australia,Maize,1994,1323.36,15.09,24.59,45180.1
Egypt,Cassava,2011,1693.28,59.66,33.06,49389.6
Mexico,Maize,2019,2696.97,13.27,29.95,20433.7
Brazil,Potatoes,1998,1082.33,84.16,37.61,78796.6
Brazil,Wheat,2008,578.2,5.17,26.78,26937.0
India,Yams,1992,2404.01,18.32,30.52,24935.3
United States,Sweet potatoes,2023,443.42,41.4,21.76,211701.4
Indonesia,Maize,2019,2347.89,81.31,24.56,25816.9
Japan,Sweet potatoes,2007,2151.84,36.37,30.65,42995.7
France,Cassava,2002,2003.97,18.41,34.14,30350.3
Nigeria,Sorghum,2000,1144.19,10.24,31.07,12696.6
China,Cassava,1992,1318.44,20.4,23.68,99312.0
Egypt,Yams,2023,2657.39,55.54,37.84,26260.1
Japan,Sorghum,1993,927.35,29.1,36.24,6330.5
United States,Cassava,2010,780.11,96.78,34.93,63700.2
Germany,Sorghum,2020,1032.85,39.01,17.56,23983.8
Canada,Plantains and others,2019,2491.56,46.04,22.63,56158.2
Japan,Soybeans,2019,2794.46,9.38,20.96,10139.5
India,Maize,2020,401.27,27.37,18.23,54017.6
Brazil,Plantains and others,1991,2821.31,8.24,15.26,34718.9
India,Plantains and others,2021,1140.8,14.75,32.79,48957.4
Australia,Sweet potatoes,2018,434.87,74.74,13.11,171065.8
France,Sweet potatoes,2000,1335.45,60.98,16.83,147053.8
United States,Sweet potatoes,1993,1505.25,88.85,29.18,110224.9
South Africa,Yams,1997,1547.28,32.96,31.76,46094.7
Indonesia,Soybeans,2004,2180.88,53.48,15.83,13426.5
United States,Potatoes,2011,2256.88,21.06,34.64,41869.1
Canada,Cassava,2013,1640.32,79.72,33.18,45576.8
Canada,Potatoes,2021,2339.21,101.7,26.92,89426.2
Mexico,Potatoes,1996,1734.75,7.84,22.82,143358.0
South Africa,Sorghum,2013,661.55,48.49,13.27,22047.7
Egypt,Rice,2014,2859.0,69.27,14.35,19854.0
Brazil,Yams,2011,1450.01,16.13,21.63,96306.4
Indonesia,Yams,2000,1211.17,11.48,15.23,118525.5
India,Plantains and others,1996,1840.73,97.41,37.97,28226.2
Indonesia,Soybeans,2023,2485.38,116.48,19.23,11919.3
United States,Soybeans,2011,2668.09,32.18,28.64,12363.7
France,Potatoes,2005,1359.31,30.41,31.41,96166.2
Indonesia,Wheat,2000,2517.3,27.19,16.75,15243.4
Mexico,Sorghum,1990,1068.62,14.87,17.47,18552.8
South Africa,Sweet potatoes,2001,2563.98,12.59,34.46,24094.4
Nigeria,Plantains and others,1991,731.32,58.58,32.64,43444.1
Mexico,Rice,2001,294.47,69.94,33.02,26815.8
Nigeria,Plantains and others,2007,2498.06,81.36,34.04,19581.2
India,Potatoes,2015,687.14,94.63,24.05,217956.4
Indonesia,Rice,1993,2472.51,39.89,37.88,10795.3
France,Cassava,2021,283.75,45.7,12.83,107644.3
Mexico,Sorghum,2009,628.43,116.44,17.98,19474.1
France,Rice,2008,1176.67,93.75,17.12,40394.7
Canada,Cassava,2016,2449.34,81.1,26.88,53355.5
Indonesia,Wheat,2016,1991.33,97.28,23.37,29595.9
Japan,Rice,1990,1865.08,76.11,30.7,32900.5
France,Yams,2012,330.64,40.84,24.52,90462.2
Mexico,Yams,2011,1103.55,8.44,26.88,68715.8
France,Sorghum,1998,2229.99,32.13,28.01,6492.8
Argentina,Rice,2003,1489.61,12.3,35.7,25705.7
India,Soybeans,2010,1975.73,57.2,21.54,18984.4
Germany,Sorghum,2022,2258.75,9.48,17.18,10139.3
Mexico,Maize,2011,386.47,14.05,26.41,44882.3
France,Soybeans,1990,504.19,124.38,20.06,19511.9
United States,Maize,1999,789.9,22.91,20.14,57106.4
Egypt,Soybeans,2022,2590.59,40.7,20.55,14118.2
Canada,Yams,2001,1760.11,45.91,34.41,34639.5
Canada,Wheat,2017,1517.85,33.64,17.13,34407.2
Canada,Rice,2006,730.5,11.85,33.49,38997.4
Australia,Sorghum,2008,1039.47,49.1,36.88,9323.5
Brazil,Soybeans,1991,1666.79,32.41,36.05,11140.7
Japan,Yams,2023,2051.01,187.14,18.39,76148.8
Germany,Yams,2011,1424.23,318.94,27.98,93545.9
Japan,Potatoes,1991,494.31,221.09,20.76,164134.4
Nigeria,Yams,2000,1840.49,156.49,28.84,69891.6
Nigeria,Maize,2012,279.18,19.52,18.8,47634.9
Nigeria,Sorghum,2017,1814.69,17.19,28.56,15609.1
India,Maize,2002,1434.81,37.75,37.63,22060.4
France,Sweet potatoes,2007,1753.46,79.16,36.83,57160.0
Egypt,Yams,2019,1224.78,9.71,20.35,124409.4
Brazil,Potatoes,2015,1602.82,50.52,22.18,197019.8
Mexico,Sweet potatoes,2018,2384.66,109.72,20.2,72024.8
Canada,Wheat,1990,2722.76,280.39,17.31,14139.1
Nigeria,Potatoes,2021,887.16,25.93,15.21,260480.7
Indonesia,Yams,1993,2482.73,62.43,27.48,34264.1
Japan,Plantains and others,2000,1890.16,34.05,17.64,50073.3
South Africa,Plantains and others,1990,2916.63,86.57,22.17,26175.0
India,Plantains and others,2009,670.39,20.94,17.05,87669.5
Nigeria,Plantains and others,2007,862.94,5.44,13.73,91295.1
Mexico,Sorghum,1997,2735.25,20.65,29.04,6065.6
Argentina,Yams,1994,2429.28,110.75,12.81,38086.5
Canada,Sweet potatoes,2009,1340.3,55.13,35.65,62971.8
Mexico,Soybeans,2018,1217.91,8.87,36.34,16757.7
Mexico,Potatoes,1997,2110.2,37.92,25.2,120310.6
South Africa,Soybeans,2007,2995.37,9.21,18.96,9896.2
Mexico,Soybeans,2009,2917.21,37.03,18.58,12075.5
Brazil,Potatoes,2000,2816.83,9.75,21.3,66038.4
India,Soybeans,1994,963.79,48.66,12.12,15386.7
Japan,Soybeans,2021,2422.17,47.12,33.2,8893.2
South Africa,Sweet potatoes,2001,892.79,38.22,18.27,146949.9
France,Potatoes,2014,648.15,6.41,20.88,182367.1
South Africa,Soybeans,2017,2709.95,71.72,13.44,6980.5
Egypt,Cassava,1999,2976.42,16.0,21.89,55489.0
Brazil,Rice,1990,2342.71,5.56,29.51,20200.8
Nigeria,Soybeans,2004,2538.81,41.77,37.54,6389.3
China,Yams,1990,2385.17,200.88,37.83,14045.5
Egypt,Wheat,1996,1036.82,53.57,14.25,39149.8
Germany,Plantains and others,1997,961.37,35.91,14.73,101240.9
United States,Plantains and others,1992,1812.99,59.98,15.32,68830.6
Brazil,Cassava,2012,397.46,17.64,18.44,129764.6
France,Rice,2012,2006.75,38.16,21.07,43297.5
China,Cassava,1995,1761.74,35.23,36.45,35222.9
Indonesia,Wheat,2019,1248.27,10.35,35.94,15993.1
Argentina,Cassava,1990,936.14,9.66,12.03,85658.5
Indonesia,Sorghum,1993,669.45,47.48,12.5,19937.6
Canada,Wheat,2002,1718.3,58.28,27.87,24174.0
Mexico,Potatoes,2023,696.15,134.77,24.58,251809.4
France,Sweet potatoes,1998,296.52,81.47,14.81,127731.2
United States,Cassava,2020,2218.16,34.94,21.85,61913.2
Nigeria,Sweet potatoes,2011,2380.55,14.92,12.04,69035.2
Egypt,Wheat,2020,624.01,87.75,19.55,41692.9
Canada,Sorghum,2001,2535.2,22.08,18.77,10501.7
Nigeria,Soybeans,2017,1934.34,20.78,37.35,11262.1
Argentina,Sorghum,2008,2965.64,13.7,22.43,7765.2
France,Rice,2016,940.54,18.88,16.1,41393.2
Indonesia,Maize,2021,2731.53,127.63,14.81,18475.0
Australia,Sweet potatoes,1994,2537.37,121.9,24.91,69703.1
Australia,Yams,2014,365.93,33.03,36.19,47224.5
Germany,Potatoes,1993,470.34,69.42,18.38,160909.5
Mexico,Rice,1996,886.97,21.53,16.67,37290.5
Argentina,Maize,1997,1685.29,21.07,27.3,39611.3
Australia,Rice,2015,525.16,19.53,17.43,48311.8
United States,Maize,1993,2217.24,11.8,31.86,22784.6
United States,Plantains and others,1998,2066.49,11.58,14.9,53778.5
Germany,Sorghum,2002,1468.18,106.1,13.93,16327.5
Indonesia,Potatoes,2017,2588.26,6.19,26.77,78794.0
South Africa,Potatoes,1990,2212.47,135.57,14.65,79380.8
United States,Soybeans,1994,1395.95,16.12,23.51,27850.2
Canada,Yams,2005,2589.87,257.24,16.5,53930.0
Argentina,Yams,2022,1973.95,80.77,28.99,58079.9
Germany,Wheat,2013,1791.37,67.57,32.18,15581.0
Mexico,Wheat,2019,2850.65,27.9,32.22,7961.1
Egypt,Rice,2005,1059.94,22.47,19.22,55345.3
Japan,Sorghum,1995,1718.72,31.31,37.03,5172.7
China,Rice,2022,1482.63,7.02,27.01,43519.8
Canada,Yams,1998,2925.16,51.04,23.67,44180.1
Australia,Maize,1990,1656.93,157.19,33.18,31513.7
Mexico,Sorghum,2016,2026.26,9.04,19.9,12084.1
France,Sweet potatoes,2022,1510.25,42.18,18.88,163000.7
South Africa,Potatoes,2014,1975.74,34.82,21.66,143452.2
China,Wheat,1996,2003.21,43.05,14.15,19029.6
Nigeria,Cassava,2018,2872.95,78.16,20.25,58563.3
Australia,Wheat,2018,208.2,27.98,19.15,43824.4
Brazil,Maize,2007,1605.76,148.48,25.24,39422.4
France,Sweet potatoes,1996,1096.23,69.79,26.45,133631.0
South Africa,Sorghum,1999,1307.3,114.19,26.97,17230.3
France,Wheat,2019,351.04,10.56,18.0,37901.7
United States,Maize,2023,2514.19,202.31,22.78,27292.6
Canada,Soybeans,2015,730.09,16.52,24.46,31596.1
Germany,Rice,2017,1057.07,157.23,18.36,44526.8
Egypt,Soybeans,1992,1842.82,9.82,22.66,21479.6
India,Maize,2010,2799.26,33.42,21.47,22570.1
Canada,Yams,1991,2758.05,80.2,22.69,37245.1
Brazil,Sorghum,2002,1097.94,72.31,23.03,17188.4
South Africa,Maize,1997,733.33,32.83,24.74,45399.8
Canada,Yams,2000,1421.25,33.62,22.94,97193.4
China,Soybeans,2008,470.86,15.14,14.88,19401.6
Egypt,Rice,2015,663.58,12.83,20.32,49559.4
China,Sweet potatoes,1998,263.34,40.24,17.01,135218.6
South Africa,Sweet potatoes,2006,2691.63,53.63,17.24,64216.3
China,Wheat,1998,2854.64,65.74,36.05,6430.6
Brazil,Plantains and others,2013,2476.78,37.18,13.56,35333.4
Argentina,Potatoes,2005,1271.98,33.51,31.23,115933.0
Germany,Plantains and others,1999,2186.47,58.04,36.23,17935.6
Mexico,Soybeans,2009,2775.23,225.04,35.55,6913.9
Japan,Potatoes,2009,2021.58,6.82,31.46,72551.4
Mexico,Plantains and others,2010,855.2,18.08,35.22,43972.5
South Africa,Wheat,2021,2097.68,75.57,23.43,20245.9
Indonesia,Potatoes,2004,1275.24,137.85,25.26,227251.4
Egypt,Cassava,2011,260.72,21.17,19.37,146209.8
Nigeria,Cassava,2011,989.67,39.04,21.4,158521.1
United States,Yams,2002,1349.78,51.0,36.62,48871.8
United States,Plantains and others,2001,852.04,98.47,29.16,78451.2
India,Sweet potatoes,1999,577.16,13.22,29.57,104966.5
Nigeria,Potatoes,2023,2198.96,42.97,33.94,54186.8
Nigeria,Cassava,2018,2569.46,105.67,33.9,25683.4
Mexico,Wheat,2022,1087.43,24.39,26.8,33402.1
Indonesia,Sweet potatoes,2022,1519.04,79.32,13.13,187937.4
Argentina,Sorghum,2013,1693.04,96.3,33.57,7780.3
Australia,Yams,2010,1109.35,32.59,34.68,53652.4
Argentina,Sweet potatoes,2005,1411.53,12.86,28.28,109416.8
Brazil,Sweet potatoes,1993,2437.96,6.77,36.32,21330.4
South Africa,Plantains and others,2006,1507.92,84.56,26.95,79249.1
South Africa,Sorghum,2013,1080.63,53.66,35.5,8563.5
South Africa,Sweet potatoes,2016,912.08,37.06,23.27,152587.9
Indonesia,Cassava,2017,1750.11,11.59,31.62,63456.2
South Africa,Cassava,2010,2320.92,14.14,13.46,41006.7
Mexico,Yams,2008,2765.82,10.61,17.65,45814.8
Germany,Yams,2011,527.15,6.98,26.71,74358.5
China,Potatoes,2010,2689.27,33.5,36.76,32417.0
Nigeria,Wheat,1993,1723.56,64.69,30.75,16383.9
Argentina,Wheat,1997,747.4,135.26,29.15,22695.9
Germany,Yams,1997,1900.74,84.78,16.24,77577.6
South Africa,Cassava,1995,332.06,110.94,17.24,102795.1
United States,Sorghum,2004,1380.73,9.3,33.42,7980.1
South Africa,Sweet potatoes,2005,612.28,32.32,12.45,154429.3
Germany,Maize,2009,268.28,302.11,23.67,55221.7
India,Soybeans,2018,2641.63,58.34,36.53,7206.3
South Africa,Plantains and others,1991,307.6,117.87,15.8,85302.8
Brazil,Plantains and others,1997,2071.75,22.87,14.34,49703.7
Germany,Rice,2000,1327.54,34.28,22.56,52383.9
Australia,Plantains and others,2004,1551.41,32.39,27.43,69291.8
Japan,Maize,2006,984.26,17.08,30.87,42402.2
Egypt,Wheat,1990,1605.64,55.8,22.21,34469.3
Argentina,Soybeans,1997,844.53,16.8,33.65,20355.4
Canada,Yams,2022,254.55,57.84,18.26,98106.9
Indonesia,Sweet potatoes,1990,1020.4,11.72,31.25,92446.3
Egypt,Plantains and others,2003,214.2,42.08,23.78,81331.3
Canada,Soybeans,2001,825.99,37.96,15.45,28652.4
Canada,Yams,2015,1267.48,226.5,29.56,94589.5
Brazil,Potatoes,1998,2499.19,13.91,37.85,26583.0
Nigeria,Cassava,2010,2575.82,91.05,22.45,53577.8
Egypt,Plantains and others,2016,673.58,50.83,17.53,135817.4
Australia,Potatoes,1996,1262.15,53.13,31.86,103133.0
Argentina,Rice,2017,2655.61,42.6,17.18,20070.2
United States,Cassava,1991,2137.47,86.01,18.05,69329.4
United States,Potatoes,2010,2293.05,113.11,30.48,63695.8
Mexico,Cassava,2003,2280.22,40.93,25.29,43001.8
Egypt,Maize,2002,2697.63,8.88,27.94,24983.6
Canada,Maize,2001,1498.41,67.66,28.26,50548.3
Australia,Yams,1992,608.14,78.7,27.86,95459.6
Canada,Rice,2018,620.45,20.42,29.59,51038.9
France,Rice,2002,614.48,8.17,19.91,42074.4
Argentina,Yams,1995,2760.96,8.17,24.31,37847.8
Brazil,Sorghum,1996,2551.28,134.29,26.27,6420.5
China,Plantains and others,2021,1495.97,157.08,30.75,55901.0
Egypt,Wheat,2000,1832.17,29.02,25.15,25914.2
South Africa,Soybeans,2004,1061.4,92.0,26.22,25608.5
Argentina,Wheat,1995,2855.96,19.08,16.5,13041.9
South Africa,Soybeans,2020,460.05,13.23,31.06,21976.4
Brazil,Soybeans,2011,284.04,51.48,17.47,18831.9
Australia,Rice,2018,1917.85,293.57,33.2,37149.8
United States,Maize,2015,313.08,9.52,31.95,46889.2
Canada,Sweet potatoes,2014,446.35,26.47,31.4,104836.6
Australia,Cassava,1990,434.44,28.54,20.46,114716.5
Nigeria,Rice,2016,2655.65,10.21,15.93,18936.5
Argentina,Potatoes,2007,2844.11,11.67,36.21,36694.5
United States,Plantains and others,2016,2356.48,20.46,21.96,42860.9
France,Soybeans,2002,261.88,23.18,34.49,15006.4
China,Wheat,2009,1179.47,90.03,34.08,12791.6
India,Maize,2009,1696.8,7.26,30.11,37131.8
Canada,Potatoes,2014,2963.23,287.25,18.49,122276.1
Germany,Plantains and others,1991,2865.01,52.4,15.04,35443.8
United States,Sweet potatoes,2007,739.03,30.22,34.79,68958.0
China,Maize,1991,2900.74,56.25,33.21,13575.9
Australia,Sorghum,2002,1652.89,36.67,25.59,16868.4
Canada,Wheat,1991,2689.28,11.72,25.86,12698.5
Germany,Sorghum,2014,1111.92,6.1,36.05,9005.3
United States,Rice,2005,2326.73,42.42,21.41,32641.5
India,Wheat,2016,2350.57,86.6,24.72,15409.7
Argentina,Wheat,2022,2440.36,46.87,30.13,10231.0
Argentina,Plantains and others,2016,634.65,90.29,32.58,52914.3
India,Potatoes,2005,1337.86,93.6,13.9,174283.5
Germany,Sorghum,2009,1997.32,30.13,26.1,10745.4
South Africa,Sorghum,1990,1191.65,37.98,34.76,7066.3
India,Potatoes,1999,856.06,7.12,16.27,188242.3
Egypt,Sorghum,2010,2384.31,12.07,36.41,4352.8
Argentina,Soybeans,2011,660.19,34.52,28.61,25192.1
Canada,Sorghum,2023,1229.97,39.74,20.14,24272.3
Brazil,Wheat,2006,1083.52,26.23,17.91,30514.7
Australia,Yams,2005,1416.97,8.5,35.47,43626.3
Mexico,Potatoes,1992,1507.6,25.0,22.23,163230.8
Indonesia,Cassava,2015,2678.57,49.83,30.87,34649.7
Japan,Potatoes,1993,1359.56,22.4,33.15,63565.7
South Africa,Sorghum,2010,1475.54,14.93,28.57,13597.5
Germany,Yams,1993,1062.52,22.83,24.21,96604.3
Brazil,Wheat,1990,2129.54,10.65,19.2,17587.1
Brazil,Plantains and others,1992,678.42,29.31,19.96,85990.1
Canada,Rice,2013,2031.46,29.9,17.95,37028.7
France,Sweet potatoes,1991,1416.53,102.27,20.37,158769.6
Canada,Maize,2018,682.51,28.8,18.97,55985.2
Canada,Sorghum,1991,481.14,20.73,35.75,7812.1
Canada,Yams,2010,2676.08,75.0,14.38,45231.4
Indonesia,Wheat,2012,212.25,54.36,17.6,40340.5
Argentina,Soybeans,2015,2196.29,282.06,24.46,13432.1
Japan,Maize,1993,2980.42,45.41,16.27,16385.0
Canada,Yams,1997,1947.02,113.1,31.02,41800.5
Canada,Sorghum,2012,1690.61,47.64,22.15,18738.4
Germany,Soybeans,2013,908.16,6.94,17.28,26301.5
France,Sorghum,2017,369.97,60.68,30.68,12799.2
China,Maize,2015,1552.44,143.38,29.3,37004.7
South Africa,Soybeans,2020,850.05,55.77,23.46,30538.7
Canada,Potatoes,2004,2819.36,28.63,31.61,48405.9
South Africa,Sweet potatoes,2015,1290.99,9.42,12.12,135129.3
Egypt,Yams,1994,1912.49,12.51,23.09,66664.6
Brazil,Maize,2002,2752.51,234.63,28.08,18574.8
Argentina,Plantains and others,2021,2835.09,16.79,35.01,18059.1
Canada,Wheat,2007,1478.4,72.78,17.17,33910.1
South Africa,Potatoes,2017,1197.03,65.12,27.43,196839.6
Mexico,Potatoes,1999,2587.17,108.15,27.84,61620.0
Canada,Yams,2023,2729.57,52.3,34.45,22017.8
Germany,Potatoes,2003,854.62,7.58,21.0,207159.1
United States,Sorghum,2002,1713.61,24.39,15.01,16082.6
Indonesia,Cassava,2015,2534.92,71.42,36.86,28114.2
France,Potatoes,1995,750.71,11.08,14.04,190591.5
India,Soybeans,2021,1261.5,43.82,13.51,20557.5
China,Sweet potatoes,2021,2266.08,111.3,27.22,69116.1
South Africa,Potatoes,2007,635.76,21.45,33.84,80251.8
Mexico,Potatoes,2021,2438.61,98.92,29.62,59898.0
Australia,Maize,2022,2744.94,38.88,21.24,28810.7
Argentina,Plantains and others,1999,1416.01,57.47,24.79,77444.5
India,Plantains and others,2016,1386.4,47.77,35.68,36455.3
Indonesia,Sorghum,2000,1212.88,82.73,31.01,12506.1
Japan,Rice,1993,1336.48,46.56,31.75,35505.5
Canada,Soybeans,2006,543.84,121.4,32.37,25107.6
France,Cassava,2004,1596.68,43.35,30.1,76269.0
Australia,Sweet potatoes,2018,2530.75,14.58,28.51,58170.5
India,Sorghum,1996,1740.77,68.95,16.4,15171.6
Germany,Sweet potatoes,1990,998.45,34.09,32.56,66134.1
Germany,Sweet potatoes,2020,479.26,166.63,17.5,190682.1
Germany,Soybeans,2010,481.13,116.63,28.66,28027.1
France,Maize,2005,2555.38,43.92,34.08,15861.3
India,Wheat,2012,2766.14,100.38,15.23,14868.2
France,Yams,2020,2227.35,30.81,14.03,58974.8
Japan,Cassava,2023,2985.16,25.23,15.67,54392.6
France,Cassava,2013,715.61,81.71,33.4,55499.6
Egypt,Wheat,2000,2003.35,14.67,35.0,9639.7
Argentina,Sweet potatoes,2018,1311.87,5.43,34.68,64501.1
Canada,Sorghum,2004,2590.06,41.55,30.94,5508.3
France,Rice,1992,460.22,36.07,13.68,25054.6
France,Maize,2010,2580.92,38.87,27.22,18603.7
Germany,Rice,2003,1573.73,74.14,31.59,44583.6
Egypt,Maize,1995,2452.67,50.07,26.08,24499.9
United States,Rice,2017,1910.31,64.21,13.91,43566.0
Canada,Maize,2007,1029.61,30.76,29.75,55392.6
Japan,Rice,2013,2029.11,71.37,23.43,40426.9
Germany,Potatoes,2014,975.3,32.23,33.63,96685.8
France,Plantains and others,1992,1309.47,190.24,37.36,32376.3
Nigeria,Maize,2023,907.05,32.31,35.52,43747.8
Nigeria,Rice,2001,2602.21,6.66,26.8,18393.9
Canada,Wheat,2020,540.88,79.35,35.14,18605.9
Egypt,Sorghum,2003,2825.8,12.02,18.83,8239.6
France,Cassava,2018,701.88,6.97,33.26,49954.1
South Africa,Wheat,2021,1319.33,94.24,18.42,38316.6
Nigeria,Wheat,1992,697.27,30.82,32.4,17283.0
Canada,Cassava,2003,2598.94,16.68,37.81,20480.3
India,Maize,2003,769.28,7.91,37.53,19880.3
Japan,Yams,2011,953.97,25.03,16.8,101628.4
Canada,Potatoes,2020,1308.47,71.81,37.78,113613.4
India,Sorghum,2001,1716.98,103.33,27.38,14863.1
Japan,Rice,1999,2070.41,111.59,23.06,35504.0
China,Sorghum,2002,222.99,121.98,12.77,13379.5
Indonesia,Potatoes,2007,1915.08,56.28,13.31,157341.4
Argentina,Plantains and others,2022,2476.36,32.54,26.58,37275.1
France,Soybeans,2014,1951.36,39.07,30.49,16508.3
Brazil,Soybeans,2023,2449.63,12.27,19.67,10385.7
United States,Sweet potatoes,2017,344.37,50.56,18.53,142570.8
China,Yams,2017,2664.67,8.61,20.63,42768.3
United States,Maize,2008,248.8,69.72,31.56,39056.1
Egypt,Wheat,2005,998.54,30.07,17.33,45327.1
South Africa,Plantains and others,1999,1401.87,11.2,12.66,72585.0
Nigeria,Cassava,2008,2964.1,98.91,19.61,65570.6
United States,Soybeans,1993,464.46,152.58,18.64,26936.8
Indonesia,Wheat,1998,1505.9,125.26,26.15,32662.1
Australia,Wheat,1993,1046.74,27.21,17.89,32881.6
Mexico,Potatoes,2012,1549.08,19.53,21.51,196636.9
Argentina,Yams,2010,1652.52,133.46,12.67,99643.6
Germany,Yams,2008,939.01,86.49,25.12,81207.9
Nigeria,Sweet potatoes,1990,679.24,20.02,27.26,140483.1
Germany,Rice,2014,1731.58,59.14,18.97,49824.9
South Africa,Maize,2023,1787.91,24.96,23.25,39990.3
South Africa,Maize,2014,785.92,38.0,28.96,48626.0
Canada,Wheat,2012,2481.73,27.7,33.47,6874.0
Japan,Sorghum,2000,279.87,17.84,13.84,15205.6
United States,Cassava,2012,480.4,47.38,20.19,135724.1
Egypt,Soybeans,2011,2028.6,41.64,22.3,20108.9
Nigeria,Soybeans,1998,524.04,9.13,20.03,23714.9
India,Plantains and others,1999,1252.46,111.09,35.0,41586.4
China,Maize,2016,718.07,64.82,37.91,21267.0
Japan,Potatoes,2017,688.93,6.28,25.15,192088.9
Argentina,Cassava,2021,2337.84,58.99,22.72,67268.6
Australia,Sorghum,1993,1784.8,106.01,31.14,10646.9
Australia,Sorghum,1996,2057.25,43.88,32.13,6284.9
Argentina,Yams,2002,2224.53,139.47,19.3,50737.7
France,Maize,2012,2667.94,60.48,31.35,18457.8
France,Cassava,2006,2966.46,42.33,12.05,41019.1
Egypt,Rice,2022,1893.92,12.22,18.23,50385.5
France,Sorghum,1991,2759.77,143.43,16.25,6906.7
France,Maize,1990,487.99,43.29,30.3,38767.2
India,Soybeans,2019,2327.24,20.18,20.05,12671.0
Nigeria,Rice,2010,1714.19,54.02,35.13,34154.6
Egypt,Potatoes,1994,1169.68,61.73,33.89,79847.4
France,Sweet potatoes,2011,2505.2,13.03,18.79,62132.2
India,Maize,2011,1453.2,12.27,29.67,46758.0
Mexico,Rice,2012,2156.64,40.66,34.2,22399.0
France,Wheat,2007,728.76,11.06,15.11,33937.8
Mexico,Plantains and others,2016,1172.81,32.27,23.81,102260.7
France,Rice,2020,1111.15,16.41,37.44,22646.5
Australia,Wheat,2019,651.51,20.22,25.81,41965.4
Japan,Sweet potatoes,2001,898.14,9.96,21.48,127650.9
Indonesia,Soybeans,2022,384.59,53.8,12.51,20403.5
Mexico,Soybeans,2017,703.99,43.48,12.09,17481.4
Nigeria,Yams,1998,418.95,17.23,32.21,59693.6
India,Rice,2012,1775.27,52.72,34.04,32130.0
Germany,Soybeans,2022,347.95,74.42,16.62,26158.7
Egypt,Sorghum,2013,519.23,10.39,30.36,14896.6
Mexico,Cassava,2018,1618.91,46.01,24.96,105640.5
France,Potatoes,2016,2949.96,44.25,30.24,58008.3
Mexico,Cassava,2022,2569.12,11.51,35.96,21353.1
Brazil,Sorghum,2019,1230.31,22.13,37.15,8525.9
Nigeria,Maize,2023,2137.53,99.16,21.34,34587.4
Argentina,Wheat,1991,1346.53,118.67,22.43,29929.2
India,Potatoes,2003,2524.1,36.75,20.47,91723.4
United States,Cassava,1998,2500.66,45.01,22.51,43261.7
Brazil,Sorghum,2003,2490.84,35.91,23.61,7218.8
France,Yams,2023,2601.37,20.2,16.4,54358.5
Germany,Wheat,2014,1150.62,76.23,36.57,16605.9
Argentina,Plantains and others,1992,1235.58,95.2,32.07,42534.7
France,Maize,2009,1772.66,34.17,26.16,39354.0
South Africa,Yams,2019,434.57,77.03,29.19,78459.2
Egypt,Soybeans,2013,2420.17,12.76,15.77,11769.0
Japan,Soybeans,2014,360.18,44.87,37.96,10323.3
Japan,Soybeans,2003,660.35,153.26,31.36,19681.7
Germany,Plantains and others,1991,2311.35,5.2,13.15,32818.6
Germany,Plantains and others,2019,1002.32,123.75,29.48,87459.4
Australia,Yams,1998,2148.02,35.46,31.0,31797.7
France,Cassava,1993,886.15,50.53,25.96,121539.0
Japan,Rice,2002,1109.09,78.3,12.93,28426.5
China,Sweet potatoes,2022,1040.98,13.24,31.69,84816.2
Indonesia,Potatoes,1997,897.26,22.56,26.75,176406.5
United States,Sorghum,1997,538.52,48.88,14.31,18878.1
China,Sweet potatoes,2012,1692.85,46.04,20.8,136895.8
Nigeria,Plantains and others,2019,1583.36,24.02,37.81,35884.5
South Africa,Wheat,1994,1834.52,24.29,30.29,16290.0
Nigeria,Yams,2019,2774.47,41.07,27.7,43683.9
Japan,Sweet potatoes,2015,953.31,33.14,19.18,170773.5
France,Sorghum,1991,2719.6,58.26,19.48,8292.2
Australia,Rice,1995,2905.66,36.48,37.88,8507.9
Germany,Yams,1992,994.16,22.38,34.83,43871.5
Argentina,Wheat,2013,1761.62,41.82,13.37,32412.9
United States,Cassava,1996,2712.49,42.72,22.5,51268.9
Nigeria,Rice,2018,1937.63,39.55,23.99,48269.4
India,Sweet potatoes,1998,2240.23,46.83,17.35,63465.3
Canada,Sorghum,2003,2450.15,146.95,14.67,8305.7
Indonesia,Rice,2021,624.84,27.52,22.26,53133.6
Argentina,Rice,2007,2837.34,69.5,12.73,12894.5
Canada,Yams,2018,2520.29,28.44,21.53,55683.4
France,Maize,1990,1604.81,7.26,35.56,24192.4
Australia,Cassava,1999,2820.43,12.44,31.57,27537.6
Canada,Sorghum,2013,2039.74,57.38,18.03,13841.8
Indonesia,Rice,1995,848.83,7.31,16.6,39307.5
Brazil,Sweet potatoes,2003,2652.07,115.36,30.16,38409.4
Australia,Maize,2013,259.03,8.32,34.25,37102.2
Canada,Sorghum,2003,1372.25,122.71,14.53,21057.9
Australia,Wheat,2007,1109.14,91.35,19.08,42218.4
Nigeria,Maize,2001,2632.02,20.62,34.87,13247.0
Argentina,Soybeans,2018,632.23,55.23,27.61,31611.3
Brazil,Wheat,2002,2268.39,86.72,14.86,14569.4
Mexico,Plantains and others,1998,2999.31,104.14,20.75,32108.7
United States,Rice,2003,983.13,106.16,27.26,52884.0
Nigeria,Rice,2015,463.69,40.1,32.67,38684.4
Germany,Rice,2000,1307.88,21.22,13.24,33337.9
Australia,Cassava,1997,1785.5,357.4,21.94,105646.4
France,Sorghum,2022,2774.57,214.8,31.62,4983.7
Canada,Soybeans,2018,2591.41,31.51,30.6,11783.4
South Africa,Rice,1990,1253.1,42.66,17.97,39534.3
Brazil,Cassava,1992,2416.31,40.48,31.7,24073.1
Germany,Plantains and others,2013,2637.92,48.45,28.66,30942.0
Mexico,Cassava,1998,1849.14,103.92,15.69,93043.1
Indonesia,Sorghum,1993,1136.89,13.51,36.67,8076.1
Argentina,Rice,2010,874.18,159.07,29.06,47557.6
Egypt,Rice,2013,1340.91,13.19,30.88,45989.8
Australia,Rice,2007,625.52,37.93,23.8,50827.7
Nigeria,Plantains and others,2021,1127.54,26.73,32.57,57951.6
United States,Rice,1990,672.88,17.49,16.16,39799.7
Nigeria,Yams,2016,1982.11,24.53,33.56,33248.6
India,Maize,2000,2872.69,28.79,12.44,12017.7
Canada,Soybeans,2017,1579.63,61.87,33.04,23215.0
Canada,Cassava,2019,1044.88,65.54,25.14,153251.7
Australia,Sorghum,1993,1808.22,30.25,34.82,5723.6
France,Sorghum,2007,1775.28,11.25,17.94,17138.8
South Africa,Sorghum,1992,2218.66,191.06,23.63,8396.0
India,Cassava,1991,2847.27,66.74,12.91,37375.3
Brazil,Sweet potatoes,2014,1252.87,14.82,27.33,135492.9
Indonesia,Cassava,2012,904.66,23.75,29.31,96385.3
Australia,Sweet potatoes,2014,2277.83,199.42,22.17,92180.7
India,Rice,2011,955.51,92.95,17.63,47582.2
United States,Yams,1990,1911.8,141.92,18.76,81081.3
Canada,Sorghum,1993,1433.03,10.51,23.8,18307.9
South Africa,Soybeans,1997,1911.54,6.0,26.45,17194.1
Egypt,Sweet potatoes,2015,2014.63,5.9,32.51,58347.3
United States,Maize,2010,522.86,116.38,25.77,58373.4
Argentina,Maize,2010,2682.02,10.3,18.0,20503.0
Brazil,Plantains and others,2022,1346.1,10.37,15.41,90039.0
Indonesia,Yams,2017,1427.04,101.66,36.6,47170.0
Germany,Sweet potatoes,2004,924.23,79.09,28.36,132033.4
Indonesia,Potatoes,2006,2730.88,18.64,27.65,74810.4
Germany,Maize,1997,1353.46,89.75,15.75,36690.2
Brazil,Maize,2000,827.14,61.71,21.03,48027.4
Germany,Potatoes,2014,2995.27,19.89,14.62,75618.0
Germany,Plantains and others,1993,1069.09,12.56,32.2,42255.9
Mexico,Soybeans,2012,875.25,132.66,15.6,22584.9
Germany,Soybeans,1999,1575.83,23.81,32.05,16588.2
Australia,Potatoes,1991,1676.29,25.22,37.59,60396.1
Brazil,Sorghum,2014,2105.38,128.15,21.73,12428.4
Australia,Potatoes,2022,1361.18,66.35,26.94,183977.9
South Africa,Rice,2008,1947.9,113.45,13.8,30723.6
Mexico,Rice,2023,871.18,23.45,37.18,27208.5
Australia,Sorghum,2013,296.98,87.32,30.44,13695.6
Australia,Sorghum,2019,255.1,94.03,22.83,23270.8
South Africa,Rice,2009,2824.95,30.41,33.91,13275.9
India,Cassava,1997,2104.1,52.67,22.87,66494.6
United States,Sorghum,2000,2946.01,75.61,37.84,3309.0
Nigeria,Sweet potatoes,2010,2043.93,55.93,34.84,46063.5
Argentina,Potatoes,2016,1081.42,6.13,35.62,87817.7
Germany,Wheat,2016,2241.91,15.92,13.92,15858.3
Egypt,Sweet potatoes,1996,556.6,60.75,17.8,173072.4
Egypt,Sorghum,2019,1060.58,80.77,27.01,21610.6
Brazil,Wheat,2000,424.32,30.67,37.22,11933.1
Brazil,Sweet potatoes,2010,1252.77,91.35,29.74,92985.7
Brazil,Yams,2023,2489.82,49.06,25.55,36674.5
Australia,Plantains and others,2000,2030.06,59.47,34.61,28063.6
Indonesia,Maize,2023,2203.17,64.93,23.86,30147.5
Japan,Rice,2020,1639.55,29.97,28.93,47598.4
Canada,Wheat,2014,642.14,42.69,25.52,35369.7
Germany,Cassava,2006,2716.16,175.09,34.51,22469.7
Japan,Soybeans,2018,2551.97,26.17,28.44,9197.3
United States,Plantains and others,1999,652.84,19.4,24.05,94301.1
Nigeria,Plantains and others,2021,581.99,26.87,18.31,129020.1
South Africa,Cassava,2019,581.88,226.35,36.38,50688.1
China,Plantains and others,2001,2453.18,20.3,34.3,14435.3
Germany,Wheat,2007,2868.39,10.82,31.21,8498.5
South Africa,Rice,2014,554.94,7.9,36.77,20591.2
Brazil,Wheat,2014,2585.32,202.9,23.23,13641.9
Egypt,Sorghum,1990,1319.57,127.43,24.15,21301.8
Argentina,Yams,2009,223.74,9.11,24.4,89117.5
Japan,Plantains and others,2004,1299.21,32.05,35.04,37868.8
Brazil,Maize,2012,611.78,35.14,24.0,41724.5
Brazil,Soybeans,2002,1097.41,7.1,13.22,15735.8
Germany,Potatoes,2007,479.76,108.02,29.99,147340.3
Argentina,Plantains and others,2004,884.49,37.08,36.58,44425.4
Egypt,Wheat,2012,802.87,179.35,37.14,20630.6
Japan,Wheat,2002,270.29,5.64,19.78,21641.7
Mexico,Maize,2010,1033.24,57.89,22.36,53263.1
Australia,Plantains and others,1995,2152.85,43.63,16.54,51146.9
China,Wheat,2013,1487.3,129.93,21.62,32382.8
China,Maize,2017,1292.27,42.39,14.45,37756.2
Argentina,Cassava,2010,1911.2,47.86,16.75,100077.9
Japan,Cassava,2009,2800.61,28.87,24.74,40240.2
Indonesia,Cassava,2001,769.46,26.42,15.27,134632.8
Germany,Sorghum,2001,1159.72,42.08,17.22,20623.6
Egypt,Wheat,2003,601.78,98.79,26.77,37625.4
India,Cassava,2001,513.22,37.0,25.22,90971.7
China,Potatoes,1994,2972.03,124.05,13.87,73443.4
China,Plantains and others,1996,1424.61,21.27,13.04,72932.7
United States,Sorghum,1990,517.08,21.05,28.4,14738.5
South Africa,Maize,2014,1208.84,36.8,13.07,36410.8
Indonesia,Cassava,2006,2375.03,19.57,25.74,51291.2
Nigeria,Soybeans,1996,1236.97,25.06,28.63,24932.9
South Africa,Cassava,2021,2928.49,49.66,32.94,20805.9
Brazil,Sorghum,1995,2075.76,32.06,26.75,9011.4
Egypt,Sweet potatoes,2018,1279.17,64.35,12.84,164383.2
South Africa,Yams,2016,1804.03,39.59,18.43,96181.8
Brazil,Soybeans,1993,2942.32,15.83,28.68,8703.2
India,Soybeans,2020,254.71,76.39,14.91,21373.6
Argentina,Maize,2010,573.33,102.16,29.49,54251.9
France,Sorghum,2023,2251.32,149.63,31.72,5878.0
Japan,Sweet potatoes,2022,2614.96,79.03,21.93,73952.5
Mexico,Soybeans,2006,353.63,45.49,26.74,24389.9
Egypt,Rice,2018,420.7,16.6,30.57,48620.0
United States,Sorghum,2004,2766.32,8.74,18.62,9266.8
France,Plantains and others,2015,1227.99,8.25,30.99,59262.3
India,Maize,2021,2510.22,35.15,24.2,23988.5
Indonesia,Potatoes,2007,660.34,25.69,13.74,237655.8
Mexico,Yams,1991,2439.28,26.37,17.78,38177.8
China,Yams,2006,2764.33,41.55,17.31,41566.8
Canada,Sorghum,1996,1538.84,108.86,16.16,19182.9
Nigeria,Soybeans,2020,2047.91,60.87,17.5,19828.3
Brazil,Potatoes,2019,299.54,16.95,26.02,160044.2
United States,Cassava,1994,1774.39,6.25,37.17,36432.8
Indonesia,Wheat,2014,1369.19,117.04,38.0,17818.0
Brazil,Yams,2004,2994.81,27.12,19.21,39875.2
Nigeria,Potatoes,2003,1267.27,7.61,21.04,219590.6
Mexico,Sorghum,1995,1032.95,64.36,19.34,19208.5
France,Sorghum,2023,426.97,30.35,19.85,19578.9
Germany,Plantains and others,1997,1703.84,366.33,30.67,45276.2
Canada,Cassava,2015,909.25,32.45,36.76,68947.8
Brazil,Wheat,2000,2956.79,19.64,36.49,6327.9
United States,Yams,2013,2033.07,19.46,23.55,74026.9
Japan,Soybeans,1998,2793.12,84.15,37.58,5146.7
South Africa,Rice,1997,2082.83,42.18,21.64,35927.2
Mexico,Sorghum,2017,2583.1,128.88,23.99,9845.0
Germany,Potatoes,1993,1053.14,19.37,37.15,79974.0
Japan,Yams,2014,724.21,13.61,27.8,75830.6
India,Wheat,2002,2245.69,75.75,36.91,7303.4
Indonesia,Plantains and others,2010,1877.48,50.96,12.08,66278.8
Indonesia,Plantains and others,1990,1747.46,51.63,22.73,86643.4
Argentina,Wheat,1994,1761.13,26.33,20.01,24532.2
Australia,Soybeans,2007,1300.18,8.89,28.47,23911.6
India,Soybeans,2011,601.33,73.15,26.28,34789.0
India,Sweet potatoes,2013,1429.02,60.04,28.95,120736.5
Japan,Maize,2023,1484.41,29.88,18.92,48549.4
China,Yams,2023,2722.69,138.31,27.09,36092.1
Japan,Potatoes,2016,1286.13,95.73,33.41,88118.5
Japan,Wheat,1997,1777.34,67.86,16.07,21160.2
United States,Potatoes,2019,1940.08,8.77,15.58,162392.9
Canada,Plantains and others,2004,1881.33,186.16,31.64,42849.3
Australia,Cassava,1990,1642.49,95.87,14.77,104499.1
China,Soybeans,1999,2505.16,163.97,16.15,7687.3
Japan,Potatoes,2020,502.35,36.29,28.53,158904.0
Australia,Sweet potatoes,1999,2068.91,18.07,15.05,91107.6
Mexico,Soybeans,2016,1681.39,6.15,27.74,21160.2
Japan,Sweet potatoes,2022,2139.61,27.31,17.05,82424.6
Australia,Potatoes,2010,2823.58,8.19,22.17,81809.2
Indonesia,Wheat,2021,459.31,44.01,15.16,45072.9
India,Potatoes,2020,392.81,40.75,28.11,179984.6
Indonesia,Rice,2015,2485.43,12.59,32.66,24827.3
France,Sweet potatoes,2004,2028.2,63.16,23.78,98053.0
China,Cassava,2011,2975.82,23.5,32.28,24381.8
Nigeria,Maize,2019,1146.39,10.64,19.65,68304.9
India,Sweet potatoes,2006,981.62,39.72,20.07,172059.3
Australia,Sorghum,2005,2276.91,25.43,27.81,7996.4
Nigeria,Rice,2001,2571.43,34.44,30.27,21002.6
Egypt,Yams,2013,1428.84,122.24,26.95,100594.1
Canada,Soybeans,2007,272.92,5.66,24.11,27553.5
Mexico,Wheat,2007,771.04,271.59,18.09,39623.4
Argentina,Sweet potatoes,2021,469.84,79.52,32.79,79416.4
Mexico,Sweet potatoes,2002,1848.33,17.85,14.16,108722.5
Nigeria,Potatoes,1996,1754.7,13.11,34.06,69071.4
South Africa,Yams,2008,2113.94,6.3,35.16,21531.4
Indonesia,Cassava,1994,2288.92,15.61,34.77,23306.6
Mexico,Maize,2001,570.9,35.5,13.13,33009.5
Brazil,Sweet potatoes,1993,930.37,74.18,13.25,115987.0
Japan,Potatoes,1996,461.99,10.2,29.28,106830.7
United States,Sorghum,1997,2859.93,16.16,13.83,7022.4
Germany,Sorghum,2017,879.99,109.36,21.42,23227.5
Brazil,Yams,1995,2234.87,99.53,25.77,38315.1
Indonesia,Soybeans,1996,549.61,21.79,16.39,25713.1
Egypt,Maize,1993,909.91,16.29,23.82,51869.4
Canada,Potatoes,2003,1981.91,16.42,17.96,151893.0
Nigeria,Cassava,1990,1164.71,28.03,27.06,98064.2
Germany,Wheat,1998,1800.08,61.73,16.09,29150.4
United States,Wheat,2014,731.77,26.91,13.01,40151.7
Mexico,Potatoes,2010,910.81,35.75,26.01,162350.7
Japan,Sorghum,1990,1398.07,20.24,20.18,16680.4
Brazil,Sweet potatoes,2004,752.05,27.19,16.75,135585.5
China,Sweet potatoes,1997,882.92,168.46,23.23,146903.3
Egypt,Potatoes,2004,684.04,92.96,36.41,105077.8
Nigeria,Cassava,2002,1577.61,17.36,16.7,122239.4
Brazil,Sweet potatoes,2001,826.98,46.24,31.68,85184.6
Australia,Plantains and others,1993,2980.47,18.05,18.9,34682.5
United States,Soybeans,1996,1038.09,72.13,16.25,23860.0
Canada,Maize,2003,1081.72,25.32,29.92,49475.0
China,Soybeans,2016,1458.06,30.04,27.52,25235.5
France,Rice,2020,1583.5,17.04,26.36,50413.0
India,Potatoes,2023,1622.02,33.43,25.1,144914.1
Australia,Wheat,2009,490.05,27.42,22.73,36052.6
Canada,Sorghum,2010,2439.88,39.13,13.34,9144.2
Canada,Maize,1990,2391.25,17.59,12.67,11908.7
Indonesia,Maize,2019,258.89,12.95,12.49,32961.9
Canada,Sorghum,1990,2605.75,10.11,21.49,7041.7
France,Cassava,2001,723.31,85.84,19.86,111954.7
India,Wheat,1995,1288.71,6.93,14.17,30890.1
Japan,Sorghum,2014,2831.28,64.73,29.1,5850.6
Mexico,Soybeans,1994,1120.18,14.36,34.84,16122.8
China,Maize,2016,2691.71,25.75,17.9,18343.7
Japan,Maize,2006,975.81,147.64,19.73,46174.0
Indonesia,Rice,2010,1325.82,15.16,13.13,37798.5
India,Sweet potatoes,2013,2055.84,8.39,26.29,84475.4
South Africa,Maize,2009,548.53,5.08,30.15,39318.1
Brazil,Wheat,1993,2841.98,53.48,34.97,5126.3
Australia,Plantains and others,2014,473.73,163.74,23.2,115579.6
Egypt,Maize,2020,2358.54,43.9,17.4,23259.3
Egypt,Sweet potatoes,2014,1385.69,21.89,36.99,78650.4
United States,Yams,2001,1174.26,14.49,23.62,112924.6
United States,Yams,1991,428.75,58.76,30.13,69189.7
Nigeria,Rice,1992,2911.71,30.6,34.05,13690.8
Brazil,Potatoes,2010,2237.55,112.3,31.72,47930.8
Nigeria,Sweet potatoes,1990,2523.41,34.32,13.74,61559.1
China,Plantains and others,1998,2189.39,18.6,29.12,34508.1
Australia,Sorghum,2020,1652.74,102.94,12.64,19648.2
Australia,Maize,2001,2957.87,12.59,28.36,21812.3
China,Soybeans,2017,533.9,170.89,13.87,19806.0
Australia,Potatoes,2012,935.75,57.98,36.04,105885.2
Australia,Maize,2016,971.85,10.07,12.49,31250.2
South Africa,Plantains and others,2005,1610.49,53.24,26.58,65067.1
Canada,Plantains and others,2007,366.78,31.41,14.89,87770.4
Canada,Rice,2001,745.36,6.16,26.72,51299.2
India,Yams,1995,589.51,49.97,36.89,47211.2
China,Potatoes,2003,1192.63,13.04,25.16,167980.7
United States,Potatoes,2015,1139.59,37.21,27.51,172392.3
Mexico,Wheat,2017,2406.21,8.87,27.96,10045.2
Australia,Sweet potatoes,2001,991.57,61.86,24.29,156591.6
Japan,Plantains and others,2017,2508.34,116.97,34.09,17630.2
Australia,Wheat,2008,1399.91,169.95,32.28,20071.9
Nigeria,Plantains and others,2006,1956.48,119.46,33.32,30262.8
Brazil,Potatoes,2009,652.46,13.03,23.68,165980.0
Australia,Maize,2011,1483.73,64.3,25.35,53899.6
China,Rice,1999,2608.76,48.06,16.06,14567.6
France,Sweet potatoes,2004,2078.51,72.02,22.85,94677.6
China,Potatoes,2014,1110.97,6.17,16.15,203622.0
China,Soybeans,2022,1545.48,163.38,15.62,21833.9
India,Rice,1998,1480.08,40.85,33.45,34509.2
South Africa,Wheat,1997,1174.77,138.21,18.97,32089.8
Nigeria,Wheat,2021,2215.62,41.59,28.15,18945.4
Argentina,Cassava,1999,655.41,102.67,18.91,119775.3
Germany,Yams,1990,612.46,13.65,33.62,36056.5
France,Sweet potatoes,2000,2970.64,15.46,13.32,53020.8
Japan,Plantains and others,2017,1597.21,26.92,17.48,80968.4
India,Soybeans,2023,266.22,42.88,18.54,23379.4
South Africa,Soybeans,2011,2518.7,30.37,13.41,7287.7
India,Cassava,2020,2136.31,75.1,34.38,34496.1
Germany,Maize,2021,1061.11,16.59,30.15,54522.7
Australia,Cassava,1991,387.9,30.83,33.88,42687.9
Germany,Wheat,2017,2008.09,42.66,28.76,17878.5
Egypt,Plantains and others,2012,1274.68,20.41,13.48,87891.1
Japan,Potatoes,2003,699.08,6.27,20.25,173851.4
Japan,Rice,2000,703.92,27.25,31.53,36303.3
Australia,Rice,2013,2651.78,37.51,34.97,13657.9
United States,Potatoes,1999,1340.87,163.33,22.81,200302.6
Nigeria,Plantains and others,2017,2417.89,15.04,15.97,45565.4
Argentina,Sorghum,2018,1796.38,6.81,19.69,16898.1
Japan,Soybeans,2013,415.8,126.39,28.17,23375.8
Australia,Wheat,1997,2032.85,25.91,30.68,15496.4
Germany,Plantains and others,1997,793.88,7.57,36.19,38089.2
India,Potatoes,1996,962.16,6.89,31.74,87517.0
Indonesia,Sorghum,2023,2546.13,45.51,36.19,3888.3
Nigeria,Potatoes,2012,1719.88,81.11,35.04,80853.4
Egypt,Maize,1993,2416.44,11.77,17.29,20717.3
India,Cassava,1990,1958.29,146.44,24.54,73956.8
Nigeria,Yams,2011,2129.54,10.87,32.47,31728.8
Mexico,Yams,1996,1788.95,73.53,32.45,38014.7
South Africa,Cassava,2018,2372.46,31.84,36.35,22481.5
Australia,Sorghum,2011,2737.06,113.59,27.72,8015.9
Mexico,Sweet potatoes,2019,2364.26,52.56,15.16,67400.0
Germany,Yams,1994,2393.69,277.66,28.74,30410.2
Japan,Cassava,2006,966.28,20.08,13.92,106025.1
South Africa,Rice,2006,2242.61,56.82,36.18,17611.5
Japan,Sweet potatoes,2003,397.38,58.18,23.99,137159.7
Indonesia,Cassava,2000,783.57,117.21,37.85,55477.3
Australia,Yams,2009,731.97,85.87,23.9,127795.7
Japan,Potatoes,2003,1702.24,114.91,31.98,81613.9
Japan,Cassava,1992,1504.66,112.58,12.99,99647.4
United States,Potatoes,1999,1609.38,49.9,30.48,119189.4
South Africa,Sorghum,1992,567.95,44.4,17.5,16766.4
India,Rice,2002,2634.39,125.39,27.78,19837.2
Canada,Sweet potatoes,2016,298.87,5.5,27.25,154434.8
Nigeria,Plantains and others,1992,1011.4,22.27,20.13,100605.1
Canada,Wheat,1992,1040.08,9.9,32.23,16946.1
Argentina,Maize,1991,1847.67,50.63,12.08,18125.0
Indonesia,Plantains and others,1994,1741.6,36.31,26.95,76057.6
Egypt,Rice,2001,2474.81,24.55,22.46,28183.3
China,Sorghum,2001,528.52,121.44,17.97,19715.3
Egypt,Soybeans,2009,578.41,39.61,21.05,34322.5
France,Wheat,2006,537.7,329.76,21.78,42192.8
Japan,Rice,2011,2050.09,15.89,12.08,21015.5
Germany,Rice,2004,2547.48,11.5,27.63,16929.8
Argentina,Maize,2009,2713.24,57.5,18.87,19367.9
South Africa,Plantains and others,2018,248.56,88.35,32.62,37948.3
Australia,Maize,2000,973.27,67.26,14.52,45324.9
Egypt,Wheat,2013,255.69,25.87,33.35,14490.3
Indonesia,Plantains and others,1992,632.8,48.63,29.48,67846.6
Argentina,Soybeans,2014,2235.95,56.27,35.47,9160.0
Indonesia,Cassava,2008,1425.61,9.99,30.65,80003.3
Australia,Sweet potatoes,2017,1592.36,19.15,23.6,158634.9
South Africa,Sweet potatoes,1990,1070.95,206.25,12.17,124149.2
United States,Maize,2005,2007.28,90.71,13.72,28179.9
Germany,Yams,2019,1751.94,13.19,13.57,84787.6
Nigeria,Sweet potatoes,2018,1027.43,13.6,31.15,101138.3
Japan,Yams,2017,747.53,5.41,18.87,109616.4
Canada,Potatoes,2010,580.14,43.88,22.09,240445.1
United States,Sweet potatoes,1997,2987.9,6.34,25.09,69247.5
Indonesia,Plantains and others,2015,1143.71,54.53,27.71,77303.8
Mexico,Maize,1998,1905.89,67.99,19.19,33897.5
South Africa,Plantains and others,1994,2018.56,35.64,20.08,54528.0
Canada,Soybeans,1994,1398.63,239.48,35.86,16405.7
Brazil,Yams,1994,904.74,62.73,30.87,52573.0
France,Sweet potatoes,1997,2768.92,6.34,28.59,39943.5
Mexico,Potatoes,2000,2666.46,80.52,14.67,71233.5
Brazil,Plantains and others,1994,2485.54,62.31,34.39,12770.4
Japan,Soybeans,2018,2582.68,7.59,26.32,10107.8
Australia,Sorghum,2017,1571.18,50.36,31.25,13252.1
Brazil,Cassava,2000,779.26,19.1,21.37,106975.1
Canada,Rice,2005,507.15,16.91,15.36,40545.5
Germany,Potatoes,2015,2636.99,55.23,27.01,65122.1
France,Soybeans,1997,1025.58,38.63,30.95,22223.7
Mexico,Rice,2007,1471.75,36.23,31.38,40728.6
France,Plantains and others,2001,549.21,133.56,27.11,69962.0
Nigeria,Soybeans,2013,2503.57,154.95,19.28,11028.8
Indonesia,Yams,1994,2789.11,25.62,14.29,46194.9
Germany,Potatoes,2017,943.0,67.74,30.93,141844.9
Mexico,Rice,2001,758.49,72.25,36.05,27038.0
Egypt,Sweet potatoes,2017,1614.95,47.25,13.84,178748.8
Mexico,Soybeans,1999,619.27,69.02,16.08,20041.1
Mexico,Plantains and others,1997,709.3,56.24,23.26,86784.4
Brazil,Maize,2011,538.81,17.06,22.26,49712.0
Argentina,Potatoes,1999,1444.52,22.34,33.05,86875.1
Egypt,Sorghum,2001,2196.73,21.19,15.29,9611.1
Nigeria,Rice,2008,2974.32,29.08,29.04,20433.4
Nigeria,Plantains and others,2007,1402.26,34.84,29.14,60674.4
Indonesia,Soybeans,2008,1103.15,14.53,22.51,32380.1
South Africa,Plantains and others,2010,1627.62,11.83,29.61,54175.5
Nigeria,Maize,2014,2047.07,43.57,12.18,21428.6
United States,Yams,2005,1537.7,47.72,24.93,99035.1
Brazil,Cassava,2020,2914.06,47.75,19.46,56017.6
Egypt,Potatoes,2002,2615.38,38.29,14.64,94660.1
India,Plantains and others,2018,1983.73,17.56,15.79,60229.2
South Africa,Sorghum,2014,811.25,168.67,16.73,24946.2
Mexico,Rice,2001,2962.86,360.55,22.03,18751.1
Brazil,Sorghum,2016,1535.32,50.03,21.52,19633.8
Japan,Potatoes,2022,2774.09,16.17,24.77,77667.2
China,Cassava,2007,893.08,58.33,31.73,62405.0
South Africa,Maize,2017,2610.92,53.48,20.03,21978.2
Canada,Sorghum,1995,2203.49,35.55,34.67,4048.2
Indonesia,Maize,2022,2629.17,38.15,15.53,22492.2
France,Wheat,2008,1582.01,15.33,27.6,25197.5
Germany,Sorghum,2006,910.58,23.36,34.35,7561.4
Brazil,Cassava,2021,962.49,60.13,28.32,103491.1
Germany,Maize,2011,1995.11,8.63,23.86,32045.2
Canada,Plantains and others,2004,1685.24,14.29,30.74,47205.8
South Africa,Rice,2004,922.07,53.55,26.57,41463.4
Germany,Sweet potatoes,1990,2261.51,40.15,32.35,30902.2
Japan,Yams,1996,2875.98,70.51,22.89,40784.6
Nigeria,Plantains and others,2013,222.07,97.57,35.47,45704.2
Argentina,Sorghum,1995,699.15,39.11,28.6,15321.6
Indonesia,Sweet potatoes,1993,1825.32,5.14,20.79,118607.6
China,Plantains and others,1999,1069.07,52.46,27.91,67309.1
Argentina,Yams,1993,1835.16,105.93,13.3,70993.2
Indonesia,Sorghum,2023,2045.65,8.21,16.54,15841.0
Brazil,Sweet potatoes,2013,1749.83,28.86,37.93,47531.1
Argentina,Wheat,2006,2600.84,60.65,28.99,10665.3
United States,Rice,1991,2924.55,8.44,29.98,16707.9
India,Plantains and others,2008,1636.17,61.25,35.58,37803.5
Brazil,Soybeans,1997,2283.72,49.65,12.33,6336.3
Mexico,Yams,2009,302.65,41.6,28.45,81911.7
Nigeria,Rice,1996,1394.59,54.22,20.95,54726.9
Canada,Sweet potatoes,2010,2344.44,21.87,28.46,47227.6
Nigeria,Rice,1996,921.09,57.07,17.0,44055.5
Germany,Potatoes,2021,1197.95,107.32,19.74,234959.3
United States,Plantains and others,2006,1100.03,30.29,19.0,115649.9
United States,Maize,2003,2887.96,14.05,17.85,19793.2
Japan,Yams,2007,834.61,28.57,16.14,99623.8
Brazil,Potatoes,2001,2987.43,23.7,33.98,30145.2
United States,Potatoes,2013,586.64,123.22,18.76,218864.6
Argentina,Rice,2001,1770.88,27.23,14.3,35425.9
Argentina,Soybeans,1991,302.06,62.99,29.45,19723.5
China,Plantains and others,1992,1442.63,19.87,13.24,63113.3
Brazil,Potatoes,2008,1131.68,35.18,29.71,126152.7
Germany,Maize,2016,399.42,63.42,26.64,48384.2
Mexico,Cassava,2022,448.62,90.43,16.81,142298.1
Brazil,Soybeans,2011,1060.58,45.62,30.5,23398.7
Australia,Rice,2012,1705.4,113.74,23.63,52499.3
Indonesia,Sorghum,2017,781.75,37.38,26.89,21816.2
India,Rice,2002,781.08,10.81,19.22,40940.9
Japan,Soybeans,2001,1989.99,43.07,27.15,16888.5
Nigeria,Sorghum,2015,2629.35,79.78,26.38,8143.9
Indonesia,Rice,2020,1512.04,17.65,33.67,45632.7
France,Sorghum,1997,1602.71,21.29,30.78,8304.6
Nigeria,Cassava,2017,742.91,24.44,21.23,145209.6
Japan,Sweet potatoes,2004,520.75,5.01,35.11,60076.2
Nigeria,Potatoes,2020,798.29,25.83,25.89,213131.6
India,Rice,2009,782.65,16.0,27.48,52387.9
France,Potatoes,2016,2616.36,7.99,28.01,67825.8
Egypt,Potatoes,2019,2963.37,27.12,21.5,104215.5
China,Yams,2013,1961.7,144.56,26.84,69263.2
India,Potatoes,2012,1156.6,61.21,14.91,215835.2
Argentina,Wheat,2006,1589.34,8.15,32.93,14090.0
China,Cassava,2010,2013.57,13.77,17.05,71368.9
Canada,Sweet potatoes,2023,1667.59,14.49,37.24,70335.6
South Africa,Sweet potatoes,1991,2688.26,69.0,27.29,51848.1
Mexico,Wheat,1994,1831.68,42.16,22.69,24617.2
Egypt,Sweet potatoes,2023,2464.49,27.7,16.83,85326.5
Nigeria,Rice,2010,255.7,69.63,15.89,34033.5
Mexico,Potatoes,2005,2337.4,43.6,17.68,85860.4
Canada,Potatoes,2012,1247.44,156.07,22.2,265305.0
India,Maize,2000,503.36,20.94,27.09,46405.0
Germany,Sorghum,2011,641.11,22.11,20.93,21072.7
India,Potatoes,2023,2671.55,81.91,21.91,99616.1
Australia,Maize,2006,1229.51,8.98,23.78,45619.8
India,Sweet potatoes,2002,2509.66,26.92,17.18,61121.4
Nigeria,Soybeans,2003,2998.31,64.72,15.28,8787.4
India,Soybeans,1992,2650.11,15.71,15.92,8336.9
Nigeria,Rice,2012,1364.01,62.69,22.33,52526.5
Indonesia,Cassava,2001,281.54,7.39,25.24,102696.9
Australia,Maize,1995,635.91,64.9,26.4,59294.4
France,Cassava,1999,2877.64,25.99,27.19,38160.4
Germany,Soybeans,2014,676.89,22.46,26.2,30258.9
South Africa,Wheat,2004,1141.44,14.47,29.83,19745.3
Australia,Potatoes,1996,454.36,28.61,35.12,76045.5
Argentina,Rice,1992,940.09,7.29,24.93,45286.4
Mexico,Soybeans,2015,911.36,47.73,16.44,23800.4
South Africa,Potatoes,2019,1698.99,8.68,24.17,159509.7
Indonesia,Sweet potatoes,1997,2587.05,100.89,26.27,60203.2
Egypt,Yams,2014,546.29,91.4,31.77,73913.1
Canada,Potatoes,1996,1180.98,20.72,15.9,197948.9
Brazil,Yams,2016,2366.67,47.77,23.16,46663.1
Brazil,Sorghum,1999,2725.83,38.6,20.7,7045.2
United States,Sweet potatoes,2016,1385.25,22.71,16.55,178832.7
France,Sorghum,2016,2119.98,199.6,17.61,12638.8
Nigeria,Yams,2023,1846.49,15.47,22.13,95771.8
China,Rice,2018,976.57,32.7,24.98,45697.4
Mexico,Sorghum,1996,1105.1,56.72,34.11,8367.2
Canada,Cassava,1999,1362.49,13.38,13.38,97426.5
Nigeria,Sorghum,2015,1595.55,56.34,18.5,23765.9
France,Wheat,2005,653.88,35.52,23.5,35880.4
Germany,Rice,1995,1538.97,71.27,30.32,39198.4
United States,Sorghum,1999,851.56,15.57,25.54,18585.3
United States,Sorghum,2000,2792.85,33.73,36.56,3666.6
Japan,Yams,1991,1657.37,13.89,36.13,30121.5
France,Rice,1990,1944.99,92.41,13.76,25622.6
Brazil,Sweet potatoes,2005,1539.45,41.09,35.33,50305.7
Brazil,Potatoes,1995,1774.86,36.89,29.37,86088.9
South Africa,Soybeans,2005,1642.24,35.45,36.75,11043.6
Brazil,Sweet potatoes,2001,2148.85,17.07,13.14,67882.7
Canada,Yams,2013,943.13,48.59,24.6,126229.1
India,Sorghum,1993,308.82,14.1,31.02,8102.2
Canada,Wheat,2021,994.77,16.23,33.86,17576.0
France,Sorghum,2004,922.41,36.22,33.46,9137.3
Germany,Soybeans,2013,2750.11,62.62,28.09,11825.6
China,Soybeans,2002,1816.41,60.8,28.94,17810.3
China,Maize,2005,687.64,36.19,12.4,31906.7
South Africa,Cassava,2015,1243.83,10.79,13.71,117568.8
United States,Rice,2005,2954.2,10.67,26.38,21384.1
United States,Plantains and others,2002,2433.75,9.51,21.33,43902.9
Japan,Cassava,1997,1528.89,5.42,31.28,55622.5
Canada,Cassava,2007,1951.4,146.32,27.03,76136.3
Brazil,Plantains and others,2021,551.64,159.48,21.0,105360.1
Egypt,Potatoes,1998,2617.78,69.61,31.33,50948.3
Australia,Maize,2008,2182.46,43.94,37.12,14058.7
Australia,Cassava,2013,400.74,250.4,30.57,79222.6
Australia,Wheat,2014,1639.95,125.29,33.06,15505.1
China,Wheat,2007,1744.61,48.36,23.25,23664.9
China,Soybeans,1992,1543.57,79.42,32.53,17848.3
Egypt,Yams,2000,1268.91,23.91,12.04,107444.6
United States,Cassava,2005,1892.88,233.86,13.51,82581.0
Brazil,Soybeans,2020,2758.3,93.37,35.98,5855.6
Japan,Cassava,1995,921.53,75.56,24.3,105920.7
Australia,Cassava,2023,1119.42,32.0,23.23,153374.8
United States,Cassava,2022,2305.04,24.04,25.58,63485.9
India,Plantains and others,1994,2664.27,35.19,31.91,18795.2
France,Rice,2022,2458.49,8.7,14.33,19229.4
Argentina,Maize,2001,899.19,450.91,33.38,47258.8
Germany,Soybeans,2016,2124.14,63.83,35.35,9955.7
Germany,Potatoes,2020,2378.16,37.2,14.71,93759.6
United States,Maize,2017,1109.68,133.64,15.44,44090.0
Nigeria,Sweet potatoes,2022,2976.92,97.95,29.71,49263.9
Japan,Plantains and others,2021,2392.14,56.91,17.95,45974.7
Germany,Plantains and others,1991,2243.81,227.57,27.95,31572.3
Germany,Potatoes,1995,2316.79,59.65,16.05,80071.7
Nigeria,Sweet potatoes,1996,1280.87,14.78,33.54,61942.7
France,Soybeans,2011,2178.24,42.53,14.73,11190.8
Mexico,Potatoes,2010,1600.69,42.27,24.93,174602.9
Egypt,Soybeans,2003,2060.83,83.63,33.87,14016.8
Nigeria,Plantains and others,2006,2954.93,75.66,31.3,24313.9
Mexico,Potatoes,2019,2936.5,145.24,19.91,85107.4
France,Plantains and others,1998,2941.27,38.62,36.77,12934.3
France,Potatoes,2002,2261.51,17.26,25.09,81394.9
Germany,Rice,2001,2214.62,177.38,19.28,34091.2
France,Plantains and others,2016,1225.14,112.36,35.4,43487.3
Mexico,Maize,2019,1790.88,65.33,28.13,40580.3
Japan,Rice,2013,2590.6,43.59,16.29,18610.6
Germany,Sweet potatoes,2016,265.26,5.99,23.36,118450.8
France,Potatoes,2016,2883.71,21.7,37.17,42224.6
United States,Yams,1994,2732.79,5.19,22.45,43123.2
Canada,Maize,2000,1739.56,9.05,32.2,39174.1
Mexico,Potatoes,2022,351.55,71.85,24.15,214947.9
Germany,Wheat,2014,2432.97,15.41,28.88,10087.9
Australia,Rice,1993,2994.95,71.08,34.15,13409.5
China,Yams,2005,277.36,28.47,35.27,38711.4
Nigeria,Rice,1992,2759.04,5.79,13.28,11031.9
Australia,Sweet potatoes,1994,1829.61,9.13,29.34,81398.5
India,Soybeans,1990,2245.03,90.76,15.51,8069.5
France,Cassava,2007,619.74,26.0,30.26,74136.5
Egypt,Cassava,2020,1089.34,132.16,30.16,97636.5
Nigeria,Yams,1994,1560.59,11.1,23.1,93982.4
China,Rice,2007,2306.71,24.92,22.69,28300.6
China,Maize,2010,2191.7,22.19,15.48,18004.9
Argentina,Cassava,2008,1551.69,9.59,25.81,88125.0
France,Sorghum,1996,1391.01,6.29,36.83,7174.5
Brazil,Sorghum,1995,834.33,101.61,22.78,17063.1
Indonesia,Plantains and others,1992,2126.23,47.77,16.33,59146.8
South Africa,Sweet potatoes,2019,1258.77,8.01,34.4,66776.1
Japan,Soybeans,2005,1688.21,40.91,16.61,18013.9
Mexico,Rice,2013,403.74,124.92,37.5,19259.8
Germany,Wheat,2012,1336.17,106.87,19.28,39763.2
Egypt,Sweet potatoes,2023,2372.1,5.83,30.55,48987.0
Brazil,Plantains and others,2009,1621.91,65.28,34.44,35289.4
Canada,Wheat,1995,2449.01,20.26,18.66,15463.7
China,Cassava,2019,2125.16,107.64,13.23,62078.2
France,Wheat,2002,377.53,53.09,33.32,14196.4
Japan,Wheat,1994,2411.96,12.24,21.03,11772.7
Germany,Soybeans,2014,2247.47,141.08,21.7,12734.0
South Africa,Maize,1992,1932.02,77.28,33.43,25869.9
Australia,Rice,1995,2010.35,45.45,31.51,35857.4
China,Wheat,2015,508.96,12.02,21.77,29604.7
Japan,Plantains and others,2016,1489.02,35.94,23.79,82947.6
France,Rice,2020,2986.45,5.73,25.0,19229.4
France,Yams,1997,1851.22,64.74,18.58,73485.8
Brazil,Sorghum,2018,1694.11,58.26,22.84,16783.2
Argentina,Cassava,2006,1348.52,35.14,24.77,112690.4
Canada,Plantains and others,2012,2254.41,12.38,17.9,48428.2
France,Wheat,2017,405.72,22.16,32.26,15175.4
South Africa,Rice,1992,253.56,11.96,35.18,20573.9
Canada,Sorghum,2001,2506.7,62.75,36.96,3916.7
Egypt,Wheat,2013,2496.72,176.45,28.06,15324.0
China,Cassava,1994,603.32,59.29,34.6,46390.3
Australia,Sweet potatoes,2003,2518.08,23.78,27.44,55466.4
South Africa,Potatoes,1991,2817.54,38.81,12.44,61547.9
China,Potatoes,2017,2512.67,23.77,33.11,33295.2
China,Rice,1991,312.83,13.15,37.0,14403.8
Canada,Sorghum,1996,2304.59,182.24,31.2,4898.8
Argentina,Plantains and others,2000,288.01,60.12,15.77,88972.3
China,Cassava,2021,2476.57,31.15,33.24,23674.1
Canada,Potatoes,2003,565.16,48.97,19.85,224919.7
Egypt,Sweet potatoes,2017,1509.68,28.73,33.14,72736.2
South Africa,Maize,1991,2588.5,19.92,18.09,16812.8
Brazil,Wheat,2015,2624.57,12.07,23.77,11348.7
Canada,Soybeans,2023,1919.96,118.32,13.31,13772.8
Nigeria,Potatoes,1999,2286.77,14.28,22.6,77513.5
Egypt,Yams,2011,666.51,18.21,19.55,135746.0
United States,Wheat,2011,2451.17,133.11,22.49,16175.3
Argentina,Sweet potatoes,2004,2118.21,23.8,14.12,78664.3
Nigeria,Soybeans,1992,241.26,22.36,30.38,16525.7
South Africa,Rice,1996,2080.5,83.2,20.47,30415.1
Germany,Sweet potatoes,1992,1214.41,74.95,17.97,147618.9
Japan,Cassava,2012,1272.66,5.23,31.92,52209.3
Australia,Cassava,2001,786.31,62.18,25.83,106546.4
Indonesia,Rice,2023,2205.32,26.54,36.31,23622.8
United States,Soybeans,1996,2540.15,19.44,24.37,10812.8
Indonesia,Maize,1994,737.72,13.77,29.85,48799.9
United States,Plantains and others,2023,2553.2,27.33,22.57,49681.4
United States,Plantains and others,2010,789.05,36.83,15.46,112616.4
Egypt,Cassava,1991,923.4,108.69,23.1,137953.6
France,Soybeans,2015,1711.67,61.6,17.69,22418.0
Argentina,Potatoes,2023,2364.49,61.86,36.47,36818.1
Egypt,Plantains and others,2010,1170.14,70.66,30.58,69718.5
Australia,Sweet potatoes,2005,536.39,46.97,13.43,134096.3
Brazil,Rice,2010,1881.79,79.52,31.56,37085.3
Argentina,Cassava,2012,1555.53,70.42,17.7,122062.8
Indonesia,Maize,2016,1170.06,70.06,14.36,48112.0
Brazil,Maize,2012,930.04,29.35,20.0,44442.5
South Africa,Sweet potatoes,2017,1533.95,19.21,21.99,147938.2
Nigeria,Yams,2007,955.36,73.69,18.35,131448.1
Brazil,Sorghum,2012,2341.57,29.41,35.22,3103.8
France,Rice,1999,2475.48,77.78,35.26,15326.6
United States,Yams,2013,2222.86,55.22,20.58,57839.2
South Africa,Cassava,2013,2874.5,35.14,19.92,50374.4
Nigeria,Rice,2002,931.39,12.62,24.31,54705.0
Egypt,Maize,2016,587.53,27.22,24.4,67285.4
Australia,Maize,1995,2430.25,217.7,12.43,14541.0
South Africa,Yams,1998,543.64,75.88,13.71,93456.9
Canada,Cassava,2023,668.44,46.67,12.13,148400.3
Australia,Wheat,2018,2024.38,6.99,29.04,20805.7
Mexico,Sweet potatoes,2017,1697.53,155.75,15.94,159170.5
Nigeria,Cassava,1999,2416.76,200.27,30.16,32280.8
Argentina,Soybeans,2001,2924.63,68.02,28.61,10664.3
Japan,Rice,1993,1403.51,16.87,26.29,34679.3
China,Yams,2021,629.68,21.31,15.16,107703.1
South Africa,Sweet potatoes,1997,2562.61,279.56,22.15,52014.8
India,Potatoes,2021,2153.59,29.48,21.48,119726.3
South Africa,Rice,2011,1989.99,63.52,13.81,29784.9
Japan,Plantains and others,2023,2476.06,10.43,21.88,44412.9
Australia,Plantains and others,2015,1436.73,52.62,28.62,73208.7
Egypt,Sorghum,1990,492.07,72.29,25.1,19290.2
Japan,Plantains and others,2007,2503.72,127.26,29.77,20591.9
India,Cassava,2005,1095.11,49.19,17.08,131724.9
Canada,Maize,2011,256.68,25.6,33.64,40629.1
Mexico,Soybeans,1999,1868.16,35.33,13.5,11464.1
South Africa,Wheat,2020,2403.89,26.07,30.25,10339.9
South Africa,Sorghum,2000,2852.68,62.5,26.06,7406.6
India,Rice,2021,2302.4,25.55,14.67,23548.1
Canada,Sorghum,2022,2493.61,145.88,29.21,7898.4
Indonesia,Plantains and others,2016,744.74,111.34,29.31,84279.2
South Africa,Yams,2013,2777.41,12.12,33.7,16581.6
Brazil,Maize,2009,1883.74,10.48,30.72,26260.7
Egypt,Wheat,2012,798.79,66.3,26.06,40974.3
Nigeria,Sweet potatoes,1998,578.38,6.64,18.38,132565.3
South Africa,Sorghum,2011,2676.42,38.08,21.01,8274.1
Germany,Sweet potatoes,1999,1086.24,246.26,21.38,140526.3
France,Sorghum,2018,1726.62,8.51,34.95,7113.7
India,Sorghum,2005,2199.67,113.17,23.65,10971.4
Brazil,Sweet potatoes,2014,2153.48,78.72,37.2,36192.0
United States,Soybeans,2013,2681.23,18.7,21.65,12581.3
France,Soybeans,2020,2951.78,160.34,12.52,8170.4
China,Potatoes,1994,2868.31,89.51,28.0,52617.2
Japan,Potatoes,2001,1289.88,14.25,26.5,151252.5
France,Sweet potatoes,1990,2907.03,53.72,28.59,50541.9
Australia,Rice,1993,1620.42,21.08,21.36,37959.2
Mexico,Sweet potatoes,2014,2662.49,21.9,20.58,61117.7
Egypt,Plantains and others,2000,339.68,84.29,17.53,114798.0
China,Plantains and others,2000,315.96,240.3,36.32,33429.4
India,Maize,2000,2571.13,27.76,31.34,18034.4
Australia,Sorghum,2001,2013.6,31.16,29.94,8525.9
China,Sweet potatoes,1991,1985.25,14.65,24.92,84973.9
Indonesia,Rice,2017,2593.32,74.64,36.87,14355.7
Germany,Sweet potatoes,1994,747.42,109.78,24.13,145919.5
Argentina,Plantains and others,1997,1929.21,33.61,24.78,58526.3
Nigeria,Plantains and others,2015,1046.25,72.28,16.78,124765.6
Germany,Sweet potatoes,2013,2375.04,24.46,14.57,66500.5
United States,Potatoes,2003,2702.74,55.59,12.04,75221.4
United States,Soybeans,2012,2898.13,34.43,17.8,12398.7
Egypt,Wheat,2004,491.35,5.06,36.75,16125.3
Indonesia,Potatoes,1994,641.3,30.02,14.79,206035.7
Argentina,Potatoes,2022,1877.08,52.69,25.64,151369.4
Indonesia,Wheat,2021,1663.95,48.18,31.44,21214.4
India,Yams,2005,2208.97,82.22,32.5,28030.1
Argentina,Sorghum,2019,361.94,49.65,12.44,19217.5
India,Cassava,2006,701.61,26.31,28.66,100666.6
India,Plantains and others,1992,2773.15,16.36,22.75,36287.8
Nigeria,Potatoes,2017,2546.76,52.25,34.63,36128.4
Australia,Yams,1999,528.54,132.79,30.43,63517.8
Japan,Sorghum,2017,2784.67,12.95,29.02,5897.8
Mexico,Sweet potatoes,2017,1533.41,39.73,12.14,136107.3
Brazil,Potatoes,2016,2164.94,94.5,24.87,107550.9
France,Sorghum,2022,1206.72,15.01,31.93,11034.4
Brazil,Sorghum,2011,1819.94,167.64,36.78,6228.5
United States,Wheat,1998,2877.87,47.35,28.79,10468.4
Nigeria,Plantains and others,1991,2929.04,32.93,24.25,30555.5
Indonesia,Rice,1999,455.16,20.84,32.06,39662.9
South Africa,Yams,1994,2366.76,132.86,15.66,39422.0
Nigeria,Potatoes,2004,2798.07,15.14,27.76,73062.9
Nigeria,Sorghum,2015,974.33,17.98,15.81,24571.7
Germany,Yams,2018,2989.28,64.14,16.06,44457.3
Egypt,Cassava,2007,2118.42,15.21,25.31,79157.2
Egypt,Wheat,2003,1180.06,16.53,31.07,22400.1
Australia,Sweet potatoes,1990,2881.3,76.61,33.05,28814.1
Brazil,Maize,2021,1538.19,7.1,34.97,30261.9
Canada,Rice,2017,724.76,108.86,32.35,44560.0
Australia,Sorghum,2010,735.88,49.15,27.82,16576.9
Australia,Wheat,1994,1902.84,51.17,29.55,16979.4
China,Sorghum,1998,301.7,39.17,26.17,14229.4
Argentina,Rice,2008,2228.91,50.6,19.72,34274.8
Indonesia,Maize,2001,1274.95,60.23,36.4,32187.1
Canada,Yams,2016,1933.33,58.61,27.36,80163.8
Egypt,Potatoes,2015,969.0,7.91,37.71,89746.7
South Africa,Sorghum,2003,1338.46,8.04,22.44,18588.4
South Africa,Wheat,2018,2039.05,66.98,17.27,24177.4
Australia,Maize,1990,1641.61,16.75,19.43,44916.6
South Africa,Maize,2022,1837.62,118.64,30.04,37247.1
Nigeria,Maize,2023,671.07,395.7,37.75,32719.9
France,Sweet potatoes,2017,1577.71,69.69,13.7,144693.6
India,Sorghum,2016,1960.57,90.59,21.84,14246.3
Nigeria,Maize,2007,1656.46,10.43,18.19,48496.6
China,Plantains and others,2011,2499.91,53.42,13.81,35506.6
Australia,Maize,1996,1777.3,30.37,21.86,41270.6
Indonesia,Sorghum,2000,1450.38,18.58,30.83,12725.2
India,Rice,2014,650.13,46.42,22.53,59541.3
Argentina,Sorghum,2012,1704.04,15.76,33.83,6503.3
China,Sorghum,1998,1891.75,35.51,16.06,13093.1
China,Sweet potatoes,2010,2412.61,6.29,36.61,24441.6
Nigeria,Sweet potatoes,1996,1385.67,13.0,22.88,167558.9
Nigeria,Rice,2019,395.12,51.64,33.28,41158.7
India,Wheat,2008,1101.88,55.13,26.53,36420.2
India,Rice,1991,1149.18,17.33,26.63,44089.0
Indonesia,Maize,2019,1774.09,153.37,15.7,49757.1
Argentina,Cassava,2010,1154.67,161.81,13.11,101998.5
Mexico,Wheat,2002,834.22,25.3,23.44,33623.6
Mexico,Sorghum,1993,262.02,12.34,16.44,16630.6
Indonesia,Yams,2008,2391.31,31.26,31.99,24200.3
Nigeria,Soybeans,2000,2505.87,30.99,33.82,9165.2
China,Sweet potatoes,1992,1481.52,34.36,30.43,79867.9
Mexico,Cassava,2017,2238.32,54.84,20.77,61556.5
Mexico,Potatoes,1994,2047.59,79.14,18.27,121677.1
Mexico,Wheat,1991,1221.84,8.84,18.18,30942.2
Canada,Maize,1993,1163.62,17.82,18.57,53693.8
Germany,Soybeans,2000,1275.98,32.0,14.84,21026.4
Argentina,Soybeans,1991,2518.04,57.52,22.79,9582.6
Canada,Soybeans,2022,2505.22,33.18,31.85,11468.8
China,Sorghum,1998,2852.78,36.88,14.13,7242.3
Egypt,Sweet potatoes,2005,403.98,37.6,22.37,185152.3
Australia,Sorghum,2002,362.1,117.88,33.54,8340.2
Australia,Wheat,2013,2447.63,5.84,36.01,7423.6
India,Wheat,2021,2568.84,63.83,13.22,15444.0
Argentina,Potatoes,2015,764.48,6.02,26.9,173111.6
Mexico,Yams,2011,1174.09,76.51,37.77,50974.2
France,Yams,2023,309.31,54.96,31.48,56610.9
France,Maize,2021,2186.48,6.61,12.04,15669.8
Germany,Sorghum,2013,570.2,6.64,16.91,23543.6
Mexico,Plantains and others,2023,2425.81,105.08,24.12,46825.0
Japan,Sorghum,2014,2927.25,115.91,13.64,7755.8
Germany,Sweet potatoes,2015,982.03,23.95,36.52,79593.0
Argentina,Cassava,2002,1447.35,25.83,36.56,49656.1
India,Rice,2011,1557.56,61.32,20.98,43514.0
China,Soybeans,2014,819.34,74.32,23.75,29165.4
China,Sorghum,2016,853.25,18.38,19.86,17854.4
Germany,Rice,2007,1111.69,19.13,17.31,41832.2
Japan,Rice,2018,788.02,16.94,32.76,40318.5
Brazil,Sorghum,1991,1903.3,119.88,25.2,9028.5
Indonesia,Rice,2002,946.05,38.12,17.24,49850.2
India,Maize,2006,761.37,12.55,23.41,57437.8
South Africa,Yams,1998,1208.2,19.74,31.18,54668.7
Argentina,Wheat,1998,847.51,65.45,34.07,11506.9
India,Sweet potatoes,2018,2431.79,90.23,35.33,26418.4
South Africa,Sorghum,1993,1602.94,32.56,31.72,7561.1
Brazil,Cassava,2014,657.23,68.92,12.87,127658.3
South Africa,Potatoes,2004,2664.15,17.7,30.31,46884.0
Canada,Rice,1995,2110.6,47.66,18.35,35417.4
India,Sorghum,2006,1177.18,120.42,16.38,22193.2
Nigeria,Sorghum,2005,1602.69,75.63,26.16,18121.7
Argentina,Soybeans,2020,1169.97,10.31,30.31,28972.0
Germany,Rice,2008,209.57,75.89,16.11,32662.9
Nigeria,Wheat,2019,1014.46,10.22,32.49,20847.3
South Africa,Cassava,1991,1309.04,120.95,26.83,93584.2
Australia,Maize,2000,1084.31,89.21,12.56,32983.4
Brazil,Sorghum,2005,1052.56,150.25,29.43,12477.9
Brazil,Potatoes,1992,206.95,52.49,24.51,141495.2
Brazil,Potatoes,2004,1846.97,80.71,13.75,114693.1
Australia,Wheat,2004,2843.99,93.13,14.6,14609.6
Nigeria,Wheat,2015,1718.84,28.54,31.17,21594.5
Mexico,Cassava,2019,2947.09,58.62,25.99,44698.3
United States,Sweet potatoes,2000,1425.69,88.06,12.1,135221.4
Japan,Rice,2006,400.24,111.95,20.62,39439.9
Australia,Cassava,1997,377.26,92.31,30.47,79953.5
Canada,Potatoes,2009,1018.39,36.48,23.18,219365.4
Argentina,Sweet potatoes,2012,405.11,60.84,36.97,68596.5
Argentina,Yams,2001,942.98,43.31,18.27,128567.8
Indonesia,Potatoes,1997,624.56,33.63,13.18,182058.2
Argentina,Rice,2008,420.79,30.75,18.38,40322.9
Egypt,Yams,2017,1970.14,31.22,24.41,69625.5
Argentina,Plantains and others,2022,308.0,100.0,17.33,98783.9
Germany,Wheat,1995,2250.71,36.96,16.17,16203.2
India,Plantains and others,2007,2044.44,23.37,14.01,61026.7
India,Maize,2012,1472.9,9.48,21.21,50544.9
Germany,Soybeans,2005,882.98,17.09,37.25,14306.7
Canada,Rice,2012,2029.83,79.41,33.43,33753.3
Egypt,Plantains and others,2004,2046.49,37.01,36.95,26616.4
United States,Soybeans,2019,1521.51,15.61,36.94,15218.0
China,Potatoes,2015,401.97,12.54,36.99,64248.1
China,Sorghum,2011,2465.72,9.55,30.41,4577.7
Argentina,Sorghum,2006,380.29,7.63,18.64,19450.6
Japan,Yams,1995,1253.66,94.34,24.53,82959.3
Germany,Sweet potatoes,1993,1881.05,17.83,17.56,93386.3
France,Yams,2018,2215.27,53.4,18.08,56956.6
Argentina,Potatoes,1990,263.3,55.02,25.29,141269.7
Australia,Maize,2020,2470.85,17.48,19.59,22257.7
United States,Maize,1999,1145.09,38.65,12.8,30947.7
Germany,Sorghum,2012,2606.44,213.22,15.45,8949.9
Nigeria,Plantains and others,1990,242.59,33.22,16.2,82143.2
Brazil,Wheat,2021,2596.24,18.26,23.02,15929.8
South Africa,Wheat,2012,2094.44,59.1,22.98,20472.9
Canada,Sorghum,2003,2163.28,80.42,20.1,13791.5
India,Sorghum,2021,2979.91,11.87,22.7,7312.5
Canada,Yams,1993,1072.84,24.8,25.72,92918.1
Mexico,Yams,2013,2937.24,76.56,34.53,20521.4
Brazil,Wheat,1996,2215.57,21.31,21.2,16522.7
India,Cassava,1995,2806.74,19.64,37.37,22812.8
Indonesia,Plantains and others,2013,1527.3,9.51,13.91,101959.5
Egypt,Soybeans,2005,987.64,58.2,29.83,31732.6
Mexico,Potatoes,2013,512.76,12.6,35.94,78967.2
Germany,Sweet potatoes,2006,1287.5,15.23,31.19,84563.4
Brazil,Cassava,2020,1133.52,9.6,18.26,125440.0
United States,Sweet potatoes,2022,1111.03,123.38,27.95,142708.9
Japan,Potatoes,2011,1324.15,6.87,24.36,163977.3
France,Soybeans,2013,2987.07,130.23,21.85,11048.8
Argentina,Wheat,2006,2321.03,25.12,23.15,14885.8
Canada,Plantains and others,2018,2598.4,151.99,19.27,51270.0
United States,Potatoes,2010,1469.97,48.98,25.44,190667.1
India,Potatoes,2000,2912.67,5.08,20.31,77741.1
Nigeria,Plantains and others,1999,1661.41,8.36,28.49,60053.1
Australia,Potatoes,2009,1643.5,42.58,20.71,204240.9
France,Cassava,2004,2529.64,64.75,17.17,53258.9
Canada,Sweet potatoes,1998,332.52,78.8,30.99,84675.7
Canada,Potatoes,2019,2328.88,75.42,21.02,120516.7
France,Maize,2023,1078.84,48.88,23.44,64446.8
Germany,Maize,1999,798.43,20.58,21.81,45305.0
Mexico,Sweet potatoes,2014,2108.43,6.86,17.19,92332.7
Germany,Cassava,2021,1334.5,39.81,18.08,124156.8
South Africa,Sorghum,2008,2840.65,86.73,13.97,7619.5
Canada,Soybeans,2003,2474.36,9.46,24.05,12359.4
France,Sorghum,2009,1926.46,39.5,37.78,5666.1
Mexico,Sweet potatoes,2008,986.24,12.13,29.19,122523.1
United States,Potatoes,2010,596.55,111.95,19.08,237885.6
Indonesia,Plantains and others,2013,1376.57,75.3,27.6,90434.9
Nigeria,Sorghum,2003,764.18,78.02,14.76,23731.3
Australia,Wheat,2008,712.72,9.17,25.89,31395.7
Argentina,Cassava,2016,702.89,14.07,17.85,142662.1
Japan,Potatoes,1991,2719.52,107.53,21.36,69057.4
Indonesia,Maize,2018,1399.47,23.61,25.48,69402.5
South Africa,Rice,2021,2253.18,35.9,17.47,29510.6
United States,Cassava,2001,942.4,58.58,36.78,60525.6
Australia,Potatoes,2004,2674.04,144.75,21.96,91757.4
Argentina,Wheat,2011,2334.6,23.13,14.28,13293.0
Egypt,Sweet potatoes,2006,917.98,14.33,30.47,120145.6
Canada,Sorghum,2011,1501.31,119.82,20.3,23838.1
Brazil,Plantains and others,1990,2939.96,28.18,22.85,30571.2
Australia,Sorghum,2013,1332.16,14.03,19.9,21729.5
Argentina,Sorghum,2023,1955.84,27.37,27.36,13548.9
Nigeria,Potatoes,1990,2797.62,11.8,12.83,69579.9
Australia,Soybeans,2013,2607.53,32.27,32.03,12751.7
France,Potatoes,2001,2856.77,30.58,22.35,88352.0
Japan,Sweet potatoes,2018,2413.87,65.02,25.94,56341.0
Mexico,Rice,1994,2601.63,233.01,22.63,19746.2
China,Sweet potatoes,2005,1422.85,5.68,14.82,114467.9
Argentina,Cassava,2017,2398.46,19.48,20.78,56169.5
Nigeria,Cassava,2004,2961.69,127.22,14.07,56603.1
Argentina,Maize,2016,1743.39,12.47,35.1,27989.7
Argentina,Potatoes,1997,316.04,40.07,19.77,183914.6
Canada,Maize,1995,469.73,113.4,35.31,37621.4
Australia,Sweet potatoes,2013,1803.11,105.36,28.32,107224.6
Nigeria,Potatoes,2018,610.06,17.81,34.64,105227.6
Germany,Rice,1990,1714.65,115.46,36.76,19947.8
Brazil,Wheat,2022,1238.68,20.65,25.38,33500.5
France,Wheat,2021,1436.7,20.02,19.05,36753.9
India,Yams,2004,1854.93,13.18,36.56,29447.9
China,Rice,2002,1835.9,28.53,23.21,37549.9
Egypt,Cassava,2018,1021.85,32.24,27.05,124715.4
Mexico,Rice,1999,1944.25,83.76,37.02,22844.1
Australia,Potatoes,2021,265.16,19.46,34.86,99709.0
France,Wheat,2017,2921.92,8.68,36.16,6288.0
Germany,Yams,2004,247.41,9.43,17.35,85745.5
Canada,Maize,2012,1899.69,14.67,24.39,49975.2
United States,Wheat,2013,2748.12,57.34,22.86,16565.3
Argentina,Soybeans,1990,201.51,134.41,21.45,20751.9
United States,Yams,2003,569.16,118.2,28.85,83057.1
Egypt,Rice,1990,2471.76,39.04,35.64,14154.1
Mexico,Potatoes,2005,860.35,54.07,30.86,123142.0
India,Rice,2018,585.74,29.43,17.69,43115.3
United States,Soybeans,1999,1762.15,88.63,36.13,10849.3
Japan,Maize,2001,1830.0,118.06,18.46,22947.5
China,Sorghum,2019,2469.44,15.15,36.27,3328.0
Australia,Rice,2006,2336.67,82.58,35.11,21006.1
United States,Plantains and others,1997,598.0,7.13,22.01,95549.6
Indonesia,Plantains and others,1998,1988.46,73.16,28.84,46913.7
India,Rice,2004,1275.18,57.07,22.67,55882.3
Brazil,Potatoes,2023,2643.58,8.85,24.06,71917.5
Germany,Maize,2019,2921.75,47.31,25.64,21691.3
Australia,Maize,2021,2545.36,31.38,17.87,23727.7
Mexico,Sweet potatoes,1997,2257.51,50.63,19.89,59254.7
Indonesia,Sweet potatoes,2023,1302.23,25.48,24.37,176487.8
Mexico,Plantains and others,2017,1022.43,88.5,27.74,93857.4
Japan,Rice,2013,797.84,25.89,18.51,40863.1
South Africa,Wheat,2005,754.99,24.11,17.16,33600.5
Argentina,Yams,2023,1656.64,106.88,19.0,121252.4
China,Maize,2012,594.2,26.91,33.42,38041.4
Japan,Rice,1998,452.65,11.48,33.72,26618.2
Nigeria,Sweet potatoes,2009,824.44,70.2,30.86,110196.8
Japan,Wheat,2006,2020.57,63.15,35.44,9083.5
France,Maize,2007,1351.75,85.89,15.03,40482.7
Germany,Plantains and others,2013,2850.1,97.65,35.89,16299.4
South Africa,Maize,1990,435.43,35.63,20.63,36698.3
China,Soybeans,1997,2800.71,91.01,32.18,7254.9
Australia,Sweet potatoes,2013,381.4,97.72,22.62,197961.9
United States,Sorghum,2019,825.79,70.39,15.21,25510.2
Canada,Wheat,1996,392.7,6.13,23.95,29369.5
Germany,Cassava,2012,1807.73,9.85,19.42,102139.6
Japan,Potatoes,2011,1976.59,80.53,34.3,56799.9
Japan,Wheat,2022,2951.86,168.07,27.4,12440.3
China,Sorghum,1999,1294.66,51.21,32.35,8220.2
United States,Cassava,2021,1023.28,80.35,25.1,137384.7
France,Wheat,2017,1045.69,16.21,33.17,15829.0
China,Sweet potatoes,2004,432.51,53.01,21.89,143498.4
Argentina,Cassava,2023,2044.3,67.79,33.22,38392.7
Japan,Soybeans,2000,1881.42,69.34,32.45,13417.1
Nigeria,Plantains and others,2007,1146.3,65.72,21.41,103279.0
Australia,Rice,2022,2511.12,30.12,23.92,29556.4
Egypt,Wheat,1994,821.6,46.87,24.19,38749.8
Nigeria,Maize,2016,2947.38,14.01,19.11,22012.0
Australia,Yams,1993,1777.61,212.21,27.42,72347.9
Germany,Soybeans,2007,406.18,41.14,28.43,24097.3
Nigeria,Cassava,1994,2869.5,54.36,30.62,31213.0
South Africa,Cassava,2012,1782.9,161.66,25.66,85040.8
China,Yams,1992,2472.06,53.18,34.65,16059.8
United States,Wheat,1995,2127.81,158.75,16.59,21231.0
South Africa,Rice,2010,2995.52,128.75,35.45,12591.8
India,Maize,1994,2389.64,17.85,22.92,20453.3
United States,Plantains and others,2007,1533.02,82.97,34.5,36265.5
India,Yams,2023,2737.28,203.62,13.64,49466.8
Japan,Soybeans,2012,1087.92,7.58,27.09,23731.5
Germany,Plantains and others,2020,2448.17,19.62,32.33,19948.4
Australia,Sweet potatoes,1995,2177.77,23.62,16.74,75468.2
South Africa,Potatoes,2014,1205.92,41.84,15.67,182300.6
United States,Cassava,2015,2089.23,82.33,22.44,88192.9
Canada,Sorghum,2010,1761.42,29.79,27.16,17131.4
Argentina,Wheat,2020,2651.46,7.49,21.22,16044.2
Argentina,Soybeans,1993,1106.21,28.05,35.09,15413.6
South Africa,Cassava,2018,1442.74,17.92,36.34,53822.8
United States,Plantains and others,2001,525.04,66.02,28.65,66776.1
Canada,Rice,2006,638.96,19.69,18.93,45381.8
Germany,Rice,2015,831.56,29.86,34.57,33674.1
India,Maize,2018,469.05,25.14,27.89,50895.4
Australia,Cassava,2019,322.14,8.65,12.27,117912.3
Argentina,Rice,2009,794.78,9.78,25.17,48178.6
France,Potatoes,2020,1841.44,71.61,30.2,108361.4
China,Wheat,1992,510.31,59.67,28.13,22111.8
Egypt,Wheat,2017,345.29,34.33,27.56,33581.3
Canada,Cassava,1990,1570.28,32.78,18.34,101323.4
Egypt,Potatoes,2002,839.19,21.6,34.77,96651.3
Egypt,Wheat,1993,2201.53,6.59,23.92,17229.4
Australia,Sorghum,2016,2900.99,7.39,37.07,4553.9
China,Sorghum,2003,454.53,114.4,32.57,8287.4
United States,Potatoes,2018,1142.39,38.11,14.62,228812.7
Brazil,Soybeans,2018,875.68,39.51,22.98,29120.3
China,Plantains and others,2014,722.13,26.84,19.7,95446.4
China,Wheat,2010,1918.74,133.28,24.63,24231.4
France,Soybeans,2006,2921.04,11.29,32.07,8528.1
India,Sorghum,2015,2337.56,9.32,33.04,3787.6
Japan,Maize,1991,1762.75,123.45,16.61,28974.1
United States,Sweet potatoes,1999,1705.49,329.95,20.4,157018.4
Egypt,Potatoes,2008,1936.4,81.15,27.42,148881.5
Nigeria,Sweet potatoes,1996,983.27,39.2,22.07,158873.5
Mexico,Yams,2019,589.68,66.22,25.49,94827.0
Indonesia,Cassava,2005,968.96,84.03,17.89,136608.4
Indonesia,Rice,2010,1864.8,13.09,34.88,29706.2
Canada,Wheat,2020,2698.25,92.57,34.13,7638.4
United States,Soybeans,2007,2675.16,9.22,37.9,5727.8
Brazil,Wheat,2009,2104.82,27.45,19.86,23613.0
Egypt,Sweet potatoes,2022,2163.18,200.36,36.37,53450.4
Mexico,Soybeans,2003,1664.48,17.65,29.57,18704.2
Egypt,Soybeans,2007,804.27,5.48,37.53,15131.3
India,Cassava,2012,1459.29,48.84,16.84,119168.4
Indonesia,Potatoes,1990,1779.27,77.17,35.15,56769.3
Argentina,Yams,1996,2500.92,120.61,22.16,45693.3
Indonesia,Plantains and others,2003,2079.09,76.04,21.03,64631.7
Indonesia,Maize,2016,1630.53,28.62,20.66,52430.2
Germany,Plantains and others,1999,1877.42,135.84,20.6,69834.5
Indonesia,Cassava,1994,1361.26,22.75,36.1,55243.6
China,Plantains and others,2022,1872.87,73.75,15.52,71908.3
United States,Yams,2022,1204.86,12.03,32.73,56006.4
Canada,Sweet potatoes,2023,2142.74,94.85,15.95,113926.7
Australia,Sorghum,2012,2087.08,9.29,29.54,9255.3
Germany,Soybeans,1994,630.88,90.83,28.61,23555.7
United States,Potatoes,2022,1781.7,84.16,35.27,77731.3
Nigeria,Potatoes,1992,2904.56,16.35,12.44,68878.1
United States,Soybeans,2005,1931.29,54.15,18.65,19168.6
Brazil,Maize,2004,1580.25,16.13,33.13,28304.9
Nigeria,Cassava,2000,1012.37,31.74,20.84,123319.0
Nigeria,Plantains and others,1993,2538.23,69.65,17.34,38796.9
Australia,Maize,1997,1165.42,106.92,37.92,23403.3
South Africa,Soybeans,2021,2159.11,21.11,33.86,11675.8
Mexico,Yams,1999,1860.45,74.14,25.67,67138.8
France,Maize,2006,2482.86,50.09,22.49,21588.2
Indonesia,Soybeans,2011,2692.4,35.25,23.51,14591.9
Mexico,Plantains and others,2006,1703.0,42.33,24.51,84397.6
United States,Wheat,2016,1081.07,28.31,27.97,29789.9
Argentina,Potatoes,2014,2892.17,31.59,27.68,70105.4
United States,Maize,2005,853.95,29.17,36.87,26016.4
Canada,Cassava,2006,2861.78,22.3,15.75,55270.0
Canada,Soybeans,2009,241.47,34.17,32.45,21693.5
Mexico,Sweet potatoes,2005,2549.36,12.25,21.88,53962.5
India,Maize,2010,278.8,33.87,15.58,38117.4
United States,Sweet potatoes,2017,967.04,8.43,35.26,70371.5
China,Sorghum,1998,244.2,128.33,32.7,7289.7
Australia,Soybeans,2012,202.27,48.21,19.31,30282.8
Canada,Wheat,2011,762.82,56.63,29.64,34016.9
France,Yams,1998,2927.9,21.51,20.03,41210.2
India,Plantains and others,2006,2406.74,61.2,14.93,37543.3
United States,Maize,2002,2205.29,71.49,29.24,24816.0
India,Cassava,1991,1438.66,38.15,35.98,41834.3
Germany,Wheat,2002,1739.1,17.54,34.82,12858.8
France,Sorghum,2016,2802.47,125.52,22.97,8092.5
United States,Soybeans,1996,1168.07,51.73,36.56,13062.6
Indonesia,Yams,1996,1692.98,14.94,28.21,68286.5
United States,Potatoes,2011,1574.76,83.54,22.08,203495.7
China,Plantains and others,1999,544.04,8.81,29.61,56880.6
South Africa,Rice,1999,1875.95,17.76,20.05,37918.7
South Africa,Cassava,2001,900.48,6.44,13.65,112799.0
South Africa,Yams,2007,1545.61,42.61,25.0,83084.3
Japan,Potatoes,2012,2487.03,17.21,17.29,76095.8
Egypt,Potatoes,2002,594.73,77.33,37.66,95572.1
Indonesia,Plantains and others,2019,1846.99,29.88,19.66,95797.1
United States,Yams,2003,1712.31,70.26,19.1,97125.8
Germany,Sweet potatoes,2005,2939.0,24.5,37.63,24856.4
Argentina,Yams,2006,2604.23,24.43,21.29,46047.4
China,Maize,2001,934.18,34.7,21.57,54997.6
Germany,Yams,1998,1200.84,81.96,17.56,105226.8
Indonesia,Sorghum,2012,1326.37,16.82,16.52,23899.8
China,Soybeans,2016,2300.55,50.04,29.74,10236.0
China,Wheat,2017,1159.36,35.66,18.76,43725.7
France,Potatoes,1998,2946.63,15.09,26.59,56587.7
Indonesia,Yams,2013,964.21,234.46,17.68,140488.5
China,Sweet potatoes,1996,1789.02,92.0,29.4,64155.9
Mexico,Potatoes,1998,1328.25,82.83,19.4,204551.8
Japan,Sweet potatoes,1996,2993.37,69.7,13.28,45326.1
France,Wheat,2012,2513.92,8.13,15.52,15385.4
Indonesia,Yams,2001,1749.51,79.89,30.94,57024.1
Argentina,Cassava,2021,2142.0,62.18,21.84,77344.1
Japan,Soybeans,1990,2797.24,136.41,16.44,8008.1
Japan,Yams,1993,1270.09,70.61,28.07,69227.3
South Africa,Maize,1992,1731.85,56.97,26.36,34256.8
South Africa,Cassava,2011,2410.72,143.71,13.38,50004.6
China,Plantains and others,2016,2037.51,22.19,18.89,57486.3
Australia,Wheat,2020,784.81,117.58,22.99,41849.9
Indonesia,Sweet potatoes,2001,1377.96,8.33,21.31,165792.5
United States,Maize,2016,2611.18,20.2,29.91,19524.9
Japan,Plantains and others,2011,1234.36,44.57,35.71,35850.8
Mexico,Sorghum,2020,1510.73,139.77,18.0,19379.4
Egypt,Yams,2008,2193.66,43.94,21.54,60463.4
France,Cassava,2023,992.22,82.67,12.57,118229.8
Canada,Plantains and others,1997,2280.29,20.49,35.14,18437.5
Australia,Cassava,2002,1742.19,43.35,15.47,108632.6
Egypt,Plantains and others,2006,2030.28,114.47,20.02,82800.4
Nigeria,Potatoes,2014,674.0,141.67,24.21,213145.9
Germany,Soybeans,1999,907.01,81.78,28.67,26931.5
Japan,Cassava,1996,1614.33,309.28,19.67,118585.3
Germany,Rice,1990,2204.58,56.88,13.81,21233.9
Canada,Yams,2005,768.43,45.99,17.23,115621.8
Egypt,Plantains and others,2008,2834.11,146.25,12.33,49042.9
South Africa,Sweet potatoes,1998,2680.18,75.46,32.71,26933.2
United States,Sweet potatoes,1990,2186.21,104.44,34.98,33927.7
Argentina,Rice,2010,2971.76,13.89,31.23,16536.5
Mexico,Soybeans,2016,2145.12,56.62,30.84,15241.0
India,Rice,1999,1571.3,5.6,14.47,35012.7
France,Sweet potatoes,1993,2005.85,178.28,31.07,54082.7
Australia,Sorghum,2008,548.31,90.86,33.67,8474.6
China,Plantains and others,1995,641.47,91.31,14.51,81023.5
Japan,Sorghum,2012,726.37,105.3,23.66,16584.0
Brazil,Potatoes,2018,2946.45,12.4,36.56,31112.4
Indonesia,Rice,1999,1863.96,40.44,30.15,37243.3
Argentina,Plantains and others,2000,1796.05,39.38,18.13,76966.9
South Africa,Cassava,2001,896.61,112.99,30.33,67305.3
Australia,Potatoes,2000,2167.71,69.13,18.78,122741.1
United States,Yams,1997,2947.52,131.24,34.78,19041.2
Indonesia,Wheat,1990,2899.67,33.61,34.77,7214.9
Nigeria,Soybeans,1993,482.53,24.77,37.29,12484.0
Nigeria,Soybeans,2007,320.53,43.31,13.72,17297.5
United States,Cassava,1999,1070.37,26.15,37.21,53012.6
Germany,Plantains and others,2018,2829.76,54.45,20.02,48093.6
Brazil,Sorghum,1994,1211.73,13.17,23.4,16903.7
Mexico,Sweet potatoes,1992,1324.48,112.29,20.26,119880.9
Canada,Sweet potatoes,2006,2107.61,29.92,36.68,42258.8
France,Soybeans,2017,1956.43,8.41,27.32,17669.2
Canada,Wheat,1994,373.48,48.62,16.91,36036.4
France,Rice,1996,398.79,96.89,27.14,34058.6
Mexico,Yams,2018,486.18,14.07,19.41,122936.3
Argentina,Rice,2022,1125.48,27.27,23.04,56439.3
Indonesia,Cassava,2020,2498.84,100.2,16.92,59038.2
Brazil,Wheat,2018,1985.27,19.32,37.7,10281.3
Nigeria,Maize,2017,2002.07,27.81,18.2,33947.8
China,Cassava,2018,1536.26,22.76,30.45,65107.0
Mexico,Potatoes,1994,1438.75,83.3,23.18,171280.8
South Africa,Sweet potatoes,2014,1222.37,16.85,12.62,122149.4
United States,Cassava,2015,2551.16,125.36,23.69,58468.5
Australia,Wheat,2023,2352.94,23.63,28.33,13911.2
France,Rice,2003,710.97,24.22,33.58,31343.1
Indonesia,Wheat,1994,1455.49,95.71,12.92,32819.9
Egypt,Rice,2009,1030.9,156.0,28.65,66358.2
Mexico,Yams,2002,1630.38,84.31,25.68,84283.5
Indonesia,Sweet potatoes,2009,1777.91,27.28,21.58,147475.0
Japan,Plantains and others,2011,1201.81,36.7,22.88,96861.4
China,Potatoes,2019,263.9,160.81,14.22,198834.7
France,Plantains and others,2023,2861.75,28.26,29.63,26170.4
Indonesia,Sorghum,2014,2801.86,23.95,25.66,8709.2
Germany,Sweet potatoes,2010,1651.23,29.63,34.87,55143.4
South Africa,Sweet potatoes,1992,1912.39,36.66,15.39,94254.3
Argentina,Rice,1992,383.72,19.62,13.82,22525.3
Brazil,Rice,2017,2405.79,22.7,32.47,25347.1
Mexico,Yams,2011,413.72,44.73,32.91,42061.9
Australia,Cassava,1995,2966.29,39.16,20.15,50553.3
South Africa,Yams,1995,1091.78,61.54,30.33,52666.1
France,Plantains and others,1999,559.55,21.15,16.17,69377.5
Australia,Wheat,1990,465.73,105.87,25.08,31386.9
France,Maize,1995,1455.21,31.77,25.07,42497.8
Germany,Cassava,2003,2486.81,25.72,12.76,43144.2
United States,Plantains and others,2022,2534.0,15.82,16.69,45336.0
Nigeria,Maize,1996,2958.55,10.12,26.69,21971.3
India,Wheat,2023,1459.86,18.81,24.95,33293.0
Nigeria,Sorghum,2006,387.68,26.58,25.84,19935.8
Egypt,Yams,2004,2391.33,9.73,20.49,42871.1
Indonesia,Maize,2018,1192.67,253.87,32.35,51084.3
Australia,Plantains and others,2011,2147.08,59.02,34.6,23724.2
Germany,Sorghum,2018,1634.55,68.96,27.38,15625.1
Canada,Soybeans,1998,674.91,12.0,21.42,24211.6
France,Sorghum,1999,1862.16,26.89,12.97,11649.2
Egypt,Sorghum,1992,2262.09,11.85,36.65,4160.0
Canada,Cassava,2021,2768.81,21.64,17.66,56704.4
Brazil,Maize,2019,603.59,26.08,25.24,49044.1
Egypt,Cassava,2021,2057.85,71.8,17.69,101152.5
Canada,Cassava,1993,873.18,131.4,14.04,114061.7
Australia,Sweet potatoes,1996,2318.58,10.98,14.72,60755.4
Nigeria,Plantains and others,2015,2126.12,36.54,23.36,66323.0
France,Soybeans,1997,1505.28,36.77,36.75,13397.8
Argentina,Cassava,1999,2401.85,23.52,16.73,49837.9
Germany,Plantains and others,2009,279.52,35.68,29.61,53307.8
Germany,Rice,2010,2225.29,29.04,16.44,27558.8
United States,Cassava,1998,2473.43,57.67,15.12,54186.9
Nigeria,Soybeans,2001,1135.01,197.41,26.86,29656.0
China,Cassava,2003,1952.69,15.25,13.38,75704.4
Indonesia,Sorghum,1998,1010.78,23.42,34.4,8915.0
Canada,Maize,2013,1372.73,20.28,27.81,54764.9
United States,Cassava,1996,999.88,45.34,16.5,139034.3
South Africa,Yams,2007,1913.99,12.19,33.17,24578.5
United States,Rice,1990,357.62,21.7,34.55,26120.7
South Africa,Rice,2018,2166.22,164.22,34.67,26817.9
Germany,Yams,1996,2800.13,35.07,13.35,37276.6
Argentina,Maize,2009,2992.29,33.99,19.87,20319.0
Nigeria,Maize,2013,2193.58,13.66,29.0,26341.5
Nigeria,Potatoes,2011,1511.47,260.94,18.65,228248.7
United States,Yams,1994,1796.06,16.41,31.04,47317.8
France,Wheat,2010,1714.13,192.83,24.14,31055.7
Mexico,Sweet potatoes,2001,2704.77,34.81,22.2,58788.0
Germany,Maize,1990,1525.32,46.9,34.57,30357.6
France,Yams,1991,948.53,236.72,29.26,64483.0
Mexico,Plantains and others,2019,2798.94,21.09,21.71,42200.5
India,Yams,2017,421.74,33.53,16.59,121762.3
China,Potatoes,1996,1077.22,21.38,34.56,76598.1
United States,Yams,2006,2686.84,34.68,33.46,16813.9
China,Cassava,2021,2068.82,64.63,37.82,34090.4
India,Rice,2009,2025.17,14.37,12.67,25858.0
Argentina,Soybeans,2021,1789.43,99.39,18.09,24246.5
South Africa,Rice,1994,2950.32,108.75,24.03,19189.6
Australia,Rice,1990,517.76,132.93,36.84,22406.4
South Africa,Plantains and others,2011,1226.31,25.99,14.68,90246.4
Nigeria,Soybeans,2003,2869.45,23.97,28.83,10033.5
Germany,Plantains and others,2020,1951.27,45.06,14.15,68883.9
Mexico,Plantains and others,2023,311.44,81.54,25.08,94470.2
Brazil,Maize,2012,1801.73,24.67,32.53,29055.1
United States,Sweet potatoes,2013,1142.89,6.65,36.11,75495.1
United States,Wheat,2011,489.02,25.74,31.38,19794.4
South Africa,Sweet potatoes,2008,2134.8,18.59,16.51,92788.0
Argentina,Maize,2019,1421.92,25.81,32.08,48172.8
Canada,Maize,2010,1511.8,15.37,25.54,51669.7
China,Plantains and others,2004,2276.82,57.95,29.58,27437.2
South Africa,Sweet potatoes,2015,1227.74,45.24,29.37,118920.0
Indonesia,Plantains and others,2007,567.11,57.63,18.15,114447.7
Argentina,Soybeans,2015,1419.49,159.87,23.41,30350.1
South Africa,Cassava,1990,1172.86,6.37,24.14,107037.7
Argentina,Soybeans,2001,1468.52,78.37,33.21,20727.8
Argentina,Sweet potatoes,1990,944.26,67.02,22.43,117566.5
France,Plantains and others,2019,2255.03,73.8,23.49,53868.0
Canada,Sweet potatoes,2003,1459.68,13.32,31.83,90776.1
Mexico,Potatoes,2016,2631.92,170.51,17.56,84690.9
South Africa,Sorghum,1996,1789.02,27.96,35.38,5181.3
Argentina,Plantains and others,1997,973.46,88.59,34.42,37687.1
Indonesia,Wheat,2023,1140.75,121.13,28.28,31392.9
Nigeria,Yams,1998,2415.7,5.81,15.23,40416.6
Mexico,Soybeans,2004,2133.77,63.14,28.44,13120.4
United States,Rice,2014,878.13,122.85,21.51,56504.2
Australia,Maize,2020,961.97,51.91,14.67,48299.2
Egypt,Soybeans,2004,2574.97,289.87,36.37,7826.3
China,Sorghum,1995,2314.89,42.67,25.54,6271.7
Japan,Cassava,1990,1076.09,16.78,27.51,71974.8
Japan,Wheat,2006,1290.69,23.3,15.44,29431.1
Japan,Potatoes,2023,2424.61,47.52,31.57,43380.3
Nigeria,Sweet potatoes,2012,1293.69,21.53,25.43,161989.1
France,Wheat,2013,2012.67,55.16,18.23,26683.9
Canada,Potatoes,2001,2301.75,54.85,30.82,48005.5
United States,Maize,1993,2611.49,7.58,20.79,16353.3
China,Maize,2004,2254.75,65.54,33.71,16865.9
Germany,Wheat,2000,2029.66,62.93,16.5,24145.5
Germany,Maize,2020,2964.48,52.68,19.16,20444.8
France,Plantains and others,1991,489.68,17.83,12.23,79984.6
India,Cassava,2013,2546.21,38.15,29.93,35946.9
Nigeria,Cassava,1995,2937.16,119.45,30.87,32190.2
Brazil,Maize,2019,1415.88,21.76,25.36,40677.9
Canada,Rice,2004,2588.61,20.07,26.26,21789.4
Brazil,Yams,2017,2460.34,21.59,27.73,38122.6
Germany,Maize,2008,2518.06,135.76,32.86,18028.7
Nigeria,Potatoes,2000,267.97,199.39,20.99,205307.5
Germany,Rice,2012,1361.1,109.36,23.65,54390.5
Australia,Sweet potatoes,2023,1538.79,82.48,13.79,178536.9
Australia,Cassava,2008,2645.76,56.11,24.75,59958.3
United States,Sweet potatoes,2007,2136.35,102.59,12.32,70448.9
Canada,Sorghum,1996,1664.27,75.62,20.94,19166.1
Germany,Sorghum,2020,1532.23,81.37,34.57,8938.3
South Africa,Yams,1998,2903.01,59.86,23.51,35738.9
Nigeria,Rice,1998,2909.2,70.91,18.58,20387.2
Canada,Yams,1995,2809.09,11.95,23.54,41557.2
Mexico,Potatoes,1999,1048.08,14.12,30.17,118527.6
Australia,Potatoes,2018,448.67,32.8,15.5,224700.2
South Africa,Sweet potatoes,2009,416.81,11.75,30.9,80804.2
Nigeria,Soybeans,2010,2552.25,111.21,34.85,9292.6
France,Soybeans,2016,2593.31,12.97,13.12,7823.0
Australia,Rice,1995,1495.07,95.22,36.23,26132.8
China,Soybeans,2001,1103.53,41.75,31.01,19572.0
France,Sorghum,2000,2058.4,5.68,32.38,5787.1
Mexico,Maize,1994,2046.79,32.94,13.32,19117.4
Mexico,Yams,2013,611.07,57.56,34.55,47179.1
France,Maize,1994,913.64,58.97,35.64,30477.6
Canada,Yams,2000,1551.04,80.56,37.61,46482.7
United States,Sorghum,2023,846.79,40.18,14.04,21097.0
Argentina,Sweet potatoes,1997,1062.69,61.21,32.29,72396.7
Japan,Rice,1998,2955.21,157.98,17.38,14083.9
Germany,Sorghum,2020,2437.98,29.79,17.83,10017.1
China,Sweet potatoes,2006,920.38,72.1,15.8,160380.8
Nigeria,Sorghum,2003,2519.58,96.17,25.97,8849.6
Egypt,Rice,2016,1308.37,6.84,16.49,47639.2
Indonesia,Yams,2013,2988.0,117.42,34.25,23121.6
Germany,Soybeans,2018,2386.85,79.52,20.44,11287.0
Brazil,Plantains and others,1999,1841.06,28.9,26.51,51862.1
India,Sorghum,2004,1020.82,33.5,14.3,20672.6
France,Plantains and others,2003,787.84,24.06,37.29,36682.6
South Africa,Plantains and others,1999,1660.64,22.03,33.84,33795.6
India,Wheat,2013,2415.89,253.44,35.31,6881.4
Canada,Wheat,2020,1077.65,26.71,37.86,18135.1
Japan,Soybeans,2009,967.29,39.74,21.95,28445.3
Mexico,Sweet potatoes,2001,341.33,13.69,31.41,76028.3
Egypt,Sorghum,2016,2448.54,6.26,28.72,7632.0
Egypt,Plantains and others,1991,1699.4,17.5,27.67,56889.0
Canada,Soybeans,1995,500.37,58.05,28.16,25520.9
India,Plantains and others,2000,2098.54,117.87,29.68,33021.1
Mexico,Yams,2016,922.81,14.78,35.15,51840.6
China,Yams,2013,690.34,21.75,26.82,71214.1
China,Potatoes,2010,2342.95,9.78,29.62,44748.7
China,Yams,2001,1351.87,9.64,24.11,87307.1
Indonesia,Plantains and others,2023,2940.65,16.9,28.41,40585.2
Nigeria,Rice,2020,1047.04,36.74,36.42,36409.5
Germany,Soybeans,1995,1550.0,67.43,31.06,22226.7
Mexico,Potatoes,2016,1118.26,70.26,35.45,91778.9
Egypt,Wheat,1997,1864.35,134.18,35.4,11819.7
Germany,Rice,2014,321.27,20.35,13.27,28352.8
Canada,Sorghum,2007,382.16,171.96,24.67,21816.5
China,Rice,2002,960.99,34.24,32.88,33029.9
Japan,Maize,2013,1613.47,8.96,28.04,40786.0
France,Wheat,2015,1312.29,16.13,15.93,30069.9
United States,Soybeans,1999,2475.54,83.96,15.69,8942.3
Egypt,Rice,2007,2610.78,17.97,25.06,23505.9
Argentina,Rice,1997,2173.3,35.25,34.44,24350.5
South Africa,Soybeans,2015,2460.99,85.02,12.26,7263.5
Australia,Sorghum,2002,712.03,42.55,18.02,23069.9
China,Wheat,2023,2046.22,26.64,27.32,20070.2
France,Cassava,2000,337.93,38.99,16.12,113753.0
Japan,Sweet potatoes,2020,2792.42,12.07,27.64,52015.4
Egypt,Yams,1994,1920.94,85.3,34.15,38246.2
Brazil,Potatoes,1991,745.57,55.34,20.33,178662.8
Japan,Soybeans,1990,2360.25,218.33,25.79,9877.9
Nigeria,Cassava,2006,2231.28,161.08,28.86,50542.4
Nigeria,Rice,2016,761.88,70.33,37.73,25443.7
Japan,Plantains and others,1993,2075.21,66.48,19.2,52085.6
Egypt,Cassava,2001,1295.02,16.95,37.29,51502.9
Egypt,Sorghum,2018,1383.17,11.64,37.92,11226.8
Japan,Wheat,1992,895.78,30.23,30.89,16514.1
Indonesia,Cassava,1998,2193.51,44.67,23.28,60913.2
Japan,Potatoes,2012,1599.58,16.05,26.76,134070.6
India,Yams,2017,2869.9,27.96,12.84,50734.2
Brazil,Sorghum,2007,626.42,58.82,31.11,10405.5
Argentina,Potatoes,2009,2335.19,75.16,16.33,104592.8
Brazil,Yams,2023,671.18,29.31,25.49,93761.8
South Africa,Plantains and others,2013,1435.14,70.46,17.68,106537.1
South Africa,Plantains and others,1991,1094.87,51.46,32.51,39496.3
Argentina,Maize,1992,1683.68,123.27,30.38,37105.9
Argentina,Cassava,2003,1734.63,21.53,22.59,113965.3
Japan,Plantains and others,1994,2889.67,46.98,27.86,34289.9
Nigeria,Potatoes,1990,586.11,93.48,24.57,187652.6
India,Soybeans,2022,1653.41,55.8,17.73,22119.1
United States,Sweet potatoes,2022,2349.02,11.31,14.27,66444.4
Nigeria,Sorghum,2013,2453.28,45.93,23.92,9750.1
Nigeria,Rice,2003,2104.66,45.41,24.51,39055.1
Egypt,Rice,2015,1069.44,61.43,13.2,41043.9
Germany,Sweet potatoes,2017,2741.07,20.16,28.94,43765.2
Australia,Sweet potatoes,2018,1655.16,6.58,36.91,61912.6
Indonesia,Sweet potatoes,2016,951.03,24.08,17.59,189389.9
Japan,Sweet potatoes,2007,2459.88,24.41,27.7,42052.1
Brazil,Maize,2008,2414.58,24.94,17.65,17749.8
Canada,Rice,2022,2642.36,7.43,34.05,17385.9
China,Cassava,2006,1773.81,46.54,23.84,80804.9
China,Rice,2021,1852.76,11.52,37.33,20886.1
Argentina,Maize,2007,256.8,34.97,19.92,42993.6
Argentina,Wheat,2001,2842.83,45.07,13.74,13200.9
France,Wheat,2018,327.73,47.74,35.92,11772.9
Indonesia,Potatoes,2010,379.67,12.22,13.13,198145.2
Nigeria,Sorghum,2014,2710.08,25.47,36.89,3589.8
Nigeria,Sweet potatoes,2004,2720.84,27.44,13.98,65180.7
Germany,Soybeans,2018,264.62,68.51,18.55,26092.8
Japan,Cassava,1992,2964.24,19.86,32.16,17914.8
Brazil,Potatoes,2004,1615.21,65.8,20.98,169754.6
India,Yams,2012,1100.77,7.1,26.28,90471.2
Mexico,Cassava,2004,1840.38,14.91,22.47,79932.6
Argentina,Soybeans,2012,853.02,40.72,21.27,27682.7
Egypt,Yams,2001,2020.16,206.67,25.18,72695.4
Japan,Yams,2000,647.74,17.95,37.75,37007.0
Canada,Wheat,1999,1106.05,7.95,36.21,15199.2
South Africa,Potatoes,1995,1876.73,138.3,25.43,138473.3
Mexico,Wheat,1991,2894.63,51.18,19.89,12526.0
South Africa,Yams,2005,2570.4,161.81,34.51,19143.5
France,Sorghum,2021,1171.62,142.66,19.78,23713.5
South Africa,Soybeans,2007,1041.51,15.66,20.88,23750.8
India,Plantains and others,1993,813.72,22.75,35.47,36339.3
South Africa,Plantains and others,2010,245.43,51.39,28.8,62964.6
United States,Rice,2013,1029.8,12.73,29.34,45091.3
Germany,Soybeans,1996,2701.73,60.43,15.87,9336.9
Egypt,Plantains and others,1999,1604.3,16.49,35.77,30500.9
India,Maize,1993,2740.99,35.76,36.34,10098.8
Australia,Rice,2007,311.42,9.39,34.22,29115.8
Egypt,Sweet potatoes,1992,1148.16,69.7,25.43,136373.4
Germany,Wheat,1997,1624.89,28.07,25.34,27067.2
United States,Wheat,2020,760.79,27.71,32.53,21840.7
Indonesia,Maize,1996,2788.58,26.76,35.05,15604.0
Indonesia,Potatoes,1996,1697.24,27.43,33.63,70117.3
Australia,Plantains and others,2010,1670.74,87.37,31.07,59503.4
Germany,Soybeans,2015,2613.26,116.44,22.11,12685.2
Australia,Rice,2004,2989.66,20.2,30.27,17496.1
France,Cassava,2020,1142.91,31.48,19.56,124286.9
Australia,Wheat,2020,643.76,26.28,37.9,17256.7
Nigeria,Cassava,1999,2346.07,30.95,22.13,50552.8
Brazil,Wheat,2002,584.84,51.6,34.78,12718.5
Argentina,Yams,2013,1607.07,13.16,21.28,93783.2
Brazil,Potatoes,2007,2480.53,60.94,19.27,71613.9
Egypt,Potatoes,1990,2226.09,13.42,19.3,98847.5
United States,Cassava,2006,1083.23,5.8,14.76,124229.9
India,Plantains and others,1990,897.24,339.83,13.71,84889.4
Mexico,Yams,2019,685.31,59.97,26.79,101767.3
Argentina,Soybeans,1990,970.71,18.22,19.3,23698.0
China,Yams,2023,975.85,101.99,24.62,94900.5
Mexico,Yams,2002,2296.84,44.21,20.49,45619.6
India,Wheat,2019,340.09,29.96,18.51,36356.0
Australia,Cassava,2010,2933.65,5.3,29.94,36091.1
Australia,Rice,1999,1176.88,42.64,36.33,27897.7
Japan,Maize,2003,635.25,7.25,15.6,32955.0
Japan,Potatoes,2011,2258.19,11.43,21.08,80424.2
Nigeria,Yams,2013,1285.5,108.78,30.4,72893.9
Canada,Plantains and others,1997,2497.16,25.38,30.98,21282.1
Brazil,Potatoes,2017,2273.9,22.33,12.38,66702.2
India,Wheat,2004,540.52,48.32,32.77,15441.8
South Africa,Sorghum,1997,2385.82,33.58,28.01,6393.5
Japan,Potatoes,1999,684.25,41.28,28.26,151419.5
Japan,Yams,2014,1498.93,170.58,34.88,40076.0
Indonesia,Sweet potatoes,2008,1553.21,58.23,36.09,73954.5
Brazil,Maize,2022,1988.36,132.91,21.07,36626.7
Argentina,Rice,2018,1069.71,29.16,24.63,61556.9
Egypt,Sorghum,1991,2451.84,22.82,21.31,8706.1
Germany,Sorghum,1993,618.75,34.01,14.19,19675.0
Brazil,Sorghum,2012,2017.07,31.92,22.38,11303.6
Brazil,Sorghum,2016,747.12,6.97,12.9,17524.0
United States,Sorghum,2012,1901.54,41.7,12.95,13537.6
Mexico,Plantains and others,2020,1864.15,51.3,19.93,73105.5
France,Rice,2003,2611.45,29.21,32.0,15754.8
India,Sorghum,2018,1727.91,13.17,33.57,6993.7
Mexico,Sweet potatoes,2002,1605.74,8.51,16.86,110056.2
Egypt,Potatoes,1997,2337.69,47.85,24.81,91936.8
China,Rice,1997,282.92,17.33,19.69,29375.3
India,Soybeans,1990,2114.5,56.77,23.02,13110.9
India,Yams,2020,2822.58,18.11,35.32,17382.5
United States,Cassava,2009,2910.91,126.61,24.06,59864.4
South Africa,Sorghum,2004,2575.73,8.0,27.59,5261.6
Germany,Sorghum,1993,235.59,51.59,15.07,17091.4
Australia,Potatoes,1997,2972.73,26.52,15.0,78114.6
Japan,Cassava,1997,2291.4,51.76,26.69,43971.2
Australia,Sorghum,2015,2614.69,71.77,16.86,8874.2
Australia,Sweet potatoes,2002,2811.73,123.59,32.61,30019.4
Egypt,Maize,1993,1910.8,66.14,14.74,29007.9
Nigeria,Sorghum,2013,1241.04,28.04,22.21,24343.1
Egypt,Potatoes,2002,1229.42,36.72,37.72,101558.8
Germany,Soybeans,2017,1551.37,26.7,36.52,13588.2
Egypt,Yams,2005,390.7,36.69,35.87,42918.5
Canada,Maize,2018,279.75,8.54,28.38,53113.8
India,Wheat,1997,1291.79,34.35,21.74,30125.6
United States,Wheat,2002,841.86,35.49,30.8,21819.4
India,Sorghum,2005,1545.48,17.41,28.85,14233.1
Japan,Soybeans,2006,1524.8,33.72,20.11,19666.4
Mexico,Yams,2007,2111.28,8.93,27.87,46022.9
Australia,Potatoes,2022,1334.83,41.56,27.46,189531.1
Japan,Sweet potatoes,2004,2330.4,25.41,13.46,48965.4
Australia,Rice,2023,299.65,8.2,30.59,39745.1
India,Maize,2010,225.78,12.66,30.69,41594.3
Argentina,Plantains and others,1994,2553.46,45.68,14.62,35597.6
India,Maize,2008,1188.26,108.1,31.32,53509.4
Australia,Sweet potatoes,2004,2354.47,42.44,22.34,67229.1
Indonesia,Sweet potatoes,2003,633.71,75.73,18.26,170254.6
Australia,Wheat,2016,1736.96,137.01,17.34,41219.2
Argentina,Sweet potatoes,2001,2405.37,31.33,22.04,59194.9
South Africa,Cassava,2021,2118.18,22.09,26.7,73233.8
Germany,Sweet potatoes,1992,1667.12,8.71,31.2,82044.6
Canada,Cassava,1995,2564.48,21.26,36.3,20575.1
Indonesia,Plantains and others,2022,1670.43,59.27,31.37,54938.1
United States,Maize,1998,939.08,14.15,19.92,47306.2
Australia,Plantains and others,1994,2911.61,7.89,35.87,13991.7
Germany,Plantains and others,2014,217.44,51.07,12.03,78647.4
Indonesia,Maize,1991,1068.3,247.1,28.09,63374.9
Japan,Sorghum,2009,2684.07,104.02,30.15,5624.9
South Africa,Cassava,2017,2098.61,136.5,25.0,67834.3
Indonesia,Sweet potatoes,2003,1263.16,63.14,28.27,98167.1
Germany,Potatoes,2003,2087.48,81.66,37.76,47529.6
France,Sweet potatoes,2023,2652.87,59.4,19.24,72458.5
Nigeria,Sorghum,2018,2230.9,44.91,31.86,6487.3
Nigeria,Plantains and others,2004,2429.0,29.52,29.29,29235.6
Canada,Cassava,2019,1791.18,130.34,37.5,51537.5
Canada,Plantains and others,2008,773.77,24.9,33.71,44641.7
Mexico,Soybeans,1992,392.85,43.16,12.32,13424.1
Canada,Yams,2005,2703.99,99.95,17.89,55664.6
Egypt,Rice,2002,672.62,23.16,18.65,46819.0
Argentina,Wheat,1992,2090.98,9.5,37.37,7415.5
South Africa,Yams,2016,2377.53,5.11,26.87,34866.1
Nigeria,Soybeans,1996,2048.8,22.75,29.41,15123.9
France,Rice,2020,2296.48,25.33,21.99,32623.0
China,Soybeans,2017,321.24,29.46,20.7,24520.4
Australia,Wheat,2007,860.85,5.86,26.16,37054.0
Australia,Maize,2013,2832.15,70.77,14.35,14927.6
France,Soybeans,1996,988.3,28.4,37.47,10315.3
Argentina,Rice,1997,281.95,10.6,34.63,22206.2
Japan,Sorghum,2014,474.83,30.89,23.6,19629.0
France,Maize,2004,1921.5,64.51,19.66,33754.7
France,Potatoes,2022,1101.12,97.64,34.09,96149.9
Argentina,Potatoes,2019,2033.17,53.25,14.44,131221.2
Canada,Soybeans,2001,2938.08,166.98,20.69,11770.0
India,Yams,2021,701.92,32.57,19.0,132851.9
China,Maize,2020,1313.18,11.92,12.3,30367.8
China,Yams,2010,2296.52,7.35,16.02,40822.4
Germany,Sweet potatoes,2009,434.98,27.94,13.42,155587.8
Nigeria,Soybeans,2021,2739.27,141.71,34.47,9450.6
Mexico,Plantains and others,1995,1594.45,12.32,25.56,67533.6
India,Soybeans,2009,282.83,33.8,22.73,23905.5
Nigeria,Yams,1990,2930.33,89.87,22.14,39987.8
Japan,Rice,2007,1231.42,49.65,34.57,31177.3
Japan,Yams,1998,2510.6,20.18,27.11,33247.5
Brazil,Yams,1999,461.55,118.08,27.21,73070.7
Argentina,Rice,1994,2554.47,41.01,18.58,18526.1
South Africa,Potatoes,1999,2792.18,12.8,24.98,63977.4
Argentina,Yams,2016,1859.22,6.35,35.76,32151.2
Indonesia,Rice,1997,206.63,114.58,34.61,22303.0
Mexico,Rice,1996,247.47,36.71,14.65,25039.9
Brazil,Rice,2010,2125.6,19.55,19.93,34466.9
Nigeria,Cassava,2001,2372.26,135.43,25.71,54429.1
Germany,Plantains and others,2001,1376.7,13.33,21.36,94191.5
Brazil,Maize,1998,2898.62,28.76,26.78,18556.0
Japan,Sweet potatoes,2018,2781.74,20.44,29.29,46327.1
China,Cassava,2013,439.09,80.26,31.65,64305.9
China,Maize,1991,2034.85,45.22,33.9,19601.5
Indonesia,Sorghum,2005,667.93,112.38,21.37,25221.6
Japan,Sorghum,2010,2714.27,151.72,12.03,7822.7
United States,Rice,2004,1992.88,9.49,20.18,35090.0
France,Potatoes,2012,487.03,123.45,19.11,225930.2
France,Soybeans,2009,1191.89,18.66,18.77,25401.3
United States,Sweet potatoes,2010,2423.71,123.45,18.84,63219.7
Japan,Soybeans,2021,876.68,187.55,27.68,28926.3
India,Maize,2020,2154.36,51.28,25.05,29269.3
Canada,Soybeans,1995,2737.58,34.33,15.44,9446.9
Indonesia,Cassava,1995,2135.36,142.15,30.99,44539.3
Brazil,Rice,2016,2597.48,13.7,34.99,10319.2
Argentina,Rice,2013,2554.92,66.23,12.68,15495.1
South Africa,Plantains and others,2004,1505.6,16.06,36.01,28791.9
France,Sorghum,2017,2216.79,7.02,23.25,10101.3
United States,Cassava,2000,2570.61,50.46,23.94,48031.5
Germany,Plantains and others,1999,2404.56,28.15,36.33,15449.7
Brazil,Potatoes,1994,1747.96,22.93,16.15,132756.3
Mexico,Wheat,2011,2535.49,5.87,29.84,9940.7
Mexico,Sorghum,2006,534.21,40.31,37.32,7036.6
Australia,Maize,2011,2493.31,7.45,27.48,22612.5
France,Rice,2020,2244.76,8.88,27.55,36716.6
Germany,Yams,2020,2825.52,31.69,21.16,48263.7
South Africa,Sweet potatoes,2003,2122.46,28.25,14.28,75823.0
South Africa,Rice,2019,492.92,98.58,20.46,47816.8
Nigeria,Soybeans,2019,2856.8,135.03,14.95,12016.8
South Africa,Wheat,2009,2747.64,76.04,36.99,6830.8
Germany,Soybeans,2000,216.66,33.14,28.82,21376.2
Indonesia,Maize,1990,411.64,20.01,33.87,37444.3
Nigeria,Rice,2022,1807.94,50.61,37.66,23864.9
United States,Soybeans,2010,866.43,14.3,28.63,25851.7
Canada,Rice,2018,747.47,48.11,13.8,33062.8
France,Plantains and others,2012,846.25,20.73,27.62,78656.2
France,Wheat,1991,2554.23,110.17,37.25,4709.1
Germany,Rice,2020,2186.71,45.58,16.54,32053.3
China,Cassava,2021,1212.86,105.48,29.52,92956.5
Australia,Sorghum,1992,743.79,13.64,37.13,7950.1
Germany,Potatoes,2013,1641.58,85.06,20.85,171672.9
Brazil,Maize,2011,2750.66,22.13,34.49,13332.0
Nigeria,Soybeans,2002,2370.01,74.04,13.29,7728.5
Canada,Sorghum,2019,2721.1,84.82,19.35,10364.1
Australia,Maize,1998,399.59,136.37,29.53,46427.7
China,Plantains and others,2016,1642.08,45.11,17.07,77498.8
South Africa,Potatoes,2018,2949.0,32.67,24.89,79627.6
Germany,Soybeans,1991,2408.76,130.69,13.71,8565.2
China,Sorghum,2010,1013.03,16.5,24.66,18527.4
United States,Sorghum,2010,341.14,5.19,33.96,8729.7
Nigeria,Plantains and others,2017,2693.76,49.03,18.78,56570.3
United States,Sweet potatoes,2006,994.78,137.43,30.96,111581.7
Egypt,Plantains and others,2000,2873.2,6.96,17.73,39267.2
Mexico,Yams,1993,1988.51,45.11,16.62,60939.7
Nigeria,Plantains and others,2021,2067.06,64.64,31.8,36831.1
Australia,Soybeans,2012,783.51,20.53,29.13,29654.1
United States,Rice,1999,1038.49,182.72,28.59,45611.4
Germany,Sweet potatoes,2023,2394.01,33.15,30.55,46116.5
Australia,Potatoes,1990,2034.22,41.13,19.58,142743.0
United States,Plantains and others,2019,2984.52,49.12,33.68,17268.2
Indonesia,Wheat,2022,1897.97,9.91,12.68,28364.7
Argentina,Maize,1996,2938.62,10.37,22.49,17935.9
Egypt,Soybeans,2016,1630.4,28.78,18.81,30925.1
Brazil,Sweet potatoes,1995,2470.34,14.42,32.06,25388.6
Germany,Wheat,2000,459.63,101.82,15.63,34327.3
India,Yams,2018,2848.77,78.91,23.13,44605.1
China,Cassava,1997,2325.18,16.1,30.53,31831.1
Japan,Soybeans,2016,328.34,57.44,24.16,27625.1
Indonesia,Soybeans,2005,2097.53,11.92,31.47,15039.3
India,Sorghum,2002,1379.15,98.39,32.81,6816.9
South Africa,Wheat,1990,2219.53,71.36,13.2,14325.8
South Africa,Plantains and others,2009,569.12,7.07,24.46,82416.5
India,Rice,1994,1692.05,20.91,17.23,36601.9
Brazil,Soybeans,2017,777.76,5.94,12.17,15068.4
Nigeria,Rice,2020,1730.16,9.18,33.71,37258.5
Canada,Maize,2001,1629.68,5.99,17.4,37971.2
Mexico,Wheat,1990,551.19,9.25,18.71,25721.9
Argentina,Yams,2004,1485.45,19.54,33.39,41948.2
Canada,Wheat,2004,983.55,103.95,18.08,47178.8
Japan,Soybeans,2009,812.81,32.6,27.11,24649.4
Australia,Maize,1995,2491.66,53.7,33.06,17108.0
Japan,Soybeans,2010,1379.15,41.96,13.37,15429.5
Brazil,Rice,2013,2622.55,26.26,13.44,11563.1
South Africa,Wheat,2013,1038.35,155.37,15.54,38880.6
South Africa,Rice,1990,1852.31,95.81,36.1,20288.2
Brazil,Soybeans,2021,376.99,11.46,29.08,24649.1
Brazil,Yams,2005,1367.79,33.47,15.24,80064.7
Canada,Sorghum,1990,1025.14,139.54,30.35,13551.8
Australia,Wheat,2022,1426.32,56.82,35.65,16021.4
United States,Potatoes,1993,567.51,65.82,15.35,200204.2
India,Potatoes,1998,1133.71,35.87,27.13,178495.1
Canada,Wheat,2018,2185.02,38.12,34.19,9951.3
Brazil,Wheat,1991,2762.74,94.62,22.12,12056.4
India,Wheat,1991,1065.83,71.24,15.0,30974.3
Argentina,Soybeans,2021,619.84,83.5,18.29,30234.9
Brazil,Sweet potatoes,2004,590.57,15.47,23.99,137212.9
Australia,Wheat,2002,1435.16,8.04,17.73,36362.5
Argentina,Soybeans,2022,1528.63,190.7,24.36,26164.7
South Africa,Potatoes,2004,961.98,22.42,31.27,97034.0
Australia,Plantains and others,2004,1780.44,48.32,31.27,40551.7
United States,Soybeans,1997,560.08,125.39,13.69,19574.7
Mexico,Rice,2006,641.62,15.58,12.79,27024.6
United States,Sweet potatoes,1990,1278.68,40.1,16.95,141056.4
Egypt,Sweet potatoes,1991,2314.27,178.86,14.18,71945.3
India,Yams,1992,2099.22,23.66,24.91,51075.6
Argentina,Rice,2002,417.39,28.63,16.22,40358.6
Germany,Soybeans,2009,1518.25,31.49,29.63,24685.4
Nigeria,Soybeans,2006,713.93,6.44,17.1,21056.3
India,Yams,1994,2371.71,10.07,24.32,33238.8
Indonesia,Plantains and others,2003,2399.14,48.74,14.5,45704.0
Egypt,Yams,2010,1800.77,52.55,37.6,41961.2
Brazil,Sweet potatoes,2004,2178.23,14.79,26.34,65931.8
France,Potatoes,2012,1785.36,17.95,32.16,90086.2
India,Cassava,1997,1420.68,13.96,32.87,45336.9
Egypt,Yams,2018,2594.02,53.17,12.57,55193.3
India,Yams,1991,251.93,54.21,26.29,74649.5
South Africa,Maize,2021,206.72,12.85,13.88,35792.7
United States,Yams,2009,511.83,21.78,36.27,50175.5
Nigeria,Sweet potatoes,2017,2842.4,27.5,24.69,64098.4
Canada,Sorghum,2016,826.14,44.35,25.23,20120.0
India,Sweet potatoes,1997,1097.34,46.96,32.74,57380.0
Brazil,Sweet potatoes,2003,1225.12,28.51,17.34,149849.5
Brazil,Sweet potatoes,1990,1580.84,63.21,22.95,98835.0
Brazil,Plantains and others,2020,2250.11,7.57,31.66,22338.8
Australia,Rice,2016,2320.13,54.25,33.71,27516.4
Egypt,Potatoes,2012,1402.93,12.88,12.35,192433.0
Japan,Rice,1994,361.34,27.48,22.24,35790.9
China,Sweet potatoes,2017,2325.74,28.55,35.8,24707.5
Nigeria,Soybeans,1990,1569.66,62.67,33.02,17378.0
Mexico,Soybeans,2010,2299.06,48.75,34.82,7506.4
Egypt,Maize,2013,1120.73,21.53,25.25,70140.2
Nigeria,Plantains and others,2011,491.18,234.97,28.18,93551.7
Australia,Soybeans,2005,700.52,252.69,20.41,34700.7
China,Wheat,2004,1449.68,37.42,12.45,27098.0
United States,Cassava,1994,2720.09,93.96,25.82,42723.4
Egypt,Sorghum,2015,1211.82,58.92,28.76,20634.7
Canada,Wheat,1991,1360.95,138.09,36.13,15959.0
Germany,Sweet potatoes,1998,575.43,9.37,23.4,125165.8
Canada,Yams,1991,1478.73,119.58,22.14,117452.4
Mexico,Potatoes,2023,2779.34,15.09,26.54,90587.9
China,Maize,1992,239.9,19.6,25.51,39368.2
Canada,Yams,1990,942.29,179.24,12.4,92955.5
Brazil,Potatoes,2016,935.65,22.11,25.95,167043.0
Argentina,Yams,2011,388.94,46.43,27.75,84220.9
Indonesia,Potatoes,2015,560.36,12.91,29.23,182143.4
Canada,Yams,2010,2575.59,10.68,29.33,31522.5
Mexico,Yams,2023,1313.39,29.07,17.54,115475.4
South Africa,Soybeans,2012,1167.57,48.29,16.2,20225.9
Egypt,Wheat,1994,2709.96,26.3,15.12,15192.5
Germany,Yams,1997,1410.32,96.12,31.25,54026.5
Egypt,Yams,2013,1211.51,51.63,32.6,64308.9
United States,Cassava,2006,2754.33,5.37,23.09,55277.4
Egypt,Sorghum,2017,2612.03,14.09,26.4,9081.6
South Africa,Maize,2012,2917.49,54.22,12.46,12886.7
Canada,Sweet potatoes,2018,2895.54,8.26,34.71,34165.1
Canada,Plantains and others,2013,1161.13,10.28,31.68,62325.9
Mexico,Potatoes,2020,1876.51,119.17,36.18,75580.3
Nigeria,Sweet potatoes,2005,1447.69,77.9,17.01,160288.9
Canada,Cassava,2016,927.17,206.68,28.85,110736.3
Australia,Wheat,1993,2765.24,34.43,33.32,5884.4
China,Plantains and others,2021,1587.55,19.33,34.31,38161.0
Indonesia,Soybeans,2001,2745.18,21.71,17.44,10522.6
United States,Rice,1999,823.02,32.59,17.6,43290.2
Japan,Sorghum,1994,2142.43,55.25,26.96,8101.9
Germany,Sorghum,2013,2718.45,49.65,36.35,4424.9
United States,Cassava,2022,2858.77,54.63,15.71,63912.3
Germany,Rice,2013,1733.51,7.43,21.15,46903.2
France,Sorghum,2016,2098.59,38.9,31.43,6378.0
Argentina,Potatoes,2020,495.54,37.85,36.41,76028.2
United States,Plantains and others,2000,2944.87,17.13,26.68,32572.1
Germany,Sorghum,2004,1934.97,18.1,19.18,15190.9
China,Cassava,2014,1691.72,71.13,16.01,107004.2
Egypt,Maize,2011,660.38,243.83,13.17,40280.5
China,Soybeans,1994,934.83,51.41,32.34,18980.2
India,Wheat,2002,1872.64,41.46,16.17,24262.4
Mexico,Sorghum,1991,2580.07,23.34,17.16,6806.1
United States,Maize,2015,2206.67,13.87,17.88,24770.3
Egypt,Wheat,1996,588.55,260.88,20.64,44701.9
Australia,Potatoes,2012,2556.71,17.94,13.56,92516.8
Brazil,Yams,1997,2109.3,70.12,34.4,22637.0
Nigeria,Soybeans,2009,2823.9,50.98,25.9,13273.3
Mexico,Yams,2022,2315.5,46.06,17.59,49835.6
Japan,Yams,2012,1269.06,8.24,23.72,95986.5
Argentina,Sorghum,2001,1643.79,11.97,16.0,16325.9
Argentina,Soybeans,1990,1636.51,20.17,24.03,17413.4
Japan,Cassava,2020,656.82,46.35,19.36,139450.2
Australia,Wheat,2000,968.84,42.52,34.89,15730.5
Canada,Yams,1997,1638.58,21.07,21.18,88090.0
Brazil,Maize,1999,1133.54,15.58,32.16,37145.5
Brazil,Wheat,2008,1185.07,81.79,28.93,20040.6
Australia,Yams,2020,1284.96,112.76,21.43,147410.9
Argentina,Rice,2021,2624.2,130.3,15.27,19319.7
Australia,Yams,2020,2511.35,6.82,34.02,19310.9
Mexico,Rice,2005,2292.13,47.51,21.66,33415.9
France,Sweet potatoes,2019,994.61,10.7,18.56,179558.9
Germany,Rice,1995,2089.99,11.42,25.78,33300.6
Argentina,Yams,1992,741.34,30.58,18.28,93216.8
Egypt,Plantains and others,2004,1627.46,10.42,24.7,78378.4
Egypt,Wheat,2007,2418.98,37.56,14.0,16231.7
Indonesia,Sweet potatoes,2013,1503.83,83.71,21.47,170687.1
Brazil,Sweet potatoes,2008,1886.95,7.84,21.54,115626.0
France,Wheat,2006,2877.45,32.19,24.66,13574.1
China,Maize,1995,1187.93,14.06,13.73,30998.0
Australia,Plantains and others,2022,2459.62,26.53,12.77,45645.0
India,Rice,1990,1598.54,161.86,24.98,42742.9
Germany,Maize,2023,345.26,24.88,13.34,31811.9
Australia,Rice,2001,1726.8,25.28,37.07,21899.9
Egypt,Soybeans,2023,1621.19,35.21,13.52,21588.8
France,Yams,2010,1066.83,10.36,13.79,96513.3
Japan,Sweet potatoes,2019,2828.65,56.44,12.17,61371.1
United States,Wheat,2012,2807.83,51.53,27.06,15290.1
India,Soybeans,1991,1445.78,202.14,14.3,17994.7
Mexico,Potatoes,2018,1345.28,44.4,18.2,226620.1
Egypt,Cassava,2022,1529.51,30.57,26.96,121068.7
Mexico,Maize,1994,2260.94,53.79,18.8,17570.1
Australia,Sweet potatoes,2016,1950.68,7.83,20.15,115595.4
Canada,Soybeans,2001,656.4,88.42,23.33,30006.0
Japan,Rice,2005,2337.35,12.54,20.95,27580.9
China,Sorghum,2021,364.09,125.88,20.66,18536.0
United States,Cassava,2009,2553.06,67.55,29.25,37768.9
China,Plantains and others,1994,389.8,24.96,33.39,33495.0
Nigeria,Wheat,1997,2907.57,34.19,24.19,14132.3
Egypt,Cassava,2001,1120.7,17.44,34.1,49680.0
Australia,Rice,2017,611.36,120.71,31.45,44263.5
South Africa,Sorghum,2022,972.54,93.42,24.24,20866.5
Argentina,Wheat,1994,1895.21,13.47,19.24,24736.6
China,Sweet potatoes,1994,2086.08,113.75,16.15,85699.8
South Africa,Maize,2009,1881.29,39.97,23.86,30094.5
Mexico,Yams,1994,2080.92,27.31,14.46,54841.7
Nigeria,Cassava,2007,2937.05,69.45,18.4,59957.5
Indonesia,Wheat,2018,548.66,135.85,37.67,19016.2
Australia,Plantains and others,2014,837.32,247.59,21.06,117480.0
Australia,Cassava,2010,1939.37,18.13,32.74,44727.0
Australia,Cassava,2021,2855.31,36.31,26.08,64967.2
Argentina,Plantains and others,1990,768.27,147.65,16.56,104294.5
Australia,Maize,2008,1400.76,15.1,17.51,41975.4
Nigeria,Soybeans,2003,362.23,34.27,17.37,21966.7
Egypt,Cassava,2019,2099.16,17.64,14.92,94794.3
Brazil,Potatoes,2006,1638.45,21.41,23.19,151012.7
Brazil,Wheat,2023,1339.46,21.23,31.94,18614.1
France,Wheat,2001,1159.0,21.08,29.95,21007.7
Canada,Wheat,2019,2548.01,25.67,27.39,13705.1
Nigeria,Cassava,1991,2732.54,80.07,37.95,20463.6
China,Plantains and others,2020,2374.73,42.55,17.68,38847.0
United States,Sweet potatoes,2017,1780.02,59.34,19.62,159887.0
Indonesia,Maize,2000,1703.83,14.88,13.89,29766.4
Brazil,Soybeans,2016,2126.61,86.86,14.3,13226.6
Germany,Yams,2018,2251.33,66.46,29.78,30550.5
China,Maize,1999,692.75,5.84,31.22,39368.7
Mexico,Rice,1998,883.49,112.57,12.42,27478.3
Mexico,Yams,2012,2316.05,36.84,17.38,49401.6
Argentina,Rice,2004,2974.75,41.47,33.28,14153.5
Mexico,Rice,2006,769.36,53.23,30.5,45714.2
Brazil,Maize,1998,585.3,28.32,27.73,45080.8
Australia,Plantains and others,2001,2487.4,24.55,13.77,34361.2
Argentina,Rice,2020,2732.54,23.62,25.44,22337.1
Egypt,Wheat,2011,809.12,25.81,29.11,32183.8
Indonesia,Wheat,2023,1930.16,14.43,15.86,28279.6
Egypt,Rice,2020,274.29,98.82,15.19,35590.7
Mexico,Wheat,1996,2137.27,15.77,27.22,17319.1
Brazil,Wheat,2003,1682.07,11.51,35.65,9845.7
Argentina,Rice,2006,539.24,44.16,13.14,27766.8
Canada,Sweet potatoes,2011,911.52,27.44,31.68,93509.4
Egypt,Rice,2017,2523.72,10.14,24.5,32923.8
Australia,Yams,1990,539.44,52.15,29.1,71889.0
South Africa,Sweet potatoes,2010,2217.24,79.25,33.08,32773.2
Germany,Soybeans,1992,1852.14,205.96,24.79,21073.3
Brazil,Sweet potatoes,2002,2899.64,36.7,15.13,51567.8
United States,Cassava,2022,2909.93,70.39,14.86,56635.4
Germany,Plantains and others,2021,931.35,165.94,17.01,110372.6
Nigeria,Potatoes,2002,1451.19,54.25,15.7,184398.2
Indonesia,Plantains and others,1999,221.83,42.88,30.11,58642.0
India,Sweet potatoes,2016,2891.82,24.69,18.77,75460.6
South Africa,Rice,1995,1631.41,23.43,30.12,42811.5
United States,Rice,2004,2934.43,78.68,30.06,18616.8
France,Plantains and others,1999,1194.67,140.51,20.6,103014.7
Argentina,Soybeans,1994,2226.26,37.41,34.5,8820.1
Argentina,Cassava,2017,1711.61,12.0,25.4,88876.9
Canada,Potatoes,2015,2659.21,74.65,30.88,55328.1
United States,Sorghum,1990,834.06,111.89,24.86,18923.2
Germany,Sorghum,2020,569.6,42.63,26.33,18537.4
Egypt,Rice,2009,2813.96,108.36,26.95,24128.3
China,Soybeans,2020,288.01,14.71,14.18,16441.7
China,Potatoes,1992,1491.31,14.81,33.78,80588.4
India,Potatoes,1998,2421.13,112.83,29.36,62297.0
Australia,Rice,2020,1324.93,5.93,32.77,48226.2
Brazil,Rice,2022,467.13,104.12,18.46,45080.5
Mexico,Yams,2021,1181.73,67.63,33.05,56602.4
Mexico,Potatoes,2012,1156.4,14.44,26.59,185119.9
Argentina,Sorghum,2008,2321.92,10.21,23.5,7472.2
Brazil,Potatoes,1994,200.5,37.39,35.46,63997.2
France,Potatoes,2011,549.45,49.61,35.13,79656.0
Japan,Potatoes,2005,460.44,261.72,20.55,204375.3
Argentina,Wheat,2013,1297.46,41.9,32.21,17375.7
India,Potatoes,1990,1621.53,96.28,15.22,161515.0
Germany,Maize,1990,1577.42,15.96,17.14,42430.5
Germany,Yams,2010,1599.63,105.08,29.76,73426.1
Argentina,Wheat,2013,1549.13,16.41,15.3,34770.7
India,Rice,2012,478.34,44.51,15.98,36555.1
Mexico,Maize,2015,2806.7,106.99,14.99,16341.3
Australia,Potatoes,2017,2101.57,30.29,29.46,91770.9
India,Potatoes,2021,1568.45,5.46,24.34,199651.3
Nigeria,Sweet potatoes,1996,669.69,58.69,26.37,150816.8
Indonesia,Wheat,1999,1434.24,22.62,28.24,27771.5
Nigeria,Cassava,2010,408.18,6.69,36.16,51677.1
South Africa,Potatoes,1998,1571.65,89.71,15.27,173187.0
France,Plantains and others,2020,616.36,37.11,29.18,74060.6
Germany,Maize,2000,2094.83,37.27,17.89,29550.4
Indonesia,Potatoes,1993,645.96,17.73,17.62,224082.8
Indonesia,Maize,1990,1271.28,85.44,25.92,53140.9
South Africa,Potatoes,2006,1749.83,42.53,29.43,106911.6
Argentina,Plantains and others,2008,1338.02,6.89,14.89,98082.7
Egypt,Wheat,1990,1053.93,8.17,26.31,35656.6
South Africa,Yams,2001,559.64,13.72,20.35,83070.9
United States,Plantains and others,1990,1097.74,28.08,16.01,99096.3
China,Plantains and others,1991,1767.5,27.32,34.28,27715.0
Canada,Soybeans,2002,2422.79,39.04,36.85,5353.1
China,Sweet potatoes,2020,202.88,105.75,16.1,144123.7
Japan,Soybeans,2023,2187.87,49.8,15.16,11947.8
China,Sorghum,2006,2514.35,14.24,30.66,4358.4
Japan,Yams,1991,2414.03,86.14,24.12,31819.0
Australia,Rice,1992,2403.31,59.65,20.42,27663.1
Australia,Plantains and others,1997,666.3,9.28,17.03,100315.1
South Africa,Soybeans,2020,1806.52,28.23,26.08,20422.8
Canada,Cassava,1999,1310.85,9.87,30.59,72793.9
India,Sweet potatoes,2005,2061.63,17.04,22.57,89195.5
South Africa,Sorghum,2000,2612.25,26.31,33.79,3219.3
Argentina,Plantains and others,2000,1511.7,116.72,13.73,81877.7
Japan,Sorghum,2003,2065.31,158.64,26.21,10516.6
Argentina,Wheat,2018,337.51,36.03,17.61,37963.5
Egypt,Sweet potatoes,2021,2251.9,9.94,25.59,87806.7
Indonesia,Maize,1997,665.65,14.07,37.78,24663.7
Germany,Maize,1994,2908.89,82.94,28.42,16398.1
Japan,Sorghum,2000,1960.03,5.77,13.96,9971.6
Germany,Soybeans,2007,2982.12,33.62,15.86,9070.2
Germany,Sweet potatoes,1996,2289.15,6.96,31.53,36628.1
Nigeria,Sorghum,2023,2202.5,24.94,30.84,7040.3
Brazil,Cassava,1997,1455.68,56.33,17.72,110998.9
Nigeria,Maize,2005,1884.39,16.02,16.93,38504.7
Argentina,Cassava,2003,1724.88,22.32,18.13,107259.3
South Africa,Potatoes,1996,2465.11,26.23,13.37,71349.1
Argentina,Maize,2023,1464.12,13.95,22.18,54316.6
India,Potatoes,2016,2573.96,14.1,31.35,52852.2
Indonesia,Rice,1991,1526.05,63.86,25.47,54801.1
United States,Wheat,1995,442.28,6.31,36.85,12321.2
China,Cassava,2018,2783.2,21.17,30.31,27755.6
Brazil,Soybeans,2017,1557.78,101.15,33.29,19961.3
South Africa,Plantains and others,2011,676.42,134.5,30.12,70112.0
Japan,Wheat,2020,631.91,41.97,32.94,16294.7
Brazil,Cassava,2002,2632.42,17.88,28.12,33979.9
Germany,Maize,1993,1750.28,142.99,25.69,39203.4
Egypt,Wheat,1992,1922.42,114.46,20.56,29002.0
South Africa,Soybeans,1999,1812.11,114.65,28.86,20691.5
Nigeria,Rice,2014,1930.25,125.61,26.79,48944.4
South Africa,Sweet potatoes,2015,1661.98,23.51,37.41,62798.7
Canada,Maize,2006,209.84,98.96,21.61,54996.6
Germany,Rice,2006,2110.74,27.3,33.22,29865.6
Japan,Plantains and others,2015,2363.91,61.38,19.4,38835.3
China,Sweet potatoes,1997,2155.21,6.51,26.21,66391.7
Nigeria,Potatoes,2023,707.46,25.2,34.85,86301.2
Egypt,Rice,1996,472.92,102.92,15.89,42577.8
United States,Plantains and others,1994,631.55,22.23,31.09,60678.5
Australia,Rice,1998,2819.15,76.05,21.33,17014.2
Japan,Rice,2017,316.55,116.76,31.7,31888.8
Mexico,Cassava,2006,1063.1,39.26,13.65,117968.2
South Africa,Rice,2014,2785.9,93.45,31.92,18709.5
Japan,Plantains and others,2001,2021.61,28.97,25.01,56268.7
South Africa,Sweet potatoes,2004,768.02,13.15,37.92,61322.9
Mexico,Plantains and others,2022,2006.87,59.49,20.99,73881.2
Japan,Cassava,1993,2234.91,25.73,31.03,27951.9
France,Potatoes,2023,1763.15,46.45,27.26,170583.7
China,Sweet potatoes,2005,796.6,32.07,21.76,141662.7
Japan,Sweet potatoes,2023,2683.05,39.02,16.63,71614.8
China,Potatoes,1997,1906.54,77.32,17.84,127485.4
Argentina,Wheat,2023,2193.27,63.07,33.12,9324.5
Argentina,Yams,2013,1814.86,55.6,27.67,61935.9
India,Plantains and others,2023,778.62,7.06,29.4,81470.2
Nigeria,Cassava,1992,2789.98,53.8,20.08,57149.5
Indonesia,Rice,1996,1196.42,19.06,15.23,40710.9
Indonesia,Cassava,2010,2862.64,16.71,28.69,48221.3
France,Rice,2012,2851.92,16.33,18.12,18740.7
Brazil,Plantains and others,1992,2227.45,133.27,15.2,40652.8
Japan,Cassava,2020,1709.66,23.6,27.54,80302.7
Canada,Soybeans,2003,781.83,13.49,30.14,26879.9
Australia,Rice,2017,2381.72,32.55,12.44,20543.0
Argentina,Maize,2002,298.19,60.26,35.62,26319.2
South Africa,Wheat,2006,462.74,27.3,20.23,34286.3
Egypt,Wheat,1994,2509.04,26.82,20.59,14447.0
Nigeria,Rice,1995,1072.03,160.99,15.72,46122.5
Indonesia,Plantains and others,2022,2338.55,16.99,34.52,21581.2
Brazil,Plantains and others,1991,2085.6,6.35,24.91,42205.0
Argentina,Plantains and others,2017,2990.11,296.62,17.54,46015.7
Argentina,Sweet potatoes,2020,2257.77,19.24,24.75,75311.8
Egypt,Potatoes,2019,1071.48,13.87,15.93,258311.2
Argentina,Yams,2012,2962.85,103.1,23.49,45975.9
Argentina,Soybeans,2005,1255.72,41.45,28.41,25612.2
Mexico,Soybeans,1991,2673.21,42.1,27.71,8715.0
Egypt,Sweet potatoes,2000,2696.63,165.07,33.1,31177.7
Egypt,Sorghum,1998,728.78,45.71,27.06,19453.3
Mexico,Wheat,2008,2466.97,66.36,22.0,15299.7
Australia,Sorghum,1995,1172.42,81.39,34.1,8421.5
Canada,Plantains and others,2008,2870.3,10.62,20.92,41030.0
Germany,Wheat,2015,989.89,27.04,25.13,37172.8
Canada,Sweet potatoes,1993,988.16,6.12,25.05,141614.7
Germany,Potatoes,2018,1959.72,22.18,13.78,140914.2
Australia,Sweet potatoes,1995,2985.04,22.53,27.07,55235.2
India,Cassava,2009,2470.29,15.51,13.95,57566.1
Germany,Sweet potatoes,2017,2019.92,11.26,33.56,51727.2
China,Sorghum,2008,902.24,13.04,24.98,15899.2
Japan,Wheat,2013,737.35,20.02,32.2,18340.1
Indonesia,Rice,1990,1668.64,8.23,19.19,42444.5
Indonesia,Potatoes,1995,2139.14,41.96,30.45,68418.6
Egypt,Wheat,1991,2959.74,20.21,27.39,10583.3
Germany,Soybeans,2007,505.83,21.84,25.4,26530.5
Nigeria,Wheat,2012,2123.29,37.33,21.78,22342.6
Australia,Sweet potatoes,2010,2088.41,34.57,19.25,109378.3
Brazil,Maize,1999,2276.12,8.75,20.72,19392.4
Indonesia,Sweet potatoes,2020,2888.88,20.96,29.16,57447.0
India,Potatoes,2001,1665.25,30.26,29.22,127726.8
United States,Plantains and others,2019,2549.33,17.25,31.64,26246.9
Mexico,Potatoes,1992,1822.1,126.54,34.34,64881.4
Argentina,Soybeans,1990,1699.4,35.83,19.17,14537.4
China,Sorghum,2012,2520.41,15.79,27.71,6467.8
France,Maize,2013,1656.1,96.79,16.9,37905.3
South Africa,Rice,2009,960.68,13.05,34.68,31008.8
Japan,Sweet potatoes,2005,958.38,47.45,35.35,58653.8
Brazil,Cassava,2014,2583.94,100.23,19.88,55160.4
Germany,Rice,2005,2723.93,20.34,31.78,18282.9
Mexico,Sorghum,1997,1321.81,71.78,24.83,16884.5
China,Rice,1990,1244.24,24.66,35.95,23492.3
China,Sorghum,2014,1921.3,12.82,17.83,14878.8
Indonesia,Soybeans,2004,714.79,108.75,28.15,30076.7
Australia,Sorghum,2023,929.66,9.95,22.34,24228.2
United States,Rice,2007,1177.05,8.2,16.84,46431.1
United States,Wheat,2013,1640.53,41.03,18.09,35001.1
Egypt,Maize,2021,1491.93,7.22,20.61,61880.6
United States,Rice,2012,2568.32,20.35,32.13,18930.4
United States,Potatoes,1990,477.62,100.0,14.52,165596.0
South Africa,Plantains and others,2002,775.56,12.1,16.37,87954.4
India,Sweet potatoes,2016,1597.88,43.53,36.24,65820.0
Nigeria,Yams,2023,1171.65,36.97,30.38,83855.2
Egypt,Cassava,1991,1006.61,87.98,28.52,90914.0
Brazil,Maize,2014,2245.78,80.19,29.62,22963.1
Egypt,Cassava,1993,2581.19,11.06,27.69,43833.2
Indonesia,Wheat,2023,2155.96,90.17,21.62,23392.4
Brazil,Cassava,2004,1761.75,12.35,36.62,33940.6
Canada,Sweet potatoes,1996,1931.02,34.17,24.44,103299.4
Germany,Cassava,2010,228.73,123.07,18.14,126920.0
France,Soybeans,2008,1795.88,106.68,28.3,21869.2
Argentina,Rice,2007,2396.71,16.59,17.05,24930.8
China,Yams,2003,2661.42,39.27,33.38,18031.7
South Africa,Maize,2000,1919.85,83.23,34.72,23092.6
Mexico,Plantains and others,2013,388.7,54.78,27.72,68935.5
South Africa,Plantains and others,2003,2844.43,140.85,15.77,36760.8
Japan,Wheat,2005,2791.25,31.15,28.41,8272.1
China,Potatoes,1992,1363.29,19.36,36.45,70407.4
South Africa,Soybeans,1990,901.73,10.06,32.97,16424.3
India,Plantains and others,2006,2188.64,57.93,12.66,45658.5
Japan,Maize,1999,2434.04,5.21,19.53,18010.8
China,Sweet potatoes,1991,2206.75,23.81,30.26,38283.8
Australia,Wheat,1990,607.0,330.06,12.71,30044.4
Mexico,Soybeans,2000,1190.68,13.56,23.35,26476.3
Nigeria,Soybeans,1995,2825.18,118.25,31.56,10925.9
Canada,Cassava,1994,2449.75,80.09,26.02,40090.1
Brazil,Potatoes,2018,1050.95,48.1,32.45,87513.1
Indonesia,Maize,2002,2856.09,15.99,28.64,22178.1
Canada,Maize,1992,2537.37,31.98,37.72,8818.4
Japan,Sweet potatoes,2013,291.4,13.12,32.55,62745.4
Argentina,Potatoes,2009,2387.98,44.18,13.5,84363.5
Canada,Maize,2004,2734.14,213.81,31.69,18840.2
India,Sorghum,2000,1914.91,25.84,17.11,13192.2
China,Maize,1999,637.2,60.65,28.88,43867.4
Mexico,Potatoes,1991,2033.03,16.87,24.84,99316.9
Nigeria,Cassava,2003,422.85,10.33,13.92,139299.6
Argentina,Rice,2021,1144.52,99.85,29.87,57576.1
Argentina,Rice,2016,2344.61,16.08,15.42,22071.2
Brazil,Wheat,2006,2359.54,32.37,37.64,5973.5
Germany,Rice,1990,958.67,27.47,13.56,30168.9
China,Maize,2014,220.39,14.26,31.49,33577.9
Argentina,Wheat,2004,2852.52,14.67,15.43,15414.9
Indonesia,Sorghum,2019,1719.38,14.51,22.13,22728.2
Mexico,Maize,1991,2365.35,10.79,36.78,9462.7
India,Soybeans,2009,678.68,117.61,23.85,31398.4
Mexico,Yams,1999,1431.31,36.03,36.71,36562.3
France,Wheat,2008,218.91,20.18,28.17,27023.0
Egypt,Plantains and others,1995,2664.64,63.86,13.83,43191.9
Australia,Soybeans,2012,1670.0,26.87,15.96,21230.8
United States,Wheat,2018,656.22,43.41,36.96,17534.6
Argentina,Sorghum,2023,2170.51,8.61,28.58,9038.5
Canada,Maize,2009,478.81,62.44,16.58,44550.4
United States,Yams,2009,2476.47,187.75,19.37,65566.2
Germany,Yams,2018,2000.02,92.1,21.02,84999.5
France,Rice,2015,643.31,5.33,32.23,31107.0
Australia,Yams,2019,883.22,111.23,30.24,89762.7
China,Sorghum,1991,1919.67,25.16,35.08,4902.5
South Africa,Yams,2004,1475.02,203.12,22.88,90897.6
China,Soybeans,1992,244.77,59.48,13.88,14089.9
India,Sorghum,2023,1468.87,86.59,16.27,20144.2
Australia,Soybeans,2018,1945.58,19.93,13.32,14556.4
China,Plantains and others,2020,299.42,22.62,16.07,79214.1
Mexico,Sorghum,1994,2299.37,52.0,16.42,8432.9
India,Sweet potatoes,2020,2481.58,6.91,12.6,58920.1
Japan,Sweet potatoes,2001,1090.52,52.43,24.98,134185.0
France,Wheat,2006,2426.49,140.57,13.41,13267.3
Germany,Plantains and others,2006,1751.86,13.38,17.57,68065.3
Egypt,Yams,2013,1434.44,10.36,32.66,48603.9
Argentina,Maize,2005,1092.94,9.76,24.62,52396.1
United States,Soybeans,2002,1722.48,65.12,27.88,20341.6
South Africa,Soybeans,2019,575.72,24.53,34.54,18073.2
France,Wheat,1993,357.47,69.97,18.17,29113.4
South Africa,Sweet potatoes,2021,433.03,150.09,23.62,158209.0
Indonesia,Sorghum,2019,535.57,16.0,16.05,27686.1
Mexico,Soybeans,2008,2424.08,10.59,19.9,10126.5
Germany,Rice,2017,1401.9,10.51,29.51,46158.8
Canada,Potatoes,2005,857.59,152.61,20.28,238914.4
Nigeria,Yams,2008,2362.21,23.32,36.22,21088.1
Egypt,Potatoes,2005,2472.46,95.12,30.89,54027.6
Canada,Yams,2012,1503.88,30.49,17.05,124313.2
France,Potatoes,2015,1707.54,18.81,37.37,80113.7
Nigeria,Yams,2010,1038.39,170.32,21.35,145809.9
Japan,Wheat,2006,2968.59,11.09,37.01,5084.8
China,Soybeans,2006,2250.56,108.36,34.13,10057.4
Japan,Cassava,1995,2034.04,193.98,26.82,59038.3
Canada,Wheat,2004,2097.86,98.57,14.57,23802.9
Indonesia,Sorghum,1997,2160.61,61.15,32.34,4987.3
Mexico,Sorghum,1993,766.79,41.5,32.92,7096.6
Nigeria,Cassava,2012,2653.18,41.54,23.79,54173.1
Brazil,Wheat,1998,2846.21,114.98,12.07,12036.9
China,Yams,2001,2046.81,31.97,17.43,66808.1
Germany,Sweet potatoes,2012,1194.01,19.77,35.03,68174.5
Argentina,Soybeans,2001,2671.19,83.43,14.71,8730.1
Egypt,Wheat,1992,1662.28,103.28,28.24,27235.5
Australia,Potatoes,2010,624.92,71.4,23.43,220940.5
India,Sorghum,2018,782.38,37.63,13.0,21695.9
China,Cassava,2021,1591.81,8.1,12.89,97329.3
Canada,Potatoes,2018,1147.99,38.23,31.76,129387.2
Japan,Maize,1997,700.97,8.43,18.62,42761.6
Canada,Cassava,2014,383.97,38.98,13.37,141021.3
Argentina,Rice,1999,2248.81,9.61,35.33,18569.0
Indonesia,Cassava,2019,2161.18,5.29,12.12,75107.4
South Africa,Rice,2012,2860.77,99.09,17.24,17091.8
United States,Rice,1997,1076.69,75.61,20.96,49011.8
Germany,Cassava,1994,2768.34,17.71,23.68,47136.4
Argentina,Cassava,2019,2922.09,28.46,19.33,63831.9
France,Wheat,1992,706.86,164.54,26.98,30088.1
Canada,Sorghum,2017,2662.89,100.06,23.29,9751.3
Egypt,Cassava,2013,817.84,93.58,35.71,61683.3
Egypt,Potatoes,2009,1046.13,61.39,36.21,90602.4
Argentina,Plantains and others,1996,1479.9,20.68,19.08,72343.3
Nigeria,Cassava,2010,251.56,91.42,36.11,49085.0
China,Yams,2005,2823.11,17.86,21.1,40650.5
France,Sorghum,2000,1062.37,90.02,35.33,7684.2
Argentina,Sorghum,2018,266.74,17.42,12.6,16984.0
Mexico,Wheat,2009,1542.53,29.38,17.37,34244.2
South Africa,Cassava,2017,1624.21,56.06,34.1,40338.9
South Africa,Wheat,2005,2420.57,54.67,27.12,12592.0
Nigeria,Wheat,1995,294.51,134.89,15.09,33628.8
Canada,Rice,2002,1103.81,36.0,27.33,57048.0
Australia,Maize,2018,502.79,14.5,29.97,49275.0
Nigeria,Soybeans,2022,206.68,26.66,24.03,24724.9
China,Sorghum,2022,2336.17,78.38,25.02,8495.5
Egypt,Plantains and others,2005,245.7,101.84,34.48,40805.9
Japan,Yams,2002,2337.87,118.35,12.88,36940.1
Argentina,Wheat,2005,1670.27,13.69,26.17,27541.8
Nigeria,Soybeans,2000,368.73,19.99,37.52,13906.0
Argentina,Yams,2017,400.09,67.21,36.11,49418.5
Japan,Plantains and others,2009,1534.47,6.57,14.01,74841.5
China,Maize,2010,1155.76,87.46,17.22,44284.2
Mexico,Yams,1999,372.61,27.53,14.47,97032.6
Nigeria,Sweet potatoes,1994,390.4,33.94,31.66,80599.2
South Africa,Yams,2000,1907.45,23.47,28.42,44320.1
United States,Sweet potatoes,2005,2501.63,84.9,21.12,64990.7
Nigeria,Wheat,1993,1276.1,44.84,15.0,39239.0
Australia,Potatoes,2022,2687.44,12.96,22.68,103074.9
Mexico,Wheat,1997,633.66,106.83,28.11,26363.4
United States,Cassava,2020,1278.39,6.81,28.07,92632.5
Japan,Plantains and others,1992,2964.0,98.73,31.58,18834.7
India,Plantains and others,2004,2051.99,12.98,34.2,23292.8
India,Sweet potatoes,1991,2383.37,38.5,27.88,49858.4
India,Wheat,2010,2403.35,36.6,15.61,14405.4
Indonesia,Maize,2005,2087.08,91.68,22.0,33075.9
Canada,Cassava,2002,1118.19,62.39,36.23,49331.8
Canada,Wheat,2014,256.07,8.61,22.97,39659.6
Canada,Cassava,2014,865.78,68.03,31.8,78912.9
India,Sorghum,2002,1514.0,19.8,27.37,13305.6
Brazil,Potatoes,1999,1020.49,69.59,23.09,185930.5
Mexico,Potatoes,2003,1002.57,27.26,16.46,219253.2
Mexico,Sorghum,2018,1814.68,13.46,19.7,15924.0
Brazil,Yams,1990,2053.27,100.64,25.75,53119.7
United States,Wheat,2000,1773.33,10.07,13.31,29681.3
Japan,Sorghum,2004,323.0,100.76,22.66,17139.3
Germany,Maize,2011,1883.79,7.52,36.12,22548.2
Mexico,Maize,1994,2144.31,58.46,18.54,23562.0
China,Maize,2017,2560.01,28.8,34.47,15451.3
South Africa,Yams,1990,941.66,12.65,17.1,86045.7
Japan,Sweet potatoes,1995,1181.86,13.66,25.16,103703.6
United States,Cassava,1993,2615.69,49.36,29.09,29734.6
Japan,Plantains and others,2007,370.17,77.64,23.82,80829.5
Germany,Wheat,2015,1646.34,17.24,36.03,14823.9
South Africa,Plantains and others,1991,1757.06,83.62,19.57,68955.6
China,Maize,1997,2217.96,20.17,35.19,11830.6
Egypt,Sweet potatoes,2010,712.37,10.93,28.21,138524.6
France,Rice,1990,943.93,68.17,25.54,39114.4
South Africa,Sweet potatoes,1996,1000.09,28.06,37.22,55453.4
Argentina,Maize,2015,280.69,81.92,34.91,31111.2
Japan,Wheat,2018,904.84,14.54,26.14,27916.4
South Africa,Soybeans,2021,860.94,9.26,34.48,23433.0
Brazil,Cassava,2015,1272.29,28.89,15.28,108109.5
Egypt,Rice,2015,1050.33,56.8,17.48,54859.8
United States,Sweet potatoes,1994,2472.02,20.45,32.79,25816.8
Argentina,Potatoes,2004,1011.78,58.81,13.08,197735.3
Argentina,Cassava,2009,480.05,32.14,32.92,50599.7
France,Rice,1993,1973.11,15.63,25.33,34018.8
China,Rice,2010,1833.06,19.2,34.73,24517.6
India,Wheat,2007,1324.17,8.93,28.38,26488.8
India,Maize,2006,520.8,23.79,22.1,52470.9
India,Sorghum,2019,2327.86,114.61,25.96,8930.2
Egypt,Potatoes,1993,1809.04,15.02,21.4,180891.0
Japan,Wheat,1997,381.38,86.73,20.47,30878.4
Argentina,Yams,2003,2628.81,183.71,24.22,51046.7
Brazil,Potatoes,1996,2578.7,37.09,28.54,51719.4
China,Rice,1999,2440.21,24.77,21.15,21023.7
Japan,Sweet potatoes,1998,1092.38,55.81,14.55,136331.3
Egypt,Soybeans,2006,1120.75,181.22,22.36,31898.9
Egypt,Wheat,1992,2296.08,49.43,23.3,18371.8
Australia,Potatoes,1994,2318.55,10.12,26.63,65434.5
Argentina,Potatoes,2008,1606.16,14.79,14.18,177030.0
Japan,Wheat,2001,1913.76,5.27,34.57,8844.0
Australia,Maize,2006,2753.95,25.34,17.25,20553.9
South Africa,Potatoes,2002,2826.67,129.81,23.13,69235.7
Brazil,Cassava,1990,2415.13,71.73,15.55,34747.5
Canada,Potatoes,2006,1759.95,32.57,30.55,112330.1
Brazil,Rice,2021,1696.75,19.42,23.24,44696.6
India,Soybeans,2015,1590.95,58.65,32.51,19760.8
Mexico,Yams,1990,753.4,28.04,18.95,83610.2
Japan,Rice,2015,215.56,150.34,14.56,25652.3
Indonesia,Sweet potatoes,2004,793.47,24.19,32.68,73568.5
Japan,Cassava,1992,930.37,154.13,22.57,107380.6
Japan,Sorghum,2015,1193.86,16.54,14.54,20431.1
India,Rice,2016,2440.06,25.45,13.12,19977.0
China,Cassava,2022,2697.88,8.8,25.08,47606.0
Brazil,Sweet potatoes,2010,1153.23,76.78,15.1,138618.6
United States,Sweet potatoes,2004,2488.86,55.52,30.78,36434.9
Mexico,Maize,1995,2776.82,93.63,33.54,15967.5
Nigeria,Wheat,2023,2306.89,50.81,12.05,16729.9
Argentina,Plantains and others,2009,1427.03,93.45,15.68,85783.3
Germany,Soybeans,1991,805.26,130.97,25.52,26018.1
Brazil,Plantains and others,1994,662.32,67.63,23.53,72758.5
Egypt,Sorghum,2016,1178.61,96.86,26.65,21482.8
Japan,Sorghum,2013,2844.73,57.82,28.87,5749.5
Indonesia,Sorghum,2020,1912.88,5.63,23.18,16366.7
Argentina,Cassava,2012,1420.18,26.53,29.93,76958.3
Japan,Yams,2023,1552.09,35.63,14.72,103281.3
China,Rice,1991,667.14,75.41,35.42,23527.7
Canada,Soybeans,2013,1280.71,65.21,18.71,29990.1
Australia,Plantains and others,2007,2060.1,32.04,21.75,53359.4
Mexico,Wheat,2001,2890.21,31.13,15.56,15218.3
South Africa,Yams,2010,1189.48,86.3,27.98,87397.8
Nigeria,Wheat,2015,2656.69,63.86,35.39,6474.6
France,Sweet potatoes,1997,2676.42,44.0,30.59,41602.2
Australia,Soybeans,1996,330.23,16.39,17.03,22577.9
France,Plantains and others,2000,1961.24,87.37,27.18,50103.2
Japan,Potatoes,2003,2573.47,69.53,14.69,82415.1
France,Rice,2016,1164.21,61.62,17.92,45870.2
Australia,Plantains and others,1997,870.18,106.17,25.11,109933.8
Germany,Cassava,2007,947.57,48.86,35.28,58037.6
India,Soybeans,1990,2660.28,18.8,24.33,10962.1
Australia,Sorghum,2017,1736.28,9.71,16.59,18325.9
Egypt,Sorghum,2017,898.4,151.39,24.15,25567.2
Canada,Sorghum,2015,2035.28,23.6,28.64,10560.3
Argentina,Rice,2004,856.49,68.57,17.58,44175.7
Japan,Soybeans,2005,2968.44,9.54,23.27,10512.1
Canada,Sorghum,2000,437.16,33.81,14.62,20019.7
Indonesia,Sweet potatoes,1994,359.69,56.72,14.71,169928.7
Brazil,Plantains and others,2014,2133.42,8.22,30.87,29821.2
Mexico,Cassava,1995,2401.5,11.85,19.61,47236.3
United States,Yams,2017,1582.58,8.69,35.43,42663.3
Egypt,Plantains and others,1996,317.26,42.56,28.36,63320.2
Japan,Soybeans,2011,1933.53,22.2,32.68,13416.1
Mexico,Sorghum,1990,1756.27,85.39,34.67,5563.4
Canada,Sorghum,1991,2500.15,14.94,17.23,7696.6
Egypt,Potatoes,2017,1088.57,43.56,20.55,283213.0
Argentina,Wheat,2002,1186.24,56.03,27.31,23190.5
Germany,Plantains and others,1994,2198.76,21.7,24.52,38171.4
Germany,Yams,2004,1909.81,209.37,12.88,74843.9
Indonesia,Cassava,1994,1056.06,16.06,17.52,125305.2
Australia,Maize,1990,1675.67,35.95,36.32,21458.6
France,Sweet potatoes,2022,466.12,19.0,27.95,129278.5
India,Soybeans,2013,616.35,14.87,36.94,16359.1
India,Sweet potatoes,2008,2413.42,9.89,21.64,59036.6
India,Wheat,2017,2533.56,8.29,23.97,14687.3
Germany,Rice,2001,1257.25,7.43,37.1,25099.8
Australia,Cassava,2003,996.48,62.85,27.29,108782.1
Argentina,Cassava,1992,552.06,89.28,23.21,110364.0
France,Soybeans,2023,2536.61,9.09,31.46,10050.9
China,Maize,1991,1246.32,41.59,25.99,40670.4
Canada,Wheat,1990,2817.25,66.44,29.85,10178.8
South Africa,Soybeans,1997,1726.44,43.24,30.67,17276.8
Egypt,Sorghum,2020,2095.11,20.75,31.44,8964.2
Canada,Yams,1996,764.61,8.62,21.08,105583.1
China,Potatoes,1993,1857.78,6.81,22.25,121563.3
Canada,Cassava,1992,2779.39,115.36,22.41,57138.1
India,Soybeans,2015,1828.03,45.72,24.05,21875.0
Nigeria,Cassava,1999,803.17,12.76,24.2,114679.7
France,Wheat,2003,2182.94,8.96,19.55,15785.3
South Africa,Rice,2020,2215.04,143.36,26.0,37555.1
France,Sorghum,2011,1863.54,18.18,17.57,13958.4
South Africa,Potatoes,2011,370.76,12.99,21.49,194055.4
Canada,Sweet potatoes,2000,1596.53,42.02,25.86,129505.7
Canada,Plantains and others,1993,2029.3,6.3,30.89,31993.2
France,Soybeans,2017,748.2,37.87,13.64,17720.5
Egypt,Sweet potatoes,1998,1208.45,20.36,14.32,171091.2
Mexico,Plantains and others,1990,1397.79,67.34,16.05,81268.3
Argentina,Yams,2016,1185.94,116.99,14.8,115478.8
Indonesia,Sweet potatoes,2008,213.97,43.24,12.51,140432.6
France,Sweet potatoes,1993,1614.28,11.17,29.81,73068.7
Indonesia,Soybeans,2000,2917.77,27.5,17.04,9934.8
Australia,Plantains and others,2014,1092.15,36.1,28.54,99071.7
Brazil,Plantains and others,2006,2124.22,30.73,31.38,25602.5
China,Wheat,1995,923.91,21.56,19.14,34089.7
Nigeria,Soybeans,2000,2252.05,14.44,26.16,13426.2
Canada,Rice,2016,375.82,5.13,17.24,42105.9
Germany,Cassava,2010,994.51,5.37,14.09,109543.5
United States,Potatoes,2009,340.34,93.77,24.49,200560.8
China,Soybeans,2015,1012.6,26.25,14.74,24404.0
Japan,Yams,1992,586.29,69.84,29.09,71863.3
South Africa,Potatoes,2006,1363.69,69.38,18.94,148960.5
Argentina,Soybeans,1993,1675.18,11.16,24.74,22170.4
Indonesia,Cassava,2004,746.69,15.19,31.22,79363.3
Egypt,Cassava,2003,2524.12,7.66,28.56,43789.8
Germany,Sweet potatoes,2005,609.31,105.63,22.8,172327.5
Nigeria,Sorghum,1993,1895.32,65.46,20.79,15155.9
France,Maize,2023,2646.14,37.8,12.04,13791.4
China,Soybeans,2002,2810.22,29.39,14.75,7572.5
Egypt,Yams,2019,1883.99,36.99,21.08,115900.5
South Africa,Sweet potatoes,2005,2419.64,15.45,16.4,61344.8
Argentina,Soybeans,2014,2837.93,48.12,16.99,11578.2
Indonesia,Cassava,2014,1964.94,23.2,27.59,84944.9
Nigeria,Sorghum,1999,2121.07,7.59,36.54,4807.8
Japan,Cassava,2015,578.77,19.51,15.77,111311.6
Argentina,Rice,2009,344.32,10.61,34.32,24815.4
China,Wheat,2002,516.51,18.37,26.82,26390.7
Brazil,Potatoes,2004,1684.6,61.32,33.06,68191.2
India,Rice,1990,1841.06,9.6,26.69,32945.5
Egypt,Cassava,2000,2524.76,17.84,15.55,51840.3
Nigeria,Rice,1997,1283.55,90.48,23.23,50187.1
China,Rice,1990,2480.34,15.48,14.82,15099.0
Egypt,Cassava,1996,2439.42,18.28,35.59,25555.7
South Africa,Sweet potatoes,2014,287.54,16.87,32.28,70928.8
Egypt,Potatoes,2008,2224.38,47.54,14.64,129443.2
Nigeria,Maize,2017,2444.12,25.26,22.45,28100.1
Egypt,Cassava,2007,613.61,9.96,14.37,129291.6
Argentina,Plantains and others,2006,2464.34,30.9,34.76,18025.6
Indonesia,Sorghum,1992,1248.02,31.31,32.36,7827.2
South Africa,Plantains and others,2008,1954.74,9.35,29.54,43565.0
Brazil,Cassava,2007,2643.73,27.19,14.61,48061.5
Germany,Sweet potatoes,2015,1847.4,10.12,30.5,78882.8
South Africa,Yams,2000,1362.1,11.81,24.97,90403.6
Argentina,Plantains and others,2016,1891.16,18.0,37.19,29835.9
Australia,Cassava,2015,1097.28,6.33,28.95,103027.1
Mexico,Yams,2002,1472.26,36.05,34.85,41052.6
France,Sorghum,2010,1135.73,11.03,21.32,20458.6
France,Potatoes,1995,1759.54,77.2,15.68,133309.7
Egypt,Maize,1993,205.22,8.21,24.23,44732.1
Argentina,Sweet potatoes,2006,2466.45,12.92,37.62,24701.9
Indonesia,Yams,1993,1820.65,37.97,15.6,85754.6
Nigeria,Sorghum,1994,888.61,119.44,27.27,17606.9
China,Potatoes,1991,550.66,95.46,16.77,184758.6
Canada,Maize,2013,1453.72,17.35,21.86,49383.9
South Africa,Potatoes,2016,2937.44,89.96,24.62,74925.9
Nigeria,Potatoes,1995,2600.64,35.88,19.59,89970.0
Egypt,Rice,2020,915.3,38.93,13.66,38679.1
Indonesia,Cassava,2023,564.62,15.52,24.07,138933.1
Canada,Cassava,2005,1613.37,16.86,34.55,44828.0
Canada,Plantains and others,1996,1004.8,96.16,29.27,76063.1
Argentina,Soybeans,2022,2746.11,78.99,35.76,8029.1
China,Sorghum,2016,1149.02,27.1,27.31,16077.8
United States,Potatoes,2018,2637.76,15.82,19.47,107004.6
Canada,Wheat,2015,700.5,12.44,34.0,18536.5
Japan,Rice,2001,965.27,6.28,18.84,36921.5
India,Potatoes,2013,471.08,40.53,21.04,198439.4
United States,Potatoes,2015,2636.07,174.8,37.97,40502.2
Nigeria,Potatoes,2022,654.99,88.66,13.91,276292.0
Egypt,Sweet potatoes,2005,1391.98,130.83,25.99,169409.6
Brazil,Cassava,1995,2583.9,200.96,35.91,20422.2
India,Cassava,2004,2649.2,7.8,20.65,52335.9
Egypt,Soybeans,2018,1269.15,88.4,26.42,37719.4
Nigeria,Wheat,2006,734.43,49.09,19.91,45141.2
Indonesia,Soybeans,2021,1727.81,34.06,22.16,28125.2
Indonesia,Rice,1993,1662.23,9.32,23.93,42447.5
Nigeria,Potatoes,2000,1702.55,49.29,19.72,206186.1
Australia,Rice,2004,2457.57,50.76,27.1,27643.5
Indonesia,Sweet potatoes,2023,707.8,25.38,24.5,186343.6
Brazil,Soybeans,2001,2734.95,46.56,17.34,8196.9
India,Plantains and others,2004,1815.69,10.37,36.16,29679.3
Brazil,Rice,1990,2309.87,63.75,19.97,24932.0
Egypt,Sweet potatoes,1998,388.49,62.9,19.49,178475.0
Argentina,Plantains and others,2005,2980.34,33.16,15.89,39212.6
China,Cassava,2022,899.38,49.64,23.63,115536.3
Germany,Cassava,2009,2254.72,134.78,13.78,65954.7
Brazil,Soybeans,2010,2125.94,40.85,19.04,14294.3
Indonesia,Plantains and others,2007,635.09,21.9,29.28,68376.3
China,Potatoes,2008,1079.58,11.82,15.8,185441.2
Mexico,Soybeans,2018,290.57,60.38,19.21,22621.0
Germany,Cassava,2000,1749.96,10.83,19.99,96130.3
France,Sweet potatoes,2013,2045.49,34.86,30.84,59129.5
Australia,Sorghum,2023,2446.84,6.89,36.03,3656.5
Argentina,Maize,2007,896.44,29.52,37.32,28915.7
Australia,Cassava,2018,2666.98,6.31,37.39,18918.4
Japan,Yams,2012,1896.51,98.49,32.69,35406.9
Egypt,Sweet potatoes,2014,691.77,133.15,12.67,163942.7
Brazil,Wheat,1990,1468.13,45.93,19.76,26380.1
Nigeria,Sweet potatoes,2017,2028.46,166.36,19.79,136801.8
Mexico,Plantains and others,2023,2551.75,125.28,17.71,42013.6
United States,Sweet potatoes,2014,542.89,30.84,28.25,132726.0
Indonesia,Rice,2003,1954.89,6.48,16.06,33447.8
Mexico,Cassava,1995,947.74,9.93,22.66,91719.1
Germany,Plantains and others,2023,1977.26,29.47,31.02,40143.8
South Africa,Soybeans,2007,1919.1,13.66,17.48,16561.2
France,Wheat,2008,214.03,154.7,17.85,30520.1
Canada,Soybeans,1995,2594.33,38.53,26.18,10959.0
United States,Cassava,2011,1009.63,154.51,36.71,48183.3
Argentina,Sorghum,2013,1135.85,16.72,37.9,8241.9
Canada,Plantains and others,2004,2973.72,53.82,23.93,42435.7
Canada,Wheat,2013,2288.9,32.72,29.67,11420.0
Nigeria,Sorghum,2018,332.85,50.67,26.89,18499.9
Australia,Maize,2010,655.59,15.16,18.27,53859.5
United States,Soybeans,1995,403.73,57.62,12.9,16933.6
France,Maize,1993,644.77,35.99,26.05,47011.5
South Africa,Rice,2007,631.14,49.91,37.65,18008.2
China,Potatoes,1995,975.93,36.33,33.17,79058.7
Indonesia,Sweet potatoes,2005,1306.19,47.33,24.76,147267.5
China,Rice,2006,742.89,8.46,22.19,42365.8
Argentina,Cassava,1990,673.58,57.29,12.76,115681.7
India,Cassava,2015,752.82,12.91,22.51,138008.6
Nigeria,Plantains and others,1994,1348.97,82.37,28.31,62735.3
Mexico,Soybeans,1991,2111.38,59.52,37.03,6634.0
United States,Soybeans,2014,1816.02,79.77,17.34,19219.8
Mexico,Wheat,2001,2167.6,66.02,23.44,19054.3
Germany,Potatoes,2008,376.3,102.77,19.04,220275.2
Australia,Yams,1991,1152.51,69.83,29.07,77661.6
Canada,Maize,1993,2009.25,19.21,20.29,30521.8
Argentina,Potatoes,1992,1382.27,14.73,24.19,147872.8
France,Sweet potatoes,2015,855.59,31.79,27.4,136667.2
Indonesia,Soybeans,2016,1515.69,42.07,35.17,20538.4
China,Sorghum,2011,1133.61,63.09,26.66,16239.1
India,Yams,1990,804.44,23.33,22.59,100788.0
China,Sweet potatoes,2006,2632.71,26.61,37.1,21851.4
Indonesia,Soybeans,2019,414.34,50.08,19.45,34519.6
Brazil,Cassava,1993,1626.78,34.79,22.06,91405.6
Japan,Wheat,2003,396.43,25.92,15.41,29249.2
Argentina,Wheat,2003,1591.78,45.08,16.68,29556.9
Australia,Plantains and others,2000,2245.73,9.34,31.62,25513.8
Japan,Soybeans,2002,1171.11,62.46,26.9,27203.0
Australia,Rice,1997,1769.76,40.8,23.89,43754.1
Argentina,Wheat,2010,545.81,69.28,31.35,22194.8
Brazil,Maize,2005,720.33,8.51,12.0,27026.8
Canada,Yams,1996,1517.83,8.03,12.93,85416.6
Australia,Maize,1994,2488.78,32.67,19.29,19038.6
Brazil,Wheat,1995,439.61,11.39,27.34,22297.8
Brazil,Rice,1999,1831.31,8.63,31.25,26528.4
Canada,Maize,1990,486.16,18.53,28.35,42667.4
Mexico,Maize,2012,2719.99,23.79,35.57,12922.7
France,Sorghum,1996,1943.42,20.24,31.61,6587.3
India,Wheat,1997,1606.47,53.03,25.43,24370.7
China,Maize,2011,2882.57,14.13,25.8,19926.6
China,Sorghum,1996,314.3,26.24,32.12,7212.9
South Africa,Plantains and others,2003,597.23,6.52,34.05,32938.8
Brazil,Sorghum,1998,1408.39,108.58,17.77,19747.1
Australia,Maize,2014,1832.88,32.05,27.78,41992.9
Brazil,Cassava,2003,742.06,97.81,28.18,95066.7
France,Wheat,1990,301.03,45.45,30.56,18224.3
Germany,Plantains and others,2013,1321.95,73.74,14.38,101876.1
Japan,Wheat,2000,1120.76,92.96,12.24,27840.4
United States,Wheat,2008,1828.19,115.26,24.2,27113.5
Australia,Wheat,1993,2265.84,13.49,25.75,11194.9
Japan,Sorghum,2012,709.62,21.01,28.54,14719.1
Indonesia,Rice,2012,267.68,50.73,25.88,38068.2
India,Wheat,1996,994.87,61.65,32.56,12846.0
Canada,Soybeans,2004,2513.85,158.46,17.35,10643.7
China,Wheat,2018,1991.42,18.25,31.45,13342.0
Japan,Maize,1999,1062.8,195.38,16.62,41651.6
South Africa,Soybeans,2012,676.29,74.92,21.8,25211.0
United States,Rice,1993,1537.67,91.99,13.97,28030.8
India,Sweet potatoes,1997,433.78,34.2,36.63,63631.9
Argentina,Rice,2021,1425.86,19.69,13.18,34884.2
United States,Rice,1996,674.63,17.22,29.37,44414.4
India,Rice,1999,2810.16,20.45,25.28,18500.7
China,Potatoes,2008,2776.16,49.8,12.99,72637.1
Nigeria,Sorghum,2003,1248.91,12.45,32.68,8963.7
Japan,Yams,2009,971.71,24.8,31.99,50446.2
France,Cassava,2020,1337.97,9.73,30.41,82053.3
Japan,Yams,2009,1545.94,19.81,19.95,94798.9
Indonesia,Maize,2000,2442.75,11.49,31.16,19402.5
Japan,Sweet potatoes,2015,2232.28,13.9,12.54,68630.9
South Africa,Soybeans,1996,1356.72,67.84,19.5,20266.2
Egypt,Potatoes,1998,737.61,61.85,17.55,232840.9
United States,Cassava,2011,1261.88,45.47,14.8,134031.6
India,Sweet potatoes,2017,1592.36,26.35,30.47,89411.6
France,Soybeans,2008,2576.07,142.43,36.19,6777.3
India,Cassava,2014,848.14,35.68,18.58,140831.1
Germany,Maize,2011,1827.44,177.09,28.13,43507.3
Germany,Yams,1999,635.95,10.13,34.18,44886.4
Mexico,Plantains and others,2003,445.12,26.85,21.27,98419.7
Japan,Soybeans,2016,2638.42,102.83,17.62,11760.9
Japan,Cassava,2005,2581.0,27.03,20.49,43055.7
Japan,Rice,2002,1293.3,54.27,27.18,35083.2
India,Sorghum,2016,1460.82,8.9,28.09,15084.7
Egypt,Potatoes,2018,1818.27,61.82,26.39,184834.6
India,Cassava,2015,2167.42,18.82,23.84,77643.0
Japan,Rice,2015,1870.23,98.22,26.35,44034.0
France,Rice,2012,500.37,51.79,35.82,21816.0
Australia,Plantains and others,1994,2476.59,86.27,26.67,34241.3
Japan,Cassava,2004,873.37,18.4,14.24,120278.9
Brazil,Rice,2009,341.97,38.44,23.83,34894.6
Japan,Sorghum,1999,1941.59,16.73,19.36,12233.1
Japan,Sweet potatoes,2020,1439.82,74.48,32.64,67753.9
China,Cassava,2006,2534.26,31.22,15.93,47826.0
Germany,Wheat,1998,2877.47,63.08,18.93,16253.9
Australia,Cassava,2013,1438.17,69.31,17.47,144072.9
Nigeria,Rice,1990,2624.45,73.53,25.09,15638.3
Brazil,Soybeans,2006,538.91,155.45,26.97,28376.5
Australia,Soybeans,2008,2590.34,6.44,36.84,5926.6
South Africa,Soybeans,2011,577.65,71.95,23.02,27593.4
United States,Maize,1999,688.96,128.66,33.52,40140.4
Nigeria,Cassava,2011,2509.61,54.73,12.45,60675.1
South Africa,Potatoes,2001,2737.41,120.38,29.21,59010.7
United States,Soybeans,2015,1930.75,48.62,25.02,20537.1
China,Sorghum,2020,2475.6,5.11,35.81,3209.5
Indonesia,Sweet potatoes,2008,2999.43,15.64,15.48,72888.0
Argentina,Soybeans,2006,2692.54,180.05,25.38,10621.3
Mexico,Rice,2015,2070.34,46.81,29.75,33440.1
Japan,Wheat,2011,2164.38,26.35,27.01,15955.1
France,Maize,2001,1662.3,127.94,35.04,25173.5
Egypt,Rice,2003,2569.77,16.97,16.3,19133.4
Indonesia,Soybeans,2007,1776.96,35.63,34.76,17608.7
Japan,Potatoes,2005,1813.07,16.95,36.3,51468.7
China,Plantains and others,1997,1766.1,37.99,25.8,56773.5
Brazil,Plantains and others,2000,2317.67,43.15,30.25,25826.8
India,Wheat,1996,587.26,60.27,12.79,31234.2
Egypt,Wheat,1992,2686.8,115.67,32.44,7787.5
Australia,Cassava,2019,1507.8,16.68,35.35,63529.5
United States,Wheat,2016,2618.64,34.71,28.37,11963.8
Brazil,Soybeans,1990,673.09,95.9,25.87,23480.5
Australia,Cassava,1998,2047.31,20.66,35.31,26338.5
Australia,Soybeans,1991,1246.43,37.6,22.76,29707.3
India,Plantains and others,2014,456.15,46.52,37.95,37349.1
India,Potatoes,2015,1247.94,56.76,34.42,102718.4
South Africa,Plantains and others,2000,2776.7,143.18,27.25,31398.3
China,Soybeans,2013,1400.42,8.49,35.99,14224.1
Germany,Soybeans,2023,2914.07,41.8,19.53,11959.9
Germany,Maize,2000,1806.59,19.27,12.35,24454.2
Brazil,Cassava,2011,1774.64,39.89,37.65,36212.4
South Africa,Potatoes,1992,1912.81,110.72,34.36,55649.9
Argentina,Yams,2003,2925.57,61.44,32.44,21022.8
China,Sorghum,2004,2919.8,26.84,14.16,7019.0
United States,Yams,1991,210.2,30.02,18.5,87702.5
India,Cassava,2015,488.88,7.57,29.64,82072.5
South Africa,Cassava,2008,970.06,18.64,23.89,114958.7
China,Sweet potatoes,1999,2672.13,29.58,33.81,22206.3
France,Potatoes,1998,2913.23,9.81,36.78,28263.2
United States,Rice,2008,2221.64,109.16,37.68,16935.6
Argentina,Wheat,2017,239.43,39.99,19.45,35436.0
France,Wheat,2003,1198.47,58.1,29.18,25165.8
Japan,Rice,2006,437.27,78.94,30.84,31766.5
Japan,Sorghum,2018,1197.75,38.08,25.45,18329.1
Argentina,Wheat,2003,1953.87,162.12,30.45,15435.0
Canada,Potatoes,2008,1744.43,174.33,22.5,188861.1
United States,Soybeans,2007,2942.17,14.98,12.55,6978.8
Mexico,Cassava,1994,2599.66,5.2,29.08,28815.0
India,Yams,1999,2797.83,109.84,35.59,19756.1
United States,Soybeans,2017,2418.09,66.32,28.51,13035.0
Germany,Rice,2019,1396.5,25.24,33.83,39474.3
Argentina,Soybeans,1993,717.6,71.95,32.33,20639.2
Japan,Cassava,2006,1680.02,49.28,16.12,96656.3
France,Sorghum,2008,894.87,10.29,18.96,19432.8
Germany,Plantains and others,2015,2749.47,18.33,31.97,19451.1
France,Maize,1993,815.51,70.07,12.7,27881.3
Indonesia,Wheat,2017,1909.26,32.34,36.39,13953.9
Canada,Potatoes,1993,844.93,52.88,31.35,115729.3
South Africa,Rice,2023,1391.21,13.78,36.99,26853.7
Brazil,Maize,2016,1645.81,44.2,23.53,44090.1
South Africa,Yams,2005,2444.56,8.63,13.46,36954.9
Nigeria,Cassava,1994,2263.94,33.8,27.35,40571.0
United States,Cassava,1994,2973.51,53.29,15.98,55661.4
Japan,Cassava,1993,2515.39,204.09,17.28,41119.3
China,Wheat,2004,2527.06,13.98,20.46,12549.2
India,Plantains and others,2002,2598.16,79.01,35.75,18893.9
Germany,Plantains and others,2001,1695.33,30.49,37.56,32680.2
Argentina,Sorghum,2020,704.79,13.85,30.71,13636.4
Australia,Plantains and others,2008,418.78,62.4,16.47,98020.5
Argentina,Plantains and others,2003,2632.6,32.7,15.69,33804.1
Mexico,Yams,2010,2485.55,37.68,23.76,40029.4
Egypt,Yams,2003,584.75,69.85,28.45,86587.6
Germany,Cassava,2017,1141.72,105.16,12.35,118164.9
United States,Potatoes,2021,2669.04,5.14,21.42,88088.0
Canada,Soybeans,2007,2778.19,30.58,31.67,10406.8
Nigeria,Sorghum,2022,1133.69,12.14,15.56,25383.3
Mexico,Rice,2005,544.42,14.78,17.34,34512.9
India,Yams,2023,1833.88,10.36,16.01,94574.7
Indonesia,Sorghum,1991,1852.58,36.69,21.36,14949.9
South Africa,Wheat,2020,2296.8,32.43,28.47,12879.1
Germany,Rice,2015,1870.04,10.28,19.83,43867.6
France,Cassava,2020,2406.61,66.42,25.04,51600.8
Australia,Sorghum,2011,2102.72,35.17,30.64,7706.5
Germany,Maize,2012,445.52,13.84,21.32,47675.8
France,Potatoes,2016,1852.44,9.6,22.53,158399.3
Argentina,Soybeans,2000,878.17,11.07,24.08,27242.4
Indonesia,Potatoes,2015,2319.05,28.56,13.74,99154.5
India,Plantains and others,2017,1129.02,82.72,20.56,114216.6
Japan,Rice,1996,1664.07,13.37,28.01,35599.0
Germany,Cassava,2016,311.57,105.44,36.85,53959.2
Egypt,Yams,1994,797.81,48.52,18.73,103101.3
China,Wheat,2002,2470.38,16.23,20.25,14138.7
Indonesia,Sorghum,1993,535.36,48.12,18.68,19802.4
China,Cassava,1999,2849.8,39.48,30.95,24893.7
Germany,Sorghum,2013,1278.73,5.39,31.4,10214.8
United States,Sweet potatoes,2007,2434.75,21.76,37.63,32290.0
South Africa,Cassava,1995,822.44,19.42,35.39,41507.2
United States,Sweet potatoes,2010,1554.51,20.93,35.92,63145.1
Indonesia,Sorghum,2011,2417.85,75.49,19.48,11363.2
Argentina,Yams,1997,2613.28,41.78,28.15,32021.7
Indonesia,Cassava,2001,2099.19,8.35,14.19,76349.4
Germany,Plantains and others,1998,2766.92,39.73,15.8,30839.7
United States,Rice,2013,1646.41,11.29,17.47,47970.2
Canada,Rice,1995,2914.7,143.44,36.49,11741.9
France,Rice,2006,1620.07,10.61,25.89,47361.4
Australia,Cassava,2022,2479.41,74.3,21.59,67193.1
Argentina,Cassava,2020,2192.77,10.4,26.65,57253.0
Germany,Yams,2005,2014.88,23.25,14.84,68519.1
France,Wheat,1999,1354.42,8.29,30.19,18793.0
India,Sorghum,2020,565.25,23.12,22.55,22331.3
Nigeria,Plantains and others,2000,697.26,21.56,23.34,110122.9
Brazil,Wheat,2017,955.38,59.99,15.91,36869.0
Indonesia,Sweet potatoes,2022,1274.45,50.99,24.14,187813.0
Indonesia,Rice,2020,532.61,49.65,37.56,24576.4
Indonesia,Potatoes,2018,2146.3,29.24,31.54,80867.5
Argentina,Plantains and others,2003,569.14,151.5,18.05,87226.6
Argentina,Maize,2018,372.07,12.17,20.45,46090.4
Nigeria,Sorghum,2020,2938.0,33.31,31.47,4736.9
South Africa,Wheat,2011,438.94,14.0,22.02,34988.4
Brazil,Wheat,2021,681.16,20.62,19.38,39199.6
Nigeria,Maize,2011,2263.04,178.24,35.66,15951.4
South Africa,Maize,2003,283.77,112.97,25.9,41473.9
Germany,Plantains and others,2005,2301.51,44.3,36.33,16028.1
France,Cassava,2000,2588.56,7.74,23.46,44785.6
Germany,Soybeans,1999,2041.61,104.92,30.09,15306.9
Argentina,Yams,1996,1638.63,7.55,14.58,76187.2
Egypt,Potatoes,1993,2862.51,7.88,37.62,31249.3
Germany,Sorghum,1998,856.05,103.83,22.31,23834.3
Nigeria,Maize,1995,244.76,73.3,12.59,27430.6
Nigeria,Sorghum,1997,2475.12,24.02,35.52,3284.9
Argentina,Cassava,2002,1053.26,70.9,18.68,137198.6
Japan,Rice,1999,2199.39,14.32,35.34,18598.0
Indonesia,Plantains and others,2022,2266.11,25.97,15.13,45597.7
Argentina,Maize,2020,1459.78,120.67,15.22,40542.9
Mexico,Sorghum,2004,2072.36,50.14,12.81,11371.0
Australia,Sweet potatoes,2002,2838.78,77.64,37.63,30627.7
South Africa,Sorghum,1990,2083.31,86.12,27.23,7136.8
India,Plantains and others,2016,1558.4,133.32,26.22,81480.5
Argentina,Maize,2004,1298.09,18.22,35.68,35330.2
China,Wheat,1991,485.67,84.69,27.04,26549.1
South Africa,Potatoes,2023,1753.75,12.14,34.11,68784.1
South Africa,Rice,2017,967.9,84.23,33.66,39824.0
Nigeria,Yams,2006,532.33,107.37,33.1,49997.0
Mexico,Maize,2002,1722.41,79.39,20.56,39495.1
Canada,Sweet potatoes,1992,1916.06,163.88,36.19,42059.6
Canada,Sorghum,2016,2809.26,20.28,25.46,7645.4
India,Sweet potatoes,2010,973.6,78.88,20.76,166727.7
Argentina,Potatoes,2020,2545.14,39.8,32.97,46394.1
Germany,Maize,2003,253.1,13.86,29.01,36687.5
Australia,Yams,1996,2185.87,91.33,31.94,27325.2
Japan,Wheat,1993,1968.74,91.97,21.16,22277.4
South Africa,Rice,1996,835.42,77.41,17.53,36805.6
Germany,Sorghum,2021,2610.67,7.68,28.7,6761.5
Argentina,Yams,1996,2124.54,7.14,12.19,54473.8
Mexico,Sweet potatoes,2000,2939.88,56.75,18.0,68412.4
Brazil,Sweet potatoes,1998,2883.3,16.21,30.2,35990.6
Indonesia,Sweet potatoes,2011,2195.65,29.05,31.55,53478.2
Canada,Wheat,2015,660.44,102.13,19.91,41487.5
Germany,Maize,1991,2526.85,7.98,19.43,17597.7
Germany,Sweet potatoes,2022,236.72,81.19,15.6,168279.3
United States,Maize,2003,1860.59,18.6,21.56,35879.8
Nigeria,Yams,2003,1693.54,74.44,28.73,76726.4
France,Rice,1999,2635.8,209.41,20.13,21316.3
Nigeria,Cassava,1990,1981.5,89.41,18.83,95057.1
France,Soybeans,2011,559.76,64.29,12.91,20046.7
United States,Soybeans,2021,2054.44,94.73,16.31,18668.3
France,Sorghum,2016,830.56,33.34,24.95,19046.3
Nigeria,Plantains and others,2017,584.46,58.18,23.75,105246.4
Mexico,Yams,2006,1561.11,26.74,12.31,88900.5
Germany,Plantains and others,2022,830.44,63.29,26.85,113695.1
India,Yams,2016,1719.84,31.11,24.04,98038.0
Japan,Cassava,2012,2779.18,29.65,15.55,40989.3
Australia,Maize,2021,1047.78,96.21,37.01,29785.1
United States,Soybeans,2008,1386.94,19.54,24.31,29811.8
India,Rice,2007,2507.32,40.8,37.25,13006.9
Germany,Yams,2008,222.42,9.31,22.02,99838.3
South Africa,Maize,2010,2822.17,13.66,14.32,13653.3
India,Yams,2011,2446.08,43.06,18.26,53542.1
France,Plantains and others,1994,2975.44,202.98,33.52,12660.8
Argentina,Wheat,2000,2465.26,54.48,33.9,5945.6
Canada,Cassava,2009,648.69,91.98,22.43,149343.1
France,Soybeans,1994,1360.79,7.68,14.15,15472.1
India,Soybeans,1996,925.72,10.15,15.65,21706.0
Indonesia,Rice,2016,2169.84,52.89,16.48,35432.6
United States,Plantains and others,1997,296.1,103.22,23.02,93704.5
France,Sorghum,2016,429.57,26.42,16.61,20547.9
France,Sweet potatoes,1993,2210.63,52.38,24.63,66974.7
Mexico,Maize,1995,1132.67,41.17,32.82,35476.7
South Africa,Plantains and others,2019,777.68,98.14,22.93,93520.6
Mexico,Plantains and others,2020,797.54,62.86,17.52,105242.7
France,Sweet potatoes,2003,2331.18,81.68,15.45,61397.1
Canada,Maize,1997,1333.44,9.12,37.96,22795.0
China,Soybeans,2005,688.57,80.09,25.83,28993.5
South Africa,Yams,2005,1618.98,75.14,36.89,35305.3
Brazil,Potatoes,2010,501.95,47.13,31.74,105458.1
Mexico,Sorghum,2003,570.62,24.2,17.09,19612.0
Indonesia,Potatoes,2016,2085.47,25.75,34.35,55167.9
Canada,Sweet potatoes,2020,235.46,16.94,21.5,156498.2
Japan,Potatoes,2020,2351.52,9.1,31.16,49168.7
Germany,Soybeans,2008,1477.18,42.87,23.62,24247.4
Germany,Wheat,1995,565.05,110.93,23.18,33650.1
Japan,Rice,2003,1046.17,102.4,19.21,39086.4
India,Wheat,2007,677.27,14.14,31.37,21672.0
United States,Plantains and others,2006,926.29,33.58,25.32,90429.5
South Africa,Potatoes,2007,2807.52,47.22,13.48,70737.1
Japan,Sweet potatoes,1990,2692.02,9.88,20.99,47935.6
China,Sorghum,2013,1563.02,144.46,33.96,6718.4
France,Plantains and others,1993,516.94,41.62,25.29,73997.6
Germany,Wheat,1990,2503.69,75.15,16.2,13111.8
South Africa,Potatoes,1991,511.81,71.44,24.24,151513.9
Canada,Wheat,2008,870.33,148.57,26.59,35056.6
China,Sorghum,2021,645.69,9.47,33.65,8179.6
Brazil,Cassava,2009,1160.53,38.4,37.82,50764.7
Australia,Wheat,1991,1636.55,45.12,18.05,27688.3
Nigeria,Potatoes,1990,1131.21,20.9,33.84,74950.4
Nigeria,Wheat,2021,415.54,9.58,13.79,37881.8
Indonesia,Soybeans,2022,1220.99,7.72,31.68,24598.6
South Africa,Wheat,2009,482.18,17.2,21.67,31033.6
Germany,Yams,2014,577.6,22.82,32.07,58021.9
China,Potatoes,2011,1188.73,17.05,32.35,109818.8
Australia,Wheat,2022,2131.38,15.64,20.14,24816.5
Australia,Wheat,2017,1334.75,67.67,17.76,42309.3
Indonesia,Sweet potatoes,2016,1040.71,21.49,24.59,155750.5
Japan,Cassava,2013,2604.58,30.6,20.41,51088.0
Indonesia,Maize,2015,700.64,33.85,14.82,45852.0
Nigeria,Plantains and others,1994,806.87,18.08,20.67,100939.9
Mexico,Sorghum,2009,2907.28,11.36,22.0,7257.3
Nigeria,Yams,2006,1325.78,22.44,17.15,129852.2
Brazil,Sweet potatoes,2014,1088.72,19.85,28.48,117740.4
Brazil,Rice,1992,793.25,31.1,36.28,19029.6
China,Potatoes,1997,1375.62,62.02,32.18,87226.7
United States,Rice,2016,857.84,62.18,23.51,50555.2
Mexico,Maize,2010,2694.45,16.43,23.9,22244.6
Nigeria,Rice,2007,2599.6,67.63,13.74,16525.1
Australia,Cassava,2009,1256.73,39.16,15.68,150393.5
Germany,Sorghum,1993,1337.44,9.78,29.18,12612.6
Australia,Soybeans,2016,1465.61,13.96,24.31,29912.5
France,Soybeans,2005,995.53,33.45,32.35,24783.2
Indonesia,Wheat,2008,2248.51,11.35,32.83,8538.6
India,Yams,1999,1058.77,12.87,21.93,108461.3
Nigeria,Cassava,2014,1764.71,21.03,27.48,91886.1
Japan,Rice,1994,219.62,36.76,33.77,22836.0
India,Wheat,2002,1649.92,80.72,30.95,18133.0
Indonesia,Sorghum,2001,1550.54,33.44,29.73,15223.5
France,Soybeans,2021,1055.46,99.58,33.0,22510.4
Nigeria,Sorghum,2004,2971.98,45.73,25.16,7924.7
Japan,Plantains and others,2017,1142.44,19.13,24.57,90705.7
United States,Yams,2002,1109.93,8.86,14.93,104591.6
India,Sweet potatoes,2003,2613.87,84.99,36.68,29781.7
France,Wheat,2008,2704.05,82.67,14.62,14626.0
Australia,Yams,2002,2947.74,75.78,13.61,39000.5
China,Sorghum,2014,1467.02,18.32,16.96,19396.1
Indonesia,Soybeans,1999,1049.66,66.83,34.94,17347.7
Nigeria,Plantains and others,2016,2244.75,57.2,37.65,20446.3
France,Wheat,2011,2262.59,91.07,20.01,17087.4
Brazil,Wheat,2018,2550.37,63.13,29.77,11563.2
France,Sorghum,1994,256.2,180.97,15.69,16197.3
Germany,Cassava,1993,2790.73,10.03,37.57,20367.8
United States,Rice,2006,2316.45,19.78,23.3,30018.5
India,Sorghum,1993,2785.63,36.0,35.67,3403.0
Mexico,Cassava,1991,1112.45,25.41,25.01,99319.9
China,Rice,1995,2784.41,24.08,32.69,12897.8
Argentina,Soybeans,2011,2875.9,10.85,26.45,9413.3
Brazil,Soybeans,2008,1266.19,91.01,28.91,24280.0
Canada,Soybeans,1995,957.33,24.05,15.11,22513.0
Japan,Soybeans,1993,2884.64,34.17,36.3,5448.7
Indonesia,Maize,1991,1256.57,107.17,32.32,45386.5
Canada,Maize,2016,788.1,59.43,28.93,62359.8
France,Yams,2000,1220.54,18.07,17.09,93206.5
Australia,Maize,1992,1392.43,18.77,19.4,42630.5
Brazil,Maize,2005,1497.89,201.62,32.79,34635.2
India,Wheat,1996,1762.64,73.0,17.09,29567.1
Canada,Plantains and others,2005,2382.74,55.61,33.96,17734.1
Japan,Sorghum,2022,1398.8,7.53,22.48,17936.0
Canada,Sorghum,2005,814.82,59.01,17.19,23549.5
Australia,Cassava,2022,562.13,28.04,33.72,65561.0
Brazil,Soybeans,1991,2673.53,66.59,12.92,6487.8
Argentina,Potatoes,2022,2355.87,187.77,22.03,100254.8
Japan,Potatoes,2005,1044.14,18.91,18.67,185359.8
United States,Soybeans,1990,2364.22,7.51,23.53,12937.4
Indonesia,Plantains and others,1993,396.68,18.79,19.43,100630.3
Egypt,Soybeans,2007,2284.05,36.78,35.31,9040.0
Brazil,Maize,2004,2925.19,36.91,28.46,18281.6
China,Maize,2014,2668.79,90.09,35.26,12625.8
Indonesia,Sorghum,1991,229.31,33.56,37.31,7612.2
Argentina,Sorghum,1999,1354.07,221.75,35.05,9134.5
Argentina,Plantains and others,1994,1865.27,14.91,23.99,67022.7
Australia,Sweet potatoes,1993,1969.34,20.44,24.36,95589.2
Indonesia,Cassava,2017,363.68,39.83,30.98,84936.5
China,Wheat,2004,2943.95,6.77,30.3,8364.4
Canada,Sorghum,1993,2121.83,6.59,26.37,10406.2
Japan,Plantains and others,2011,440.16,96.8,34.19,35765.8
France,Sorghum,2004,1248.42,65.21,32.17,10126.9
Brazil,Sweet potatoes,2008,1806.17,37.6,21.36,114818.7
Germany,Sorghum,2010,2403.76,110.05,18.33,9874.4
Japan,Maize,1991,905.08,53.98,14.62,33542.5
India,Sweet potatoes,1997,2932.86,79.29,22.46,54369.1
South Africa,Maize,2010,654.08,67.97,19.03,49985.8
China,Sweet potatoes,2012,1154.84,40.07,22.5,159383.3
Argentina,Rice,1997,685.51,112.41,19.6,41809.5
Nigeria,Rice,2001,619.93,60.89,21.74,48224.9
Japan,Sweet potatoes,2011,2479.62,20.39,19.58,66331.9
Argentina,Potatoes,2002,853.29,7.44,13.49,181861.9
Australia,Plantains and others,1999,2975.44,142.34,36.87,17762.0
United States,Wheat,2014,2622.5,81.24,30.71,9561.0
India,Rice,2011,2211.44,179.41,14.26,29376.4
Mexico,Yams,2014,896.81,14.85,25.41,107500.0
Japan,Wheat,1995,542.46,135.95,27.29,25020.9
Japan,Rice,2015,217.75,17.68,19.76,30276.6
China,Potatoes,2007,1374.28,57.12,22.53,181002.6
Nigeria,Potatoes,2000,2271.33,6.56,15.81,82437.8
United States,Sorghum,2000,2406.08,56.5,31.67,4799.3
Japan,Rice,1991,1922.8,44.01,27.03,31149.9
India,Rice,1991,901.67,58.8,36.04,25558.6
France,Yams,1994,209.08,83.73,26.39,92469.1
Nigeria,Sorghum,2012,2109.61,109.22,31.76,7166.6
Australia,Soybeans,1993,233.2,56.42,15.44,20238.5
Egypt,Maize,2012,2455.09,93.59,14.22,19843.7
Canada,Maize,2000,1146.05,7.04,25.97,46914.9
Nigeria,Maize,2014,2560.52,28.11,15.3,20306.0
Indonesia,Plantains and others,2016,1431.07,8.41,17.79,119730.5
United States,Soybeans,2017,2965.21,36.37,24.2,13652.7
Mexico,Maize,2023,598.5,30.32,27.24,57787.5
Japan,Plantains and others,2004,2416.42,63.14,36.47,13795.8
United States,Rice,2005,322.14,117.62,17.67,31497.1
South Africa,Wheat,2022,2995.94,94.89,13.74,14439.1
China,Rice,2013,2392.39,206.55,33.72,19685.1
China,Sorghum,2001,2294.09,82.19,19.72,8520.3
Germany,Maize,2014,1433.13,24.9,30.58,41202.4
France,Sorghum,2005,2723.03,8.62,26.19,6904.8
Japan,Rice,1994,293.68,127.81,28.18,30906.0
Argentina,Sorghum,2022,2412.77,44.87,17.17,9999.8
Canada,Rice,2021,1607.46,26.45,13.18,37609.5
South Africa,Sweet potatoes,2013,2368.21,12.61,30.76,33765.4
Japan,Maize,2001,791.15,13.8,30.82,42598.8
Brazil,Yams,1998,1914.08,64.49,12.48,67187.6
China,Cassava,2005,1986.6,76.7,37.08,32262.4
Nigeria,Maize,2001,736.3,13.43,32.32,40743.1
Canada,Sweet potatoes,2009,1927.54,18.54,20.4,125476.5
Indonesia,Wheat,2010,240.88,33.68,18.05,38729.8
United States,Potatoes,1991,1745.55,7.7,19.39,169844.0
Indonesia,Sweet potatoes,1994,979.54,13.98,36.73,59853.2
Australia,Sorghum,2007,247.14,18.39,26.84,17337.0
Mexico,Potatoes,1998,286.34,155.88,30.59,92523.0
Nigeria,Wheat,2001,1973.37,193.68,18.07,29758.4
Argentina,Soybeans,1997,2885.11,9.5,25.81,9650.3
Australia,Sorghum,2001,1733.23,37.84,18.08,16606.8
South Africa,Rice,1994,1471.95,190.59,16.53,38283.6
Japan,Wheat,2006,2642.49,25.56,25.33,11068.7
Canada,Sweet potatoes,1992,1490.65,152.92,34.13,53853.9
Germany,Plantains and others,2022,2106.45,40.56,18.37,65684.3
France,Yams,1999,1263.23,16.27,35.24,38647.0
South Africa,Yams,2000,2947.1,29.06,24.7,34556.5
Germany,Yams,2007,1746.07,36.58,33.87,32380.4
Nigeria,Rice,1996,2959.8,52.38,17.05,18406.1
China,Potatoes,2013,2109.58,184.06,37.28,56503.8
Argentina,Sorghum,1998,1763.63,18.56,17.64,15221.7
Brazil,Potatoes,2009,1843.58,92.12,25.89,121537.8
Brazil,Sweet potatoes,2011,2982.2,40.81,24.83,66999.2
Indonesia,Soybeans,1999,2807.99,44.84,19.52,11774.7
Germany,Sweet potatoes,2014,419.25,44.58,14.89,161202.8
Nigeria,Maize,2019,2382.75,42.94,32.83,21155.4
Germany,Potatoes,2010,319.63,65.71,22.89,204544.1
Egypt,Soybeans,2017,709.1,26.95,28.36,34397.7
Germany,Cassava,2013,768.73,24.44,19.12,119397.5
Australia,Sweet potatoes,2022,1412.6,19.03,36.99,67384.9
Canada,Yams,2000,2599.2,19.77,19.28,55971.8
South Africa,Potatoes,2010,2104.32,9.43,35.37,43043.6
Australia,Soybeans,2004,856.82,42.1,14.33,23220.2
United States,Plantains and others,2005,2400.39,214.84,16.37,47258.8
Nigeria,Wheat,2003,1140.3,10.42,18.61,36646.6
Nigeria,Maize,2019,1567.15,71.48,22.29,59815.1
Canada,Plantains and others,2013,2096.1,39.07,16.24,67416.4
Mexico,Sweet potatoes,2021,435.11,69.3,25.58,161469.1
Australia,Yams,2010,2819.43,278.96,17.67,48907.9
Australia,Yams,1997,2863.68,144.86,13.57,45877.8
United States,Potatoes,2014,2648.49,15.53,26.77,88098.1
China,Sweet potatoes,2020,2937.18,22.99,30.57,38800.5
Japan,Rice,2000,897.36,8.02,18.51,37787.3
France,Maize,2004,1506.2,85.4,36.83,22046.9
China,Potatoes,1997,1237.37,84.67,15.79,184995.7
Canada,Cassava,2010,1092.4,46.56,33.03,58559.7
India,Wheat,1992,2576.1,110.08,27.59,12080.5
Brazil,Wheat,1996,1821.67,50.59,20.37,22908.0
Brazil,Potatoes,1996,2488.01,9.18,29.12,54063.3
United States,Sorghum,2020,1806.69,115.35,24.42,16209.4
Brazil,Sweet potatoes,2022,1574.0,46.74,36.08,63577.5
Mexico,Soybeans,2008,2270.76,83.28,24.18,12865.7
Japan,Yams,2002,1215.89,156.3,30.24,62137.2
Mexico,Potatoes,2019,2074.5,80.78,17.28,120967.2
Canada,Sweet potatoes,1999,2233.89,92.23,12.39,63080.1
Germany,Sorghum,1997,247.43,85.84,32.51,8960.8
China,Potatoes,2013,535.98,11.82,28.07,146276.5
South Africa,Rice,2008,2347.61,7.04,18.28,27524.2
Japan,Plantains and others,2008,1729.72,62.64,31.56,36951.9
United States,Plantains and others,1993,2097.49,28.75,15.12,44885.8
India,Rice,1993,2200.3,71.43,14.58,22329.0
China,Sweet potatoes,2015,1713.99,18.61,33.64,51064.7
United States,Plantains and others,2019,483.76,17.11,23.24,111855.1
Nigeria,Maize,1994,832.08,65.53,12.44,36132.7
Japan,Sorghum,2010,1883.78,9.76,25.92,12033.0
Nigeria,Maize,2009,1739.0,27.56,23.88,47481.5
Germany,Plantains and others,2004,323.54,53.52,12.32,73279.7
Japan,Yams,1993,1051.45,26.35,15.42,81354.6
Mexico,Sweet potatoes,2007,2662.26,10.59,27.35,55938.3
Germany,Rice,2003,1738.27,35.68,31.45,40771.2
Egypt,Plantains and others,2023,1602.72,11.97,27.8,81409.8
Mexico,Sweet potatoes,1991,376.29,79.82,27.67,121327.7
Germany,Sweet potatoes,2016,2619.8,48.5,33.81,31317.9
Mexico,Wheat,2021,1562.94,54.13,25.42,34878.9
Indonesia,Cassava,2013,780.43,41.67,34.21,63497.9
India,Soybeans,2003,713.77,12.22,36.57,14001.9
Mexico,Soybeans,1994,2019.82,40.17,27.4,17555.5
France,Potatoes,2013,2642.03,92.83,27.31,72245.3
Nigeria,Soybeans,2009,2332.63,21.14,34.6,8553.2
France,Potatoes,2023,2270.49,62.39,14.7,106316.6
India,Cassava,1996,1089.8,32.89,20.78,105293.7
Australia,Cassava,2005,653.63,26.25,31.26,70882.3
Indonesia,Cassava,2009,621.01,33.39,25.36,128428.1
France,Potatoes,2016,2264.84,40.85,16.84,104376.7
Canada,Wheat,1991,1648.61,11.28,24.9,25372.6
Mexico,Wheat,2005,663.66,19.92,18.07,34428.0
India,Plantains and others,2011,817.31,43.06,15.97,104414.6
Egypt,Potatoes,2000,434.27,38.35,13.9,154106.5
Mexico,Rice,2001,1572.12,40.14,36.21,19079.0
United States,Yams,2005,2461.76,32.99,24.97,40499.9
United States,Potatoes,2006,433.71,11.37,19.2,205418.6
Japan,Yams,1991,1605.55,98.46,12.55,71544.9
Brazil,Sorghum,2016,1789.31,121.79,33.65,6440.4
Mexico,Rice,1994,2236.78,43.03,26.73,30658.0
Indonesia,Sorghum,1997,2406.08,57.88,18.95,8817.9
China,Rice,2012,475.75,25.1,20.23,43618.0
South Africa,Cassava,2006,2278.29,110.19,29.08,43202.5
Mexico,Cassava,2014,422.13,53.66,21.67,128301.8
France,Cassava,2004,1468.58,37.77,22.86,101645.9
United States,Maize,1997,1146.51,52.4,15.06,40828.7
South Africa,Rice,2001,2226.37,154.07,37.75,14198.9
China,Yams,2000,726.86,7.95,24.91,102259.3
Germany,Cassava,1990,2937.16,19.19,15.43,45345.4
Brazil,Cassava,2009,2287.59,13.84,29.72,32661.9
South Africa,Plantains and others,1999,1070.16,43.01,33.41,34996.9
Australia,Maize,2000,1033.14,75.64,33.81,40521.0
Australia,Sorghum,1997,1823.93,16.12,14.88,12635.4
South Africa,Soybeans,1993,2589.09,84.83,16.1,8059.7
Germany,Plantains and others,1998,645.32,33.79,33.08,40608.3
Egypt,Cassava,1996,684.09,73.16,15.65,160064.1
Nigeria,Wheat,2003,1509.33,59.6,29.31,23716.9
Germany,Maize,2002,1675.09,57.64,30.78,38593.2
South Africa,Yams,2003,2289.14,7.99,29.12,32548.8
Australia,Yams,1999,1143.71,11.28,18.21,101055.3
Argentina,Sorghum,1997,815.41,18.13,36.02,8723.4
Mexico,Cassava,2016,1823.37,120.37,24.23,90936.9
France,Soybeans,2008,1674.21,19.77,22.19,24139.5
Canada,Cassava,2009,1304.77,43.26,18.0,128508.4
Japan,Sweet potatoes,1993,1512.74,39.35,36.22,49505.8
South Africa,Cassava,1995,1288.06,19.34,36.4,43952.0
Brazil,Rice,2006,2336.76,38.11,33.32,20286.1
France,Plantains and others,2021,976.59,10.13,35.58,43000.2
Argentina,Yams,2021,1364.06,25.8,21.97,119050.4
China,Plantains and others,2000,2335.52,46.74,12.51,33129.6
Egypt,Rice,1997,2018.64,90.99,28.69,42222.5
Brazil,Cassava,1996,710.79,7.63,12.19,92724.1
Nigeria,Sorghum,1991,2887.63,227.81,27.92,7156.9
Argentina,Potatoes,2017,1890.47,23.97,14.56,156155.7
India,Sorghum,1999,2064.59,37.21,30.08,8533.1
Germany,Rice,2009,2403.22,39.3,24.67,30698.5
United States,Cassava,2010,2136.97,32.7,25.76,60432.3
Germany,Yams,1994,1095.84,22.92,14.31,75181.6
Argentina,Rice,2000,613.43,61.94,28.33,42292.1
China,Sweet potatoes,1990,1900.0,14.98,20.64,86939.1
Indonesia,Sweet potatoes,2014,1700.46,36.64,13.22,148024.6
Nigeria,Plantains and others,2000,2402.08,49.19,35.64,18057.5
Japan,Soybeans,1991,1341.99,69.8,27.86,20636.2
Germany,Plantains and others,2004,2715.53,17.32,21.23,40305.8
Brazil,Soybeans,1999,2687.74,22.27,18.81,7460.6
India,Maize,2008,1649.51,90.61,32.83,33056.6
Germany,Yams,2006,434.28,26.52,36.91,38868.5
Egypt,Wheat,2006,2499.58,14.54,23.74,15655.4
India,Soybeans,2022,2264.31,8.04,32.73,10779.7
India,Yams,2000,1748.69,17.32,36.47,32190.8
Mexico,Plantains and others,1992,2699.73,23.69,21.4,35806.6
Nigeria,Yams,2002,389.18,27.45,14.25,96842.7
Mexico,Yams,2006,2393.79,70.92,29.89,27837.8
Germany,Plantains and others,2023,1473.21,9.65,23.37,87740.5
Canada,Maize,1999,1801.8,100.13,25.49,46807.7
Argentina,Yams,2003,2259.79,5.76,12.67,43432.0
South Africa,Yams,2010,427.65,65.81,26.38,78403.4
India,Plantains and others,1997,398.96,97.7,23.19,91587.1
Japan,Yams,2018,2980.35,43.76,33.53,19181.1
Nigeria,Soybeans,2002,2048.5,265.24,17.21,16592.4
United States,Sorghum,2010,2653.1,37.66,32.24,4179.9
Japan,Sweet potatoes,2020,1813.27,62.54,14.39,123311.0
Japan,Wheat,1991,789.11,234.27,32.35,15373.1
Nigeria,Sweet potatoes,2016,2405.44,41.88,37.45,34190.1
Japan,Sorghum,1993,2011.05,39.59,31.11,6230.8
Nigeria,Plantains and others,2008,1584.29,17.24,16.19,101058.5
South Africa,Plantains and others,2011,1189.72,35.77,27.55,71358.3
India,Sorghum,2007,2038.52,26.55,28.4,10455.3
Japan,Yams,2006,420.98,58.42,14.87,101328.8
China,Cassava,1996,2684.11,133.15,31.12,24865.6
Germany,Maize,1998,970.74,36.14,31.26,42563.8
Australia,Sweet potatoes,1997,2958.92,89.94,27.2,54755.6
France,Wheat,2020,2030.96,24.14,33.13,10771.2
Germany,Potatoes,1996,277.93,14.41,23.79,174452.8
Germany,Soybeans,2018,704.76,82.49,21.2,35108.4
China,Wheat,2009,750.49,53.44,35.81,12899.9
United States,Plantains and others,2000,2839.04,97.62,25.58,38519.2
Australia,Maize,2018,2816.13,49.44,32.31,21789.7
Canada,Potatoes,1991,1451.19,9.14,27.48,121220.1
South Africa,Sorghum,2020,1659.1,65.03,27.01,13648.0
India,Plantains and others,1997,1311.37,43.2,21.63,93872.2
Argentina,Cassava,2008,1260.41,18.58,15.89,131916.3
Germany,Potatoes,1990,402.97,39.35,28.78,136970.8
Argentina,Cassava,2020,949.15,81.0,22.69,131283.2
Australia,Rice,1993,2740.99,5.18,13.24,14032.8
Egypt,Cassava,1995,1004.11,18.15,36.0,54802.6
Germany,Soybeans,1991,235.34,8.84,20.05,20515.0
Indonesia,Soybeans,1993,2224.37,75.24,27.61,12708.5
India,Potatoes,2023,1037.4,16.01,33.2,99081.1
Australia,Plantains and others,2018,1010.15,58.72,37.5,45627.6
South Africa,Wheat,1993,2179.81,9.38,16.54,13794.4
South Africa,Maize,2008,2980.75,128.73,18.88,20390.3
Japan,Rice,2017,1199.79,34.13,19.17,43428.1
Germany,Cassava,1991,2718.4,12.74,23.08,42739.5
China,Rice,2008,2466.98,41.22,37.8,9655.9
China,Rice,1995,1751.94,27.32,22.67,35499.6
Canada,Plantains and others,2002,1692.7,98.0,28.29,67776.5
Australia,Maize,2014,2800.18,150.79,23.16,24226.8
France,Soybeans,2007,2348.26,42.57,14.25,8259.0
Germany,Plantains and others,2022,825.25,253.14,14.01,105016.6
Brazil,Sorghum,2011,1766.41,47.33,25.11,14637.2
Germany,Cassava,2012,532.1,20.89,31.6,69832.8
Japan,Plantains and others,1990,766.92,6.2,14.13,64126.9
Indonesia,Plantains and others,1990,816.1,47.07,36.76,41674.5
South Africa,Sorghum,2017,625.21,28.79,20.68,22507.4
Canada,Maize,2017,2468.89,13.39,26.76,24041.2
Australia,Potatoes,2023,1684.93,49.07,31.92,116544.4
Japan,Maize,2002,1880.48,6.69,21.79,30262.8
Nigeria,Soybeans,2011,753.34,96.72,26.99,33296.3
Argentina,Yams,1990,1155.1,74.5,14.4,100897.7
Indonesia,Cassava,2002,1210.36,68.26,19.42,125291.4
Mexico,Yams,2005,2780.2,34.2,19.45,50227.1
Australia,Yams,1992,1935.47,121.38,19.86,79920.9
Nigeria,Wheat,2005,955.32,15.86,34.74,17223.3
Egypt,Cassava,2003,2414.81,28.09,30.62,34643.7
Mexico,Plantains and others,1996,888.37,87.6,18.12,98221.0
Canada,Wheat,1992,2789.94,114.81,29.18,11090.7
Mexico,Maize,2001,1784.08,33.18,31.95,31380.7
South Africa,Rice,1994,732.41,103.12,14.3,29746.1
Indonesia,Yams,1993,2715.22,7.87,15.85,45612.9
France,Maize,2008,2901.94,66.68,32.03,17541.4
Canada,Plantains and others,2006,1394.88,92.25,17.47,106794.4
Japan,Potatoes,2011,2509.38,69.26,24.94,70047.9
China,Yams,1994,704.18,48.61,26.97,71955.3
China,Maize,2023,574.88,49.34,15.75,43748.3
Mexico,Yams,2004,580.94,96.54,32.07,51887.9
Argentina,Maize,2006,853.65,63.5,30.43,47998.3
Egypt,Potatoes,1995,1343.29,101.35,20.58,249980.8
Nigeria,Wheat,2009,644.85,18.22,13.49,38912.5
Egypt,Yams,1992,903.03,12.82,23.39,114925.5
United States,Maize,2021,1307.97,45.93,12.87,39418.0
Egypt,Maize,1992,758.07,35.2,36.35,29613.6
China,Yams,1992,2970.12,45.23,15.05,34421.5
Japan,Cassava,2008,2000.9,126.07,22.31,83927.0
Argentina,Sorghum,2008,813.01,11.04,13.47,17847.7
India,Maize,2017,1990.49,46.98,34.82,24091.1
Nigeria,Wheat,2009,944.63,24.41,17.67,50647.4
Brazil,Plantains and others,2009,2076.69,26.27,23.91,55785.1
Australia,Wheat,2006,2459.63,34.19,17.54,15177.5
Canada,Sorghum,1990,269.62,17.04,16.34,18739.7
India,Yams,2015,2903.88,27.05,29.02,36164.5
Egypt,Sorghum,2004,1761.28,72.33,19.32,17259.2
China,Soybeans,2006,250.08,27.24,17.16,22538.6
Germany,Potatoes,2010,637.68,37.76,26.01,181847.9
Germany,Sorghum,2013,2816.26,157.58,24.87,8844.4
United States,Rice,2008,1366.7,57.47,22.8,48066.9
Egypt,Sweet potatoes,2020,584.07,39.84,28.43,139024.5
Nigeria,Potatoes,2004,267.71,28.03,19.99,211373.5
Brazil,Potatoes,1995,1798.6,38.65,23.09,140747.8
Canada,Maize,2001,1041.44,56.27,21.87,58372.4
Mexico,Maize,2010,2423.77,16.8,33.74,15896.2
Nigeria,Wheat,1995,2219.43,25.55,23.79,15228.0
Nigeria,Cassava,2010,2734.21,44.2,28.98,41758.2
Argentina,Maize,2022,1375.84,45.96,24.15,58355.9
China,Wheat,2002,1193.11,57.88,31.7,17087.2
United States,Yams,1996,1706.83,51.42,13.48,83209.7
China,Potatoes,2006,1268.0,13.27,25.54,136728.2
Brazil,Cassava,2020,967.5,155.44,25.16,117748.3
Argentina,Sorghum,2004,1641.27,51.83,20.34,19596.6
Australia,Yams,1996,2129.56,38.93,32.31,28367.7
China,Plantains and others,2019,1128.87,9.55,15.89,104225.4
China,Yams,1994,571.84,54.0,30.11,60654.3
China,Yams,2005,2200.11,164.8,24.43,49467.0
India,Potatoes,2010,1618.0,168.91,28.87,154857.9
Indonesia,Potatoes,2001,2944.33,61.41,19.47,87629.6
China,Yams,2013,379.78,59.17,13.44,93744.6
Brazil,Plantains and others,1997,204.69,26.33,20.18,83395.0
Japan,Cassava,2007,1552.63,93.46,37.32,48541.6
Australia,Maize,1992,2610.26,15.83,29.95,19350.0
France,Rice,1994,857.01,51.7,15.62,35203.1
Nigeria,Sorghum,2023,628.61,184.14,23.63,25964.5
South Africa,Sorghum,1994,510.6,44.2,26.93,12899.7
Australia,Wheat,2012,2243.75,54.49,16.15,20029.9
France,Potatoes,2017,2071.25,12.02,16.49,113981.8
Australia,Rice,1993,1798.97,12.08,21.99,43191.5
Nigeria,Wheat,1991,1371.46,12.08,18.56,36602.4
China,Sorghum,2010,266.85,6.59,24.94,15942.1
Canada,Soybeans,2017,2475.11,36.53,32.36,11742.6
India,Plantains and others,2011,1909.04,138.22,28.8,58206.4
Argentina,Soybeans,2004,683.21,11.36,20.57,25335.6
Argentina,Sorghum,2010,2782.64,37.51,23.9,8760.1
Egypt,Yams,2008,2628.05,90.26,20.24,44364.5
Mexico,Yams,2003,1266.2,13.4,12.64,85979.1
India,Plantains and others,1997,433.86,21.97,21.42,86356.2
India,Yams,2022,2175.12,45.98,36.63,23136.1
Mexico,Sorghum,2013,2022.9,8.84,35.12,4671.0
Australia,Maize,1995,2171.89,11.99,31.58,21226.2
Indonesia,Rice,2017,1319.26,64.67,14.45,47097.1
United States,Sorghum,2019,1976.97,7.22,30.95,9864.5
Brazil,Maize,2017,1166.79,28.99,16.5,46266.7
Brazil,Plantains and others,2008,2357.21,172.01,15.82,37943.2
Brazil,Soybeans,1997,1850.81,5.07,27.75,15620.9
Egypt,Rice,2003,2129.1,9.62,12.77,25722.3
Nigeria,Wheat,1995,1518.73,120.54,35.76,14006.6
Nigeria,Maize,2010,1453.73,15.43,18.65,45961.5
Argentina,Wheat,2001,2200.61,193.8,12.68,17066.8
Mexico,Wheat,2003,2408.91,65.0,27.85,10712.6
Argentina,Rice,2019,390.54,24.49,17.66,39821.7
Canada,Maize,2009,762.66,94.18,32.06,50716.4
India,Cassava,2012,2952.64,56.98,31.21,31036.1
China,Maize,2011,2552.62,53.38,23.32,20638.8
France,Potatoes,1992,925.66,34.25,30.59,113161.8
South Africa,Soybeans,2015,372.38,91.31,29.8,21921.0
India,Soybeans,1992,2737.62,21.48,35.4,7072.4
Argentina,Wheat,2010,2539.56,163.92,19.37,13145.5
France,Plantains and others,2020,377.77,60.87,19.59,107001.8
Germany,Plantains and others,2018,2811.46,51.55,34.33,17062.5
France,Soybeans,2020,1573.03,10.17,16.0,17474.7
Mexico,Yams,2006,2604.11,33.13,34.65,18289.9
China,Cassava,2016,2128.64,77.26,33.66,28902.7
Indonesia,Soybeans,1994,219.3,66.83,21.32,25174.0
China,Rice,2007,1704.79,63.21,33.95,29372.1
Argentina,Rice,1996,2008.34,20.63,21.77,37808.3
China,Soybeans,2006,1389.74,104.52,19.05,22883.4
Argentina,Potatoes,2015,2223.01,190.08,25.08,107683.8
Brazil,Cassava,2014,634.71,18.18,13.41,115916.5
Mexico,Rice,2003,1748.28,70.96,24.4,44022.6
Argentina,Yams,1997,543.97,63.79,36.0,43073.5
Nigeria,Cassava,2015,1622.46,7.66,28.92,85770.5
United States,Potatoes,2022,1094.82,58.49,25.1,223938.1
Argentina,Wheat,2005,395.34,36.06,23.75,33132.5
Egypt,Sweet potatoes,1996,2394.21,63.17,28.89,43318.2
France,Maize,2020,2113.88,7.14,12.58,20161.2
Nigeria,Soybeans,2021,1652.34,53.91,14.16,23359.7
France,Sweet potatoes,2023,1796.18,40.19,23.41,131120.8
India,Rice,2014,387.31,14.03,25.68,44743.2
Indonesia,Yams,2017,1436.73,10.25,26.62,97020.1
India,Wheat,2008,516.18,40.23,21.96,34890.7
France,Soybeans,2023,1551.83,52.43,17.83,21824.7
Japan,Plantains and others,1991,2332.69,35.69,20.37,34536.8
Germany,Yams,1991,2890.7,18.26,35.62,14947.9
Egypt,Sweet potatoes,2004,2486.85,94.69,15.33,69133.8
South Africa,Potatoes,2003,337.05,120.68,31.35,104028.2
Egypt,Plantains and others,1998,207.86,141.19,18.98,103889.8
Mexico,Yams,1999,834.29,176.81,23.35,87204.9
Australia,Yams,1996,2396.99,48.01,24.07,37959.1
United States,Maize,2018,2636.06,24.83,36.75,11971.2
Egypt,Yams,2013,423.22,7.06,29.72,80495.8
United States,Sweet potatoes,2020,2545.44,31.89,37.71,32016.1
Argentina,Cassava,2003,1319.2,18.61,16.63,123450.6
Japan,Cassava,2021,934.26,11.74,19.63,118363.0
France,Yams,2003,2999.75,97.3,15.27,40904.7
Nigeria,Soybeans,2012,1352.13,11.62,35.1,18233.7
Argentina,Soybeans,2007,421.04,47.89,21.81,26790.0
China,Cassava,2012,1504.71,24.6,12.05,86791.4
Indonesia,Rice,2015,2941.36,99.25,22.96,25466.0
Brazil,Plantains and others,2001,2836.42,35.81,18.44,35867.9
Indonesia,Rice,2010,1142.75,79.25,22.1,63786.1
South Africa,Maize,2019,1962.7,46.08,23.55,35776.1
Egypt,Sorghum,1997,716.28,13.59,32.82,10242.6
Canada,Maize,1998,1263.24,39.45,32.84,39728.2
France,Cassava,2007,2060.16,27.59,29.93,50708.4
France,Sorghum,2017,1477.31,46.08,19.51,19179.3
Canada,Sorghum,2001,2501.92,6.1,18.83,7883.1
Germany,Cassava,2001,1761.77,22.96,23.7,93612.6
Germany,Sweet potatoes,2016,703.67,85.11,34.92,75566.1
France,Rice,1993,831.9,76.92,14.39,31571.5
France,Rice,2010,1866.89,43.66,19.77,46640.9
Nigeria,Cassava,1995,1556.14,11.27,35.26,45248.5
Brazil,Wheat,2011,1023.9,31.77,15.06,36155.7
Egypt,Soybeans,2009,2172.72,61.22,20.12,18796.9
South Africa,Cassava,2003,924.6,11.16,33.53,46711.8
Indonesia,Yams,2006,1794.86,50.42,29.51,73992.4
India,Yams,1997,2973.53,55.18,21.44,45973.6
Nigeria,Wheat,2004,2028.18,26.53,19.82,29644.6
Canada,Potatoes,2016,1468.21,113.67,17.28,237405.0
Brazil,Soybeans,2004,1077.54,46.19,13.1,16271.6
Mexico,Cassava,2007,1556.75,73.31,17.45,107074.5
Egypt,Sorghum,1999,1790.23,8.59,15.68,15477.9
Egypt,Sorghum,1992,385.23,19.14,30.72,12376.2
Australia,Sorghum,1993,694.46,38.52,36.37,8210.8
India,Rice,2006,2312.55,74.79,16.3,25690.4
Australia,Yams,1990,1555.27,6.66,37.12,35440.7
Egypt,Soybeans,1990,2683.91,22.82,36.74,6357.1
Nigeria,Sweet potatoes,2022,2823.6,71.12,29.93,60051.4
France,Potatoes,2006,2053.61,9.01,34.61,46256.6
Canada,Soybeans,1995,2320.66,33.41,30.64,10909.6
United States,Cassava,1990,1708.87,31.36,12.1,72906.9
France,Soybeans,2018,2830.1,59.76,18.73,11686.3
Brazil,Yams,2002,2815.56,151.7,23.2,36510.0
France,Potatoes,2010,2468.13,26.67,22.52,72310.5
Germany,Sorghum,1996,2188.5,57.87,14.95,11098.8
Brazil,Rice,1995,2583.6,19.68,25.99,19459.6
Japan,Soybeans,2008,1053.59,67.22,15.82,20476.4
Germany,Maize,2021,2208.28,35.1,34.3,20335.1
Australia,Rice,2015,2452.01,133.91,35.76,18298.1
United States,Potatoes,1997,1807.88,156.71,18.42,153076.1
Australia,Rice,2011,850.89,107.45,28.62,57939.1
India,Rice,2014,2745.41,6.97,12.19,10777.1
Argentina,Cassava,2020,1980.53,17.35,29.41,57212.2
Nigeria,Maize,2008,2132.73,88.82,24.02,30836.3
Egypt,Maize,1992,1577.78,6.95,31.37,34846.1
South Africa,Yams,2006,2181.56,29.5,23.55,56623.8
Japan,Rice,1990,642.42,89.13,27.69,32942.1
India,Potatoes,1999,1180.39,26.27,16.69,198166.9
China,Soybeans,2002,2781.16,7.79,24.8,9845.4
Indonesia,Rice,2006,1646.99,41.06,13.52,37713.8
Egypt,Cassava,2023,2831.19,5.92,26.05,56200.6
India,Cassava,2010,2836.7,10.12,29.8,32663.5
South Africa,Maize,2023,1480.93,6.47,36.19,26626.2
France,Rice,2008,254.47,24.41,25.3,29997.6
Germany,Potatoes,2012,2278.58,186.73,35.35,39973.7
Argentina,Sweet potatoes,1997,2957.52,50.71,34.06,24541.9
India,Sweet potatoes,2010,371.21,7.16,22.44,163186.9
United States,Maize,1990,2607.72,76.94,34.09,15550.0
Indonesia,Cassava,2009,842.37,5.87,33.45,56740.7
United States,Cassava,2003,2688.45,123.64,16.08,59324.7
Australia,Sweet potatoes,2023,2774.54,61.85,28.73,54404.4
China,Soybeans,2012,1604.0,42.46,17.62,20426.8
Argentina,Potatoes,2022,2261.91,171.75,18.36,114998.8
Nigeria,Wheat,2010,1907.94,78.8,26.15,27385.9
Mexico,Sorghum,1995,2961.69,64.26,37.36,3018.3
France,Maize,1992,1340.28,36.57,17.54,41200.1
United States,Wheat,1997,1323.03,11.14,12.45,31723.4
United States,Sweet potatoes,2022,1667.67,36.6,23.29,164359.0
South Africa,Wheat,2007,2241.15,55.22,22.57,15151.0
Brazil,Maize,2002,1152.98,43.92,24.54,41951.7
Brazil,Sorghum,2008,716.4,48.13,21.65,18411.0
Brazil,Rice,2007,1119.23,24.66,27.28,50901.2
China,Yams,1999,2443.29,16.38,36.91,13622.6
Indonesia,Sweet potatoes,2001,1596.45,24.1,33.41,62006.4
Indonesia,Rice,2016,2099.26,79.54,14.8,36862.4
South Africa,Sweet potatoes,1999,1831.45,18.44,33.44,44660.4
Egypt,Yams,2005,2449.83,35.38,29.0,36648.3
Egypt,Plantains and others,2020,941.2,122.81,14.13,129374.1
Canada,Potatoes,1997,2664.73,17.35,32.19,33592.0
India,Soybeans,1990,1866.95,21.32,14.15,12561.5
Germany,Cassava,2009,1855.27,112.36,27.18,82759.0
South Africa,Maize,1991,2958.8,36.55,12.95,11650.3
India,Sweet potatoes,2002,2853.24,14.61,36.06,25910.0
Canada,Cassava,2018,1038.66,75.74,28.55,107869.4
Argentina,Sorghum,1999,1059.34,16.29,31.94,9590.5
Nigeria,Cassava,2012,642.29,31.78,25.51,124329.8
Mexico,Soybeans,1994,848.81,131.42,18.98,25250.8
United States,Yams,2018,2573.88,11.83,36.28,22813.5
South Africa,Wheat,2001,1786.49,67.36,14.36,25001.0
South Africa,Plantains and others,1996,970.47,40.32,13.25,80905.6
Nigeria,Sorghum,2000,1253.1,18.69,32.35,9709.3
Nigeria,Cassava,2005,860.88,44.12,30.38,82957.0
South Africa,Cassava,2021,398.92,121.4,19.56,136114.8
China,Wheat,1996,1768.47,32.97,28.12,21149.6
Brazil,Soybeans,2004,2336.46,68.88,16.54,8218.6
Indonesia,Sweet potatoes,2003,1967.88,54.03,28.98,87986.3
Canada,Sweet potatoes,1992,1288.12,18.34,25.82,137243.7
Germany,Rice,2005,2348.16,5.46,29.27,27624.2
France,Sweet potatoes,1999,1408.13,14.94,18.8,162887.2
Argentina,Potatoes,2019,2774.09,36.78,25.98,76267.8
Egypt,Wheat,2003,1929.44,68.9,24.36,29517.4
Indonesia,Maize,2001,2313.45,29.91,29.42,19055.3
China,Sweet potatoes,2009,1301.55,36.04,23.99,118096.3
Japan,Wheat,2021,367.48,22.51,33.09,14390.2
Mexico,Cassava,2019,233.05,44.89,22.29,100123.0
Germany,Wheat,1998,953.03,62.48,13.23,28115.7
Egypt,Sorghum,2001,500.54,9.67,12.77,19556.0
Argentina,Sorghum,2003,2841.0,23.77,17.12,8909.7
Mexico,Sorghum,2010,814.63,17.86,29.85,14161.1
Nigeria,Plantains and others,2009,731.92,28.0,25.62,83875.2
China,Rice,1998,404.26,9.16,17.35,31374.7
United States,Cassava,2012,706.84,30.69,17.06,149538.7
Argentina,Sweet potatoes,2012,721.83,115.05,24.09,147632.8
China,Sweet potatoes,2021,317.79,20.46,21.53,142641.0
Indonesia,Potatoes,1997,328.32,47.67,36.7,89531.5
Egypt,Plantains and others,2017,2591.41,45.41,30.16,35028.8
Canada,Potatoes,2018,1160.16,102.05,33.14,98739.8
Argentina,Rice,1991,564.3,38.01,12.64,25165.0
France,Yams,2023,2505.41,137.93,14.89,52291.9
Indonesia,Sorghum,2012,1751.02,43.96,28.0,12633.5
South Africa,Sorghum,1992,1767.97,71.75,25.58,14562.3
Argentina,Cassava,2012,2304.25,172.27,19.2,66205.5
India,Yams,2022,2437.82,14.41,35.48,18119.7
Australia,Soybeans,1998,1729.38,6.3,12.13,11562.6
Nigeria,Potatoes,1996,1485.48,75.82,32.77,90863.6
Nigeria,Sorghum,2019,2012.86,23.63,26.32,12159.1
Indonesia,Yams,2019,2039.58,32.61,34.49,34929.5
South Africa,Plantains and others,2009,761.7,58.33,29.15,57987.1
United States,Maize,2017,1496.52,130.57,13.78,34900.9
India,Cassava,2006,2965.12,94.47,23.68,56432.5
France,Potatoes,1995,2370.86,31.63,37.55,33026.5
Australia,Plantains and others,2013,2131.69,9.73,19.67,54241.9
Australia,Maize,1992,2070.99,11.64,25.4,33147.1
Egypt,Wheat,2018,1972.45,60.14,29.28,22709.6
France,Sorghum,2000,2364.91,5.59,18.08,8041.7
Indonesia,Maize,2022,2333.66,67.35,31.77,20347.5
Argentina,Maize,1992,2502.43,52.36,15.79,15677.5
Indonesia,Rice,2000,1559.09,42.62,29.57,51963.3
India,Yams,1992,1093.7,104.01,25.84,89736.1
Australia,Potatoes,2011,1164.07,9.13,29.27,153145.5
Germany,Sorghum,2005,1299.28,131.05,23.21,18888.7
Australia,Rice,2006,1330.23,118.29,36.1,27888.2
United States,Soybeans,2008,336.59,42.53,29.6,23050.4
Japan,Maize,2012,982.81,10.73,23.18,53034.4
South Africa,Soybeans,1993,541.98,151.01,13.46,17852.7
Argentina,Sorghum,2006,1977.24,76.11,22.04,12844.8
Indonesia,Rice,2008,1178.62,91.56,27.43,49593.1
Argentina,Sorghum,2014,1567.9,92.45,15.26,17745.8
Nigeria,Soybeans,1990,202.65,61.31,34.35,17228.9
Mexico,Potatoes,2007,1661.05,66.17,22.24,143327.5
Brazil,Maize,2021,934.33,69.83,26.59,47107.0
Canada,Sweet potatoes,1993,2499.95,295.07,20.03,74120.8
Egypt,Sweet potatoes,2004,2022.61,8.16,35.92,48690.6
South Africa,Cassava,2004,535.3,64.52,22.41,116640.2
Brazil,Soybeans,2005,1057.69,44.87,22.66,27595.6
Brazil,Rice,2022,2974.36,112.13,18.89,20179.3
Argentina,Maize,2018,850.83,17.54,14.86,46054.1
China,Rice,2020,1761.38,66.71,35.51,26892.5
South Africa,Plantains and others,2005,410.18,36.72,19.19,96675.0
Egypt,Wheat,2008,1755.79,59.87,21.66,31499.1
France,Potatoes,2001,2097.94,20.22,30.25,77899.7
South Africa,Maize,2008,2248.33,22.44,16.44,18630.8
United States,Sweet potatoes,2017,520.38,97.25,36.61,74199.1
United States,Sorghum,2019,816.33,27.5,18.29,23678.6
India,Sweet potatoes,2015,2501.96,169.83,30.21,43012.2
Canada,Sweet potatoes,2011,2672.4,47.96,33.38,31467.2
India,Cassava,2015,2368.53,54.93,28.49,39439.0
Mexico,Soybeans,2006,2737.11,43.27,13.34,7250.0
Indonesia,Yams,2000,2714.62,69.98,21.66,43410.6
Australia,Plantains and others,2005,2981.0,107.18,12.43,38803.6
Canada,Plantains and others,2009,700.96,128.19,36.05,48032.6
United States,Yams,2004,2072.36,76.27,32.9,32720.1
China,Yams,2008,1486.46,19.64,22.33,82491.5
Argentina,Maize,2002,2449.73,37.32,17.72,15819.3
Brazil,Soybeans,2001,2354.71,40.21,15.13,7188.1
China,Potatoes,1996,2904.63,98.29,25.3,55064.5
France,Sorghum,2014,741.78,134.32,28.51,16451.8
Brazil,Wheat,2005,604.6,55.77,28.03,24607.8
Canada,Sweet potatoes,2007,2754.83,43.03,22.57,66782.5
Germany,Cassava,2013,1950.63,13.91,33.84,37650.7
China,Yams,1999,1469.57,20.64,14.82,76196.4
Brazil,Soybeans,1994,1002.04,66.83,25.87,22338.9
Mexico,Wheat,2002,2935.44,12.14,31.69,6778.4
Germany,Plantains and others,2001,2662.49,5.61,17.79,37575.1
Japan,Yams,1992,2733.12,24.52,26.37,27075.8
France,Maize,2003,2950.26,5.56,19.04,18841.7
Australia,Wheat,2011,437.66,135.04,14.05,35086.3
China,Sorghum,2008,2532.2,43.22,20.51,7319.6
China,Maize,2023,871.75,49.7,34.54,38550.3
United States,Yams,2007,1179.08,116.55,16.2,118421.2
India,Cassava,2016,2734.24,245.53,33.98,23504.1
France,Rice,2018,2869.97,85.92,16.6,17502.8
United States,Soybeans,1998,605.83,9.27,35.17,17069.6
South Africa,Sweet potatoes,1997,2076.25,44.25,20.92,74889.9
China,Rice,2012,2860.71,32.06,36.77,8793.7
France,Cassava,2023,1356.31,28.94,12.92,106887.0
Argentina,Cassava,1990,362.38,6.02,27.6,76462.5
China,Maize,2007,901.6,43.02,31.67,37107.9
France,Rice,1997,2486.01,12.28,23.68,22382.0
Indonesia,Cassava,2011,1140.92,52.38,21.91,141147.3
Nigeria,Rice,1992,2982.18,15.66,35.76,11646.7
Japan,Plantains and others,1998,283.94,35.68,27.32,63027.2
United States,Yams,1991,2876.51,96.03,20.39,43183.9
Nigeria,Wheat,2001,1842.97,55.6,38.0,12235.3
Nigeria,Rice,1993,1523.82,27.12,35.86,29992.7
Germany,Rice,2018,2445.67,21.6,23.52,29112.7
South Africa,Soybeans,2011,294.53,33.08,12.97,16199.9
Japan,Sweet potatoes,2005,1886.76,102.07,31.59,56006.9
Egypt,Rice,1996,290.09,94.65,27.49,40007.2
China,Potatoes,2000,261.54,23.37,35.38,67485.8
Argentina,Wheat,1991,1922.42,16.5,13.96,22576.9
United States,Sweet potatoes,1997,2790.87,119.99,21.97,64389.5
Australia,Wheat,1996,1969.94,50.57,32.35,12295.6
United States,Rice,2006,307.72,23.7,21.96,35876.7
Argentina,Potatoes,1991,2268.73,16.07,15.4,79480.8
Japan,Maize,2008,2244.55,15.84,32.62,18498.6
France,Wheat,2002,1657.4,103.48,29.55,21098.0
Nigeria,Potatoes,2010,2775.8,11.53,14.0,93489.4
France,Maize,2022,1256.94,27.08,14.0,32354.6
China,Rice,1991,2054.74,27.33,22.51,29868.9
China,Soybeans,2007,2664.98,28.34,14.9,7978.5
Germany,Rice,1999,2497.04,16.28,17.68,20288.9
France,Soybeans,2016,1939.64,15.39,28.77,19765.5
Indonesia,Rice,2012,589.47,18.9,35.59,28056.5
Egypt,Rice,2021,1345.41,33.95,18.73,64885.5
Germany,Wheat,2002,2301.49,64.11,33.56,6297.4
Argentina,Maize,2019,729.4,18.76,36.15,32280.5
Japan,Wheat,2021,1654.49,6.59,21.19,29783.7
Canada,Yams,1995,692.87,17.15,37.42,38968.2
Indonesia,Yams,2008,1885.14,5.02,18.14,98499.5
South Africa,Cassava,2003,421.0,38.98,19.56,118627.4
India,Yams,1996,1227.01,16.04,21.37,99590.7
Indonesia,Maize,2017,1671.72,34.94,24.45,53006.7
Mexico,Sorghum,1999,2218.43,22.25,30.46,5206.8
Australia,Potatoes,2005,2932.14,20.55,25.78,75065.1
Germany,Maize,2003,2221.01,5.89,18.97,23334.5
Japan,Maize,2020,2040.84,140.94,36.04,18541.6
Argentina,Cassava,2002,2533.19,9.53,12.06,46703.6
Australia,Plantains and others,2003,2331.76,51.91,29.22,27547.1
Canada,Rice,2020,1871.75,30.63,34.64,33451.7
South Africa,Maize,2020,2262.45,27.94,17.9,23763.3
France,Sorghum,2005,2777.66,54.39,12.79,7796.5
India,Sorghum,2012,1349.96,74.75,30.81,11518.2
Japan,Sweet potatoes,2016,975.98,25.92,12.26,115213.5
Japan,Sweet potatoes,2003,524.67,27.71,37.13,59049.6
France,Yams,1995,2782.97,52.57,20.12,38721.3
South Africa,Sorghum,2016,327.6,6.09,32.42,8766.1
Indonesia,Maize,2003,334.43,166.52,13.41,37776.6
United States,Sweet potatoes,2021,1608.3,111.2,29.58,111733.8
Japan,Potatoes,1991,401.96,106.85,25.18,165250.9
Argentina,Sweet potatoes,1999,2550.51,41.33,27.43,53230.7
Australia,Sweet potatoes,1991,2130.82,5.7,30.78,52694.2
South Africa,Plantains and others,2020,1175.45,23.54,31.36,56214.5
Canada,Wheat,2020,745.43,14.14,27.51,39781.0
Nigeria,Sweet potatoes,2014,1744.01,22.77,36.87,44141.4
South Africa,Rice,2019,331.84,36.01,31.9,30434.1
France,Potatoes,2000,223.79,34.66,26.35,153930.5
South Africa,Sweet potatoes,1990,1553.37,60.02,24.47,129418.0
Mexico,Yams,2021,367.03,9.43,29.78,67738.0
Mexico,Soybeans,2007,385.55,48.59,26.59,26164.2
Argentina,Potatoes,2000,2786.83,79.93,26.05,67290.8
Brazil,Wheat,2004,1342.9,26.64,25.14,28134.2
Canada,Soybeans,1996,906.87,31.49,14.86,23321.3
Brazil,Sweet potatoes,2012,2123.73,29.4,32.1,40688.6
Japan,Sweet potatoes,2009,1398.06,65.29,19.26,159464.0
Japan,Cassava,2011,508.53,5.65,14.59,121320.3
Nigeria,Cassava,2014,2309.3,149.05,19.42,64550.5
France,Rice,2014,1077.33,15.55,36.08,28447.7
Canada,Plantains and others,2013,2253.13,26.3,34.57,20556.6
Nigeria,Cassava,1994,662.96,111.74,36.03,54111.8
China,Sweet potatoes,1995,726.28,130.86,34.95,55042.5
Argentina,Plantains and others,2015,2243.56,94.98,16.96,53815.8
Indonesia,Sorghum,2020,1196.48,238.05,30.35,14532.2
South Africa,Soybeans,2002,619.74,20.9,12.17,18532.6
Egypt,Soybeans,2017,1366.1,70.37,23.03,33356.7
Egypt,Rice,1990,919.64,24.07,20.28,50476.5
Nigeria,Potatoes,1991,2250.46,36.18,18.19,96364.2
Nigeria,Cassava,2012,2576.0,29.28,14.11,55892.2
United States,Wheat,2009,544.18,149.73,13.96,43740.1
Nigeria,Potatoes,2016,1012.58,21.61,21.86,209204.3
South Africa,Sorghum,2015,295.49,76.62,33.53,7981.6
Nigeria,Sorghum,1992,601.14,67.67,15.71,21597.8
India,Plantains and others,1996,229.19,10.71,26.92,56618.6
Japan,Plantains and others,2003,1743.67,7.59,29.52,39552.7
Australia,Soybeans,2011,2591.64,6.93,35.02,6505.9
Argentina,Cassava,1991,1751.22,10.27,34.11,34945.2
Canada,Potatoes,2023,1637.5,127.06,32.19,113649.1
Mexico,Soybeans,2002,402.92,19.17,35.26,14685.1
Indonesia,Wheat,2013,2129.07,81.92,16.76,25126.0
Argentina,Plantains and others,2009,2987.17,97.89,21.46,41516.9
China,Rice,2007,2277.78,14.32,16.91,24875.4
Nigeria,Wheat,2008,2051.19,57.66,19.75,28812.5
Germany,Maize,1999,2727.09,42.32,28.1,19172.6
France,Wheat,2003,2688.22,60.98,34.77,5746.9
Argentina,Soybeans,2021,2127.93,34.44,25.01,17367.7
Mexico,Sorghum,2007,1640.49,24.57,37.39,7205.0
Japan,Soybeans,2015,2797.32,43.98,34.06,8010.6
France,Wheat,2023,1980.13,139.48,14.16,24446.0
Australia,Wheat,2019,329.0,78.94,25.68,34737.6
Egypt,Rice,2010,1554.73,28.7,26.73,55644.6
Nigeria,Yams,2010,2627.66,52.83,14.73,47843.0
United States,Cassava,2020,1162.8,29.78,20.62,137000.6
Nigeria,Plantains and others,1992,1533.47,12.84,14.53,86163.1
Nigeria,Potatoes,2012,2609.55,128.51,29.15,69686.1
Australia,Wheat,2020,577.16,74.2,27.91,31425.7
China,Soybeans,2021,1081.42,58.39,13.12,17361.6
United States,Plantains and others,2020,465.84,63.89,34.64,47375.6
United States,Cassava,2007,2848.15,22.52,29.82,36981.2
Nigeria,Cassava,2014,1540.16,143.06,35.79,60506.6
Argentina,Yams,1993,474.05,30.29,28.67,69206.5
Australia,Sorghum,1999,762.57,31.07,34.14,9847.6
France,Potatoes,1992,538.7,137.78,24.31,178187.4
Canada,Rice,1996,1939.96,8.89,14.01,32145.8
United States,Rice,2003,920.64,9.51,30.34,38332.6
Nigeria,Wheat,2010,1774.51,121.42,25.27,29478.8
Egypt,Rice,2020,2958.3,44.45,30.46,21472.1
Indonesia,Plantains and others,2006,1167.19,82.28,27.4,97129.7
Argentina,Plantains and others,2009,1946.61,128.39,18.51,79253.5
France,Plantains and others,1992,778.01,24.62,29.0,64401.2
Nigeria,Soybeans,2001,1473.67,47.63,34.02,21368.6
India,Sorghum,2022,1006.91,24.15,28.28,17002.2
Japan,Yams,2019,344.69,91.34,34.6,40901.7
Canada,Potatoes,2009,335.45,95.68,28.12,173707.9
Argentina,Rice,2015,1548.25,123.26,12.79,35384.7
Mexico,Sweet potatoes,2002,2287.92,29.95,25.71,53200.7
France,Maize,1993,2949.09,27.55,27.88,19342.6
Canada,Wheat,2023,2146.35,42.21,35.8,8947.7
China,Sweet potatoes,2014,766.26,78.74,20.38,163948.3
France,Soybeans,1994,718.12,56.48,34.78,16439.0
China,Soybeans,2021,2735.26,49.94,27.21,11016.7
India,Sorghum,2016,2727.69,75.26,17.71,8747.5
Canada,Plantains and others,2002,2411.94,14.61,18.83,36041.9
France,Wheat,2008,690.23,104.44,19.87,39686.4
Egypt,Plantains and others,2010,1769.31,184.27,35.43,38324.7
China,Sweet potatoes,1994,1565.34,33.51,22.41,134016.3
Germany,Wheat,2017,430.57,35.9,23.22,35597.5
Canada,Plantains and others,2014,1363.21,70.04,14.26,99066.9
Egypt,Potatoes,1996,2062.11,49.7,27.35,105735.3
Mexico,Sorghum,2010,2358.22,37.37,15.79,8267.7
Egypt,Plantains and others,2010,1156.0,37.17,25.82,107421.2
Germany,Sorghum,1997,2842.64,31.99,27.89,5157.9
Argentina,Sorghum,2014,883.51,57.83,25.97,20728.1
Australia,Maize,2009,2679.91,12.97,32.95,18020.3
Mexico,Sweet potatoes,1990,1814.69,45.12,35.32,44871.2
Australia,Cassava,2015,689.57,87.19,27.97,129646.5
Mexico,Wheat,1996,735.22,41.57,33.1,13594.8
Indonesia,Plantains and others,2020,2887.65,6.64,33.95,21103.4
Argentina,Yams,2008,2824.04,89.58,20.16,51398.4
Australia,Wheat,2005,1468.32,7.13,34.34,13269.4
South Africa,Maize,2017,1546.34,35.52,16.7,42066.0
United States,Sweet potatoes,2012,884.37,59.99,21.89,185142.8
South Africa,Soybeans,2011,1692.07,13.6,23.56,18900.6
Japan,Sweet potatoes,2022,1623.61,28.39,36.58,51453.5
Canada,Sorghum,2010,929.65,24.5,20.22,22133.5
India,Maize,1995,1374.68,37.37,21.12,51214.5
United States,Rice,2018,1589.84,83.67,25.42,49698.6
India,Potatoes,2012,1983.27,41.61,31.88,78564.7
China,Cassava,2017,1179.52,28.26,12.39,109027.6
Germany,Yams,2020,701.8,38.29,27.52,90031.2
Indonesia,Potatoes,2023,1391.2,29.16,32.4,117671.1
Germany,Maize,2008,2936.49,11.61,23.76,19174.9
Indonesia,Plantains and others,2003,1950.92,97.54,17.95,75009.1
India,Soybeans,2022,552.83,42.45,14.85,21401.5
Mexico,Sweet potatoes,1995,2053.41,47.85,29.57,56924.7
Germany,Potatoes,1992,1268.57,65.6,31.37,109728.3
Japan,Maize,2000,1311.28,38.54,14.58,28593.0
Brazil,Cassava,2017,1863.97,23.41,16.89,79540.2
Canada,Maize,2020,2567.22,11.8,12.08,14648.2
Australia,Cassava,1995,2567.38,35.32,30.27,32623.8
South Africa,Wheat,2014,1957.18,48.84,20.98,26615.5
Australia,Soybeans,2000,2062.42,35.68,29.31,13354.8
Egypt,Cassava,1996,2914.8,45.88,20.65,58066.1
Nigeria,Cassava,2001,2128.52,15.13,36.31,34270.4
Indonesia,Soybeans,2018,2113.93,55.15,18.45,16267.4
France,Wheat,2017,2715.15,30.81,37.63,5941.5
Canada,Cassava,2022,2469.63,25.1,25.43,45898.9
France,Soybeans,1997,1386.02,32.76,19.03,24832.2
Egypt,Maize,1994,1695.25,79.97,30.42,38336.7
Indonesia,Cassava,2007,2881.69,6.35,20.96,56354.6
South Africa,Soybeans,2003,325.7,125.25,35.37,14860.3
Nigeria,Maize,1996,2168.57,35.99,23.94,30310.0
United States,Wheat,2004,509.01,79.15,32.67,14884.4
Canada,Sweet potatoes,2011,291.44,48.32,22.12,165053.7
China,Wheat,2001,873.92,9.07,25.01,24977.9
Mexico,Sorghum,2019,605.07,62.74,16.15,23572.0
Indonesia,Cassava,2022,1458.03,127.45,28.86,110317.4
Brazil,Sorghum,2018,206.28,43.76,13.78,15811.1
China,Wheat,2023,605.17,6.9,20.04,30365.6
Japan,Yams,1994,2969.52,26.05,28.02,32099.7
India,Yams,2006,224.7,6.41,13.04,95900.5
Indonesia,Plantains and others,2021,2460.18,55.57,38.0,21194.7
Brazil,Cassava,2017,289.34,16.47,35.78,46205.6
Japan,Potatoes,2001,707.93,80.46,25.51,178056.1
Germany,Cassava,1992,1620.85,50.31,37.47,42423.3
Japan,Wheat,2009,1776.32,65.97,15.25,25069.9
South Africa,Soybeans,2014,2874.67,29.15,36.85,6058.5
Germany,Cassava,1990,1873.5,29.75,15.09,69664.1
United States,Cassava,2001,2424.67,9.19,30.5,28725.6
India,Maize,2007,2464.96,10.65,37.34,10452.6
France,Sweet potatoes,2022,1839.19,47.83,12.26,126183.6
Australia,Sweet potatoes,1997,2998.54,11.8,13.02,53457.1
Egypt,Maize,2000,1234.59,119.53,33.6,48166.0
India,Plantains and others,2012,2576.79,130.6,33.35,18409.4
Canada,Potatoes,2004,559.74,48.53,34.36,98601.0
Nigeria,Wheat,1999,2079.66,86.69,21.92,24781.6
South Africa,Potatoes,2013,1990.96,23.7,25.94,125530.5
Brazil,Maize,2006,2959.51,135.14,30.8,16966.8
Egypt,Yams,2022,2105.46,90.97,13.54,76451.1
Egypt,Sorghum,2019,2940.08,166.98,28.13,8791.3
Canada,Maize,1995,728.04,94.09,28.19,49673.5
Argentina,Yams,2016,600.96,15.56,33.91,46975.9
China,Potatoes,1998,2094.77,46.17,37.48,50653.7
United States,Maize,2018,2238.08,73.68,32.54,23329.7
Australia,Cassava,2002,2427.83,43.13,23.83,54300.2
Mexico,Cassava,2003,2588.73,216.61,16.38,58379.3
Australia,Sorghum,2015,1174.53,83.93,24.81,21452.7
Indonesia,Potatoes,2007,2602.86,26.06,24.94,74669.4
France,Yams,2010,351.46,145.93,26.04,90164.1
South Africa,Potatoes,2001,709.08,121.91,32.47,92028.4
Argentina,Rice,2010,238.15,14.94,15.12,32339.1
Mexico,Plantains and others,2017,821.47,13.89,15.89,107765.7
India,Soybeans,1999,2553.77,18.57,13.05,6702.1
India,Plantains and others,1993,1591.37,28.55,29.1,52831.8
Japan,Yams,2003,2177.71,29.39,17.47,50596.0
Brazil,Rice,1997,2024.81,128.54,27.95,34877.7
China,Wheat,1991,435.8,19.23,23.34,27795.9
Indonesia,Soybeans,1997,1913.01,46.61,26.54,22491.6
United States,Yams,1995,807.76,82.49,18.08,113265.7
India,Maize,2007,2694.43,27.45,32.95,13837.1
Brazil,Wheat,2003,2030.35,63.49,28.28,15579.0
Germany,Plantains and others,2002,2350.92,164.75,37.4,17380.0
Australia,Rice,2017,564.92,83.03,32.41,37194.0
United States,Sweet potatoes,2004,2992.38,201.92,20.21,70415.2
Australia,Maize,1998,1561.35,173.15,32.15,42229.0
Canada,Wheat,2020,832.33,19.65,21.66,41345.7
Germany,Rice,2003,1200.27,53.47,12.13,29189.8
Brazil,Cassava,2010,1266.71,104.51,24.91,119896.2
China,Soybeans,2000,2146.43,10.86,30.1,9781.9
France,Wheat,2002,2578.92,35.86,22.63,13314.4
Mexico,Sweet potatoes,1993,1726.02,36.48,28.63,80187.4
China,Soybeans,2021,1927.25,79.07,13.85,12790.2
Japan,Potatoes,2014,2331.77,54.62,17.01,74116.4
Brazil,Yams,2019,1621.69,27.93,28.57,72233.2
Mexico,Potatoes,2012,318.98,33.67,17.2,198130.3
Japan,Sweet potatoes,1998,1484.24,18.39,17.72,127176.1
India,Sorghum,2005,1395.28,14.58,24.07,19074.5
France,Rice,2002,1259.7,118.94,23.37,53282.5
Japan,Wheat,2007,550.24,55.48,30.8,20780.8
United States,Yams,2020,1978.33,25.07,19.78,78983.3
Egypt,Cassava,2023,243.44,64.04,26.74,137512.3
Indonesia,Wheat,2020,788.54,53.7,22.32,45226.0
South Africa,Plantains and others,1992,369.64,141.26,22.85,72152.9
Brazil,Plantains and others,2022,727.93,80.26,25.56,81525.3
South Africa,Cassava,2018,1285.2,17.54,27.56,98430.6
Egypt,Potatoes,2008,2267.13,15.77,22.58,85545.0
South Africa,Soybeans,1997,1114.87,42.39,34.49,17044.5
Canada,Sweet potatoes,1994,1735.42,149.42,20.3,131628.7
Mexico,Potatoes,1999,1322.0,33.79,16.46,208227.4
Germany,Sweet potatoes,2012,2127.74,85.24,21.05,88225.3
Germany,Plantains and others,2016,2881.53,24.51,29.28,31080.4
Canada,Potatoes,2008,283.83,28.66,14.51,205363.0
China,Yams,1993,1343.64,23.92,27.88,66623.2
China,Cassava,2014,2802.17,132.12,15.37,56055.0
Argentina,Wheat,1995,1749.19,11.5,20.75,26507.6
Germany,Rice,1999,938.21,52.79,33.51,37002.1
Nigeria,Sweet potatoes,2012,576.47,36.77,22.75,168721.5
Egypt,Plantains and others,2018,545.9,44.0,28.47,96207.6
Canada,Sweet potatoes,2005,2671.15,43.16,27.19,52352.5
Mexico,Wheat,2013,1054.27,20.0,36.9,14839.6
Argentina,Potatoes,2021,628.91,54.33,15.99,215969.7
Egypt,Rice,2018,2859.21,37.23,23.71,25784.9
Australia,Wheat,2014,217.22,28.07,14.29,31542.9
China,Potatoes,1992,1562.49,124.29,37.0,68617.8
Nigeria,Rice,1994,2737.49,15.12,18.01,17024.1
Mexico,Soybeans,2010,1986.41,87.88,13.08,11796.2
India,Sorghum,2006,1276.9,228.0,24.1,21220.9
United States,Potatoes,1997,2327.15,162.85,37.92,33295.8
Brazil,Sorghum,2017,2416.91,7.45,16.38,7850.4
Brazil,Potatoes,2011,1608.68,29.46,12.34,148797.6
India,Sorghum,1996,1197.23,45.25,13.32,18075.7
Germany,Rice,2020,2067.09,212.64,25.86,42071.3
Mexico,Soybeans,1992,2630.6,10.99,25.29,9474.8
Canada,Sorghum,2001,264.66,7.85,35.26,7003.5
Brazil,Sorghum,2023,1481.12,20.48,16.41,19257.8
Nigeria,Rice,1998,278.0,36.83,32.78,27664.4
China,Sorghum,2000,1485.48,23.84,22.79,16741.2
France,Wheat,2017,1134.62,16.03,22.41,33607.0
China,Sorghum,2023,2831.17,39.83,34.84,3642.7
Australia,Potatoes,2001,478.64,10.56,30.66,121705.7
Japan,Plantains and others,2021,2500.18,46.51,28.23,33627.1
Egypt,Sweet potatoes,2021,869.59,74.45,13.85,200334.8
Japan,Sorghum,2003,2349.45,76.25,28.03,5968.2
China,Plantains and others,1996,1110.77,6.07,14.23,82013.5
South Africa,Potatoes,1995,1404.69,41.9,21.0,169160.6
Canada,Maize,2004,504.38,35.44,16.41,53118.8
France,Potatoes,2008,2267.96,49.64,14.12,76730.0
South Africa,Potatoes,2019,2834.6,177.31,37.05,39085.4
Mexico,Yams,1999,1798.66,54.29,32.83,33155.3
Japan,Wheat,2020,1423.49,154.67,13.57,38291.9
Mexico,Soybeans,2004,954.9,18.33,33.51,18911.9
Germany,Soybeans,2022,1432.76,35.04,25.35,30118.4
China,Wheat,2020,1607.93,35.98,29.18,24569.1
Egypt,Wheat,2019,1284.61,79.09,29.8,33354.7
Germany,Sweet potatoes,2000,2862.0,49.3,30.54,41269.5
Indonesia,Cassava,2006,2733.62,45.97,16.88,63941.7
Canada,Potatoes,2000,1255.29,24.41,16.68,193705.1
Mexico,Plantains and others,2023,1901.96,34.01,17.02,71194.9
Canada,Soybeans,2017,1860.84,19.04,18.04,18943.7
Brazil,Plantains and others,2000,1949.26,51.52,31.21,34111.8
United States,Cassava,2016,2583.96,5.26,26.96,53654.9
Canada,Plantains and others,2016,1514.06,37.21,22.16,104566.5
India,Sweet potatoes,1998,2585.0,64.82,28.66,46312.1
United States,Rice,2023,2121.39,68.04,37.91,19715.2
China,Potatoes,2000,712.69,7.1,21.09,196700.5
Nigeria,Cassava,2000,2787.8,161.46,19.44,64799.9
Germany,Wheat,1991,1224.01,35.81,30.87,15773.0
United States,Rice,1998,511.84,32.18,32.98,37927.1
Mexico,Plantains and others,2009,1848.77,27.42,22.01,73944.2
Argentina,Yams,2001,1973.76,36.99,13.65,69508.5
Australia,Potatoes,2020,1140.01,26.92,18.36,237662.2
Canada,Yams,2013,784.98,18.04,16.1,131359.5
Japan,Sweet potatoes,2004,1749.06,76.31,24.8,112972.1
Egypt,Sorghum,2014,869.46,5.59,24.54,23359.3
South Africa,Maize,1994,320.8,80.02,26.6,38919.6
Brazil,Cassava,1990,2337.61,9.08,21.45,44444.9
Japan,Wheat,1998,2340.91,5.36,33.55,4382.6
France,Wheat,2001,263.29,18.42,28.82,20821.3
Brazil,Rice,2019,353.49,63.45,19.09,35798.6
Canada,Yams,2014,1496.05,5.39,27.65,82296.7
Indonesia,Plantains and others,2001,572.94,132.28,34.22,46113.3
India,Potatoes,2005,2608.95,8.24,25.22,72560.0
Australia,Sorghum,1999,1370.04,10.45,31.33,11375.0
Indonesia,Cassava,2015,1829.37,44.81,14.08,132826.9
Brazil,Maize,2009,2898.59,44.39,18.91,21351.3
Canada,Sorghum,2000,2726.79,149.0,28.77,6696.8
Egypt,Sorghum,2011,1738.18,24.16,31.42,10639.3
France,Cassava,2006,1978.41,69.43,32.04,44561.9
Australia,Cassava,1997,306.66,31.36,20.91,104733.7
India,Sweet potatoes,2004,1460.46,107.63,14.11,146842.8
France,Potatoes,2014,1092.52,61.02,14.72,215956.3
Argentina,Rice,1994,2073.39,42.83,17.06,29720.2
Brazil,Plantains and others,1993,1491.48,154.89,17.25,72890.0
Brazil,Maize,1994,953.26,22.3,28.92,37376.8
Argentina,Maize,1996,1844.79,38.93,27.41,34981.2
Indonesia,Cassava,2020,1524.22,10.87,29.67,81074.0
Japan,Maize,1997,921.75,103.24,23.36,49288.4
Canada,Rice,2000,1129.99,23.13,22.67,53400.0
France,Cassava,2004,243.76,46.63,36.81,45541.1
India,Wheat,2013,364.49,19.74,35.39,12515.8
United States,Soybeans,2020,1034.88,158.31,19.72,34952.2
Argentina,Sorghum,1996,1266.59,50.31,14.76,19628.5
France,Soybeans,2014,2728.64,48.86,22.82,11568.6
Brazil,Sweet potatoes,1991,1376.1,34.92,25.4,99618.5
Indonesia,Sorghum,2008,2384.91,52.72,22.84,10751.3
United States,Sorghum,1999,1864.5,12.71,22.35,17606.0
Brazil,Sweet potatoes,1991,2037.88,28.89,13.39,72433.5
Argentina,Sweet potatoes,1995,334.67,15.04,26.47,130048.8
United States,Maize,2003,574.74,142.71,33.69,43659.9
Brazil,Plantains and others,2007,1218.99,19.31,22.65,86828.5
India,Plantains and others,2020,397.48,49.63,31.5,55133.0
Australia,Yams,1998,2700.14,29.93,23.08,38044.8
Mexico,Rice,2017,2540.85,92.48,24.4,24882.9
Canada,Wheat,1992,1063.68,216.94,36.02,15387.3
Nigeria,Wheat,2020,1830.76,63.55,18.66,35574.4
Australia,Sorghum,1999,2925.92,26.09,29.76,5049.8
Japan,Sorghum,2018,942.94,53.68,37.91,9111.4
France,Cassava,2013,2706.83,35.54,14.84,48758.2
South Africa,Maize,2008,2557.79,31.18,15.32,15018.5
Canada,Sweet potatoes,2003,1439.94,35.13,34.84,64608.6
Nigeria,Wheat,2006,1276.41,75.46,29.94,28852.4
Argentina,Sweet potatoes,2020,2914.77,33.42,17.17,78541.0
Germany,Sweet potatoes,2004,1091.69,14.65,19.47,155626.7
Brazil,Yams,2006,591.49,151.11,37.03,40413.9
Japan,Sweet potatoes,1994,2828.89,19.85,14.7,53492.5
Nigeria,Maize,2023,1172.88,15.95,33.78,44849.9
United States,Wheat,2005,2860.13,8.57,31.94,7021.4
Australia,Rice,1996,2941.29,116.37,28.29,15906.7
Argentina,Sweet potatoes,2017,2409.35,42.24,30.25,47946.2
France,Sweet potatoes,2016,2192.97,57.23,14.5,88748.2
Egypt,Plantains and others,2019,1493.47,28.47,33.38,47216.1
Nigeria,Rice,2020,2186.19,10.54,25.46,43345.2
Australia,Sorghum,2012,2798.52,41.13,26.66,8695.9
South Africa,Potatoes,1994,910.0,173.33,32.05,89891.2
Japan,Yams,2020,1410.05,8.83,12.35,83147.7
United States,Wheat,2007,1028.03,15.0,26.93,30833.7
China,Wheat,2009,2677.24,64.61,34.17,6544.7
France,Rice,2005,2938.91,15.46,25.74,20860.6
South Africa,Rice,2010,1894.47,229.5,16.75,33821.9
Egypt,Sweet potatoes,2000,1496.55,15.38,22.4,146331.1
Canada,Sorghum,1996,267.35,40.98,13.91,14988.8
India,Cassava,2012,2113.84,11.9,34.98,27469.8
India,Maize,2013,299.48,21.85,15.91,33102.9
